MEDIA_ID,MEDIA_NAME,CNT,TIME(2015/11/20 17:24:30.239),TIMETICK(f=3117255),FPOGX,FPOGY,FPOGS,FPOGD,FPOGID,FPOGV,BPOGX,BPOGY,BPOGV,CX,CY,CS,USER,LPCX,LPCY,LPD,LPS,LPV,RPCX,RPCY,RPD,RPS,RPV,
0,Game,3627,59.58142,24681410147,0.51313,0.32433,59.31873,0.26270,180,1,0.51736,0.22609,1,0.61797,0.54297,0,,0.22677,0.66133,19.73146,1.09817,1,0.58084,0.66871,16.35632,1.08792,1,
0,Game,3646,59.89380,24682383608,0.47097,0.32711,59.59814,0.29565,181,1,0.52061,0.33890,1,0.61797,0.54297,0,,0.23004,0.67553,20.65458,1.05167,1,0.58456,0.68898,17.37859,1.04756,1,
0,Game,3675,60.37012,24683868429,0.64300,0.40538,60.10718,0.26294,182,1,0.57148,0.40919,1,0.61797,0.54297,0,,0.23612,0.68979,21.41473,1.03854,1,0.59125,0.70011,17.77988,1.03971,1,
0,Game,3697,60.73157,24684995105,0.51274,0.39560,60.38660,0.34497,183,1,0.49711,0.47422,1,0.61797,0.54297,0,,0.22835,0.69143,20.77323,1.02213,1,0.58388,0.69816,17.84218,1.01803,1,
0,Game,3717,61.05994,24686018910,0.49112,0.41131,60.74805,0.31189,184,1,0.81789,0.41741,1,0.61797,0.54297,0,,0.23827,0.68933,20.41377,1.04015,1,0.59361,0.69921,17.70110,1.04132,1,
0,Game,3733,61.32275,24686838248,0.85246,0.58213,61.12598,0.19678,185,1,0.82778,0.48515,1,0.61797,0.54297,0,,0.23856,0.68706,20.93367,1.03385,1,0.59487,0.69631,18.53168,1.02975,1,
0,Game,3752,61.63501,24687811712,0.72470,0.39605,61.38855,0.24646,186,1,0.68669,0.30464,1,0.61797,0.54297,0,,0.24346,0.65775,19.71924,1.08308,1,0.60022,0.66942,18.32601,1.07898,1,
0,Game,3773,61.98010,24688887098,0.63880,0.34532,61.65161,0.32849,187,1,0.59401,0.38655,1,0.61797,0.54297,0,,0.23286,0.64883,20.76240,1.02828,1,0.59061,0.65615,17.87230,1.02945,1,
0,Game,3788,62.22632,24689654619,0.53347,0.30432,61.99646,0.22986,188,1,0.45462,0.30760,1,0.61797,0.54297,0,,0.22638,0.64963,21.38787,1.09803,1,0.58338,0.65189,17.81895,1.09392,1,
0,Game,3806,62.52234,24690577436,0.51518,0.36362,62.24292,0.27942,189,1,0.85680,0.41805,1,0.61797,0.54297,0,,0.24267,0.65196,21.39591,1.04987,1,0.59825,0.66041,18.99012,1.05685,1,
0,Game,3824,62.81750,24691497775,0.74390,0.44796,62.58789,0.22961,190,1,0.66473,0.37012,1,0.61875,0.54297,0,,0.23595,0.65243,21.16789,1.04674,1,0.59338,0.65940,18.99348,1.04792,1,
0,Game,3842,63.11340,24692419948,0.55110,0.29908,62.88354,0.22986,191,1,0.51132,0.23817,1,0.61875,0.54297,0,,0.22580,0.65550,19.28845,1.11546,1,0.58259,0.65760,17.37068,1.11136,1,
0,Game,3860,63.40881,24693341110,0.46526,0.28070,63.12976,0.27905,192,1,0.43476,0.28275,1,0.61875,0.54297,0,,0.20702,0.66137,19.44997,1.03326,1,0.56416,0.65808,17.71432,1.02945,1,
0,Game,3875,63.65588,24694111301,0.49007,0.33357,63.42578,0.23010,193,1,0.87474,0.42161,1,0.61875,0.54297,0,,0.21667,0.66658,19.41785,1.03584,1,0.57234,0.66661,19.15750,1.03174,1,
0,Game,3896,64.00037,24695184957,0.85174,0.43221,63.72131,0.27905,194,1,0.74410,0.47365,1,0.61875,0.54297,0,,0.21116,0.66963,20.70450,1.03584,1,0.56931,0.66797,18.55145,1.03174,1,
0,Game,3914,64.29626,24696107343,0.69190,0.42471,64.01685,0.27942,195,1,0.67731,0.41723,1,0.61875,0.54297,0,,0.20657,0.67462,20.75398,1.05905,1,0.56540,0.67095,18.62844,1.05524,1,
0,Game,3930,64.55908,24696926790,0.57413,0.40337,64.31262,0.24646,196,1,0.52847,0.36253,1,0.61875,0.54297,0,,0.20348,0.67510,20.54323,1.08777,1,0.56245,0.67096,18.57861,1.08894,1,
0,Game,3946,64.82239,24697747526,0.58913,0.44241,64.57544,0.24695,197,1,0.91193,0.46096,1,0.61875,0.54297,0,,0.22315,0.67065,19.82048,1.04030,1,0.58119,0.67169,19.32190,1.03649,1,
0,Game,3970,65.21594,24698974303,0.84971,0.46433,64.88745,0.32849,198,1,0.75950,0.31460,1,0.61875,0.54297,0,,0.22938,0.65659,20.93627,1.05407,1,0.58755,0.66068,19.37068,1.04997,1,
0,Game,3988,65.51184,24699896677,0.62375,0.28047,65.28186,0.22998,199,1,0.58451,0.24924,1,0.61875,0.54297,0,,0.21551,0.65394,19.15525,1.00249,1,0.57416,0.65530,16.96975,0.99868,1,
0,Game,4005,65.79114,24700767196,0.53468,0.28773,65.52820,0.26294,200,1,0.46229,0.27677,1,0.61875,0.54297,0,,0.21683,0.64238,19.90532,1.04997,1,0.57450,0.64889,16.94203,1.05168,1,
0,Game,4023,66.08679,24701689058,0.49977,0.28372,65.80750,0.27930,201,1,0.78650,0.42699,1,0.61875,0.54297,0,,0.23663,0.64949,19.23211,1.00948,1,0.59269,0.66558,18.00831,0.99922,1,
0,Game,4043,66.41516,24702712600,0.85266,0.46044,66.15259,0.26257,202,1,0.86061,0.52085,1,0.61875,0.54297,0,,0.23769,0.66136,20.71850,1.00929,1,0.59595,0.67573,19.22885,1.00021,1,
0,Game,4067,66.80957,24703942026,0.68884,0.46421,66.53027,0.27930,203,1,0.62384,0.48394,1,0.61875,0.54297,0,,0.21837,0.67444,21.85520,1.04323,1,0.57793,0.67856,19.02682,1.04440,1,
0,Game,4087,67.13806,24704965935,0.60735,0.48458,66.82629,0.31177,204,1,0.84762,0.44862,1,0.61875,0.54297,0,,0.23301,0.67848,21.35121,1.01832,1,0.59109,0.68623,19.69542,1.00923,1,
0,Game,4104,67.41711,24705835940,0.79153,0.55057,67.20398,0.21313,205,1,0.78175,0.52148,1,0.61875,0.54297,0,,0.23302,0.67878,20.59393,1.00748,1,0.59195,0.68516,19.38676,1.00367,1,
0,Game,4120,67.68042,24706656614,0.79247,0.48136,67.43384,0.24658,206,1,0.82328,0.48739,1,0.61875,0.54297,0,,0.23430,0.67833,19.81916,1.02799,1,0.59275,0.68495,19.30990,1.02418,1,
0,Game,4137,67.95959,24707526783,0.75296,0.43939,67.69666,0.26294,207,1,0.68885,0.43105,1,0.61875,0.54297,0,,0.22428,0.68138,20.45650,1.02781,1,0.58405,0.68341,18.40513,1.03937,1,
0,Game,4153,68.22278,24708347118,0.61735,0.42280,67.97559,0.24719,208,1,0.57209,0.42188,1,0.61875,0.54297,0,,0.21635,0.68228,20.13679,1.05759,1,0.57666,0.68208,17.86199,1.04733,1,
0,Game,4170,68.50183,24709217037,0.45895,0.46609,68.23889,0.26294,209,1,0.41929,0.45495,1,0.61875,0.54297,0,,0.21489,0.68453,20.26013,1.02330,1,0.57532,0.68507,19.25533,1.02447,1,
0,Game,4177,68.61658,24709574720,0.57444,0.47821,68.51782,0.09875,210,1,0.89670,0.42052,1,0.61875,0.54297,0,,0.23048,0.68301,19.95098,1.03297,1,0.58903,0.68633,18.66790,1.03414,1,
0,Game,4200,68.99451,24710752983,0.84938,0.45338,68.68213,0.31238,211,1,0.82405,0.49348,1,0.61875,0.54297,0,,0.22996,0.68208,20.24285,1.01562,1,0.58990,0.68539,18.60309,1.00654,1,
0,Game,4216,69.25830,24711575134,0.71750,0.47559,69.01074,0.24756,212,1,0.64765,0.49777,1,0.61875,0.54297,0,,0.22065,0.68427,20.04139,1.03326,1,0.58103,0.68511,17.81149,1.02418,1,
0,Game,4235,69.57092,24712549760,0.58364,0.51454,69.27380,0.29712,213,1,0.51723,0.50621,1,0.61875,0.54297,0,,0.21219,0.68725,19.94600,1.08220,1,0.57236,0.68334,18.04718,1.07810,1,
0,Game,4258,69.94702,24713722103,0.47096,0.52045,69.58606,0.36096,214,1,0.39158,0.51040,1,0.61875,0.54297,0,,0.20859,0.68900,19.51344,1.04909,1,0.56911,0.68217,17.57587,1.04000,1,
0,Game,4271,70.16052,24714387631,0.65189,0.49617,69.96362,0.19690,215,1,0.81485,0.42778,1,0.61875,0.54297,0,,0.22401,0.68322,18.88695,1.03297,1,0.58323,0.68009,16.46099,1.02887,1,
0,Game,4292,70.50549,24715463004,0.71413,0.44718,70.17725,0.32825,216,1,0.65828,0.45565,1,0.61875,0.54297,0,,0.22100,0.68117,20.42274,0.98878,1,0.58116,0.67762,17.46649,0.98497,1,
0,Game,4312,70.83447,24716488750,0.60181,0.44772,70.52222,0.31226,217,1,0.53148,0.42052,1,0.61875,0.54297,0,,0.21737,0.68200,21.53844,1.05670,1,0.57714,0.67920,18.75831,1.04645,1,
0,Game,4326,71.06396,24717204007,0.67441,0.46779,70.85083,0.21313,218,1,0.90314,0.43032,1,0.61875,0.54297,0,,0.22497,0.68224,20.63932,1.04547,1,0.58425,0.68112,17.22725,1.05122,1,
0,Game,4353,71.50769,24718587258,0.83149,0.47570,71.13000,0.37769,219,1,0.85223,0.45351,1,0.61875,0.54297,0,,0.23009,0.68351,21.05780,1.03438,1,0.58948,0.68516,19.17838,1.03058,1,
0,Game,4373,71.83643,24719611837,0.68705,0.32587,71.62292,0.21350,220,1,0.61828,0.28073,1,0.61875,0.54297,0,,0.22288,0.67972,18.70161,1.06374,1,0.58231,0.67939,17.89022,1.05964,1,
0,Game,4393,72.16492,24720636088,0.55782,0.25303,71.85339,0.31152,221,1,0.50024,0.26793,1,0.61875,0.54297,0,,0.21763,0.68286,18.38284,1.07956,1,0.57691,0.67906,15.85576,1.07546,1,
0,Game,4415,72.52625,24721762117,0.43283,0.24769,72.18115,0.34509,222,1,0.39135,0.29362,1,0.61875,0.54297,0,,0.21056,0.68469,17.87499,1.03297,1,0.56947,0.67929,16.88284,1.02887,1,
0,Game,4442,72.96985,24723145160,0.74119,0.45566,72.69043,0.27942,223,1,0.64812,0.48357,1,0.61875,0.54297,0,,0.21818,0.69240,20.12839,1.04528,1,0.57727,0.68693,17.37595,1.03502,1,
0,Game,4458,73.23267,24723964486,0.60702,0.51891,72.98621,0.24646,224,1,0.54558,0.52706,1,0.61875,0.54297,0,,0.21181,0.69588,20.41530,1.06901,1,0.57186,0.68816,18.27862,1.07018,1,
0,Game,4480,73.59399,24725090817,0.48688,0.55403,73.24915,0.34485,225,1,0.44073,0.58198,1,0.61875,0.54297,0,,0.20574,0.69799,21.25137,1.01802,1,0.56618,0.68787,19.00251,1.01920,1,
0,Game,4494,73.82385,24725807434,0.55559,0.54383,73.61035,0.21350,226,1,0.87759,0.48687,1,0.61875,0.54297,0,,0.21988,0.69603,20.36099,1.06931,1,0.57854,0.68856,18.21170,1.06550,1,
0,Game,4512,74.12012,24726730871,0.76584,0.46620,73.88965,0.23047,227,1,0.69421,0.38353,1,0.61875,0.54297,0,,0.21513,0.69126,19.09977,1.04381,1,0.57403,0.68264,16.96363,1.03473,1,
0,Game,4533,74.46448,24727804429,0.65530,0.39909,74.13623,0.32825,228,1,0.61934,0.35265,1,0.61875,0.54297,0,,0.21233,0.69093,18.27217,1.03854,1,0.57186,0.68246,16.99614,1.03473,1,
0,Game,4557,74.85889,24729033732,0.58480,0.35933,74.48120,0.37769,229,1,0.84443,0.37564,1,0.61875,0.54297,0,,0.22331,0.69396,19.25890,1.05319,1,0.58221,0.68675,16.61234,1.04938,1,
0,Game,4578,75.20374,24730108809,0.85967,0.46224,74.92444,0.27930,230,1,0.80600,0.45955,1,0.61875,0.54297,0,,0.22266,0.69471,19.71489,1.00536,1,0.58198,0.68810,18.01097,1.00654,1,
0,Game,4595,75.48352,24730981054,0.74589,0.47039,75.22070,0.26282,231,1,0.64697,0.42175,1,0.61875,0.54297,0,,0.21389,0.69534,20.57587,1.06169,1,0.57380,0.68511,16.73940,1.05788,1,
0,Game,4613,75.77881,24731901542,0.60561,0.41039,75.49951,0.27930,232,1,0.56915,0.39154,1,0.61875,0.54297,0,,0.21355,0.69664,20.56941,1.09910,1,0.57298,0.68650,17.77772,1.10027,1,
0,Game,4638,76.18958,24733181989,0.69828,0.41391,75.79529,0.39429,233,1,0.87152,0.46096,1,0.61875,0.54297,0,,0.21814,0.69690,20.27802,1.04381,1,0.57687,0.68788,18.42340,1.03041,1,
0,Game,4664,76.61658,24734512999,0.79563,0.40960,76.25513,0.36145,234,1,0.74491,0.43553,1,0.61875,0.54297,0,,0.21101,0.69705,20.96058,1.03883,1,0.57077,0.68648,18.55521,1.02974,1,
0,Game,4688,77.01074,24735741454,0.68467,0.41130,76.63318,0.37756,235,1,0.64024,0.36676,1,0.61875,0.54297,0,,0.20952,0.69519,20.72046,1.04674,1,0.56902,0.68483,19.15224,1.04293,1,
0,Game,4707,77.32288,24736714464,0.59801,0.37998,77.02747,0.29541,236,1,0.55088,0.37811,1,0.61875,0.54297,0,,0.20847,0.69609,21.22904,1.02330,1,0.56869,0.68440,18.18119,1.02447,1,
0,Game,4736,77.79919,24738199412,0.52031,0.39631,77.33948,0.45972,237,1,0.38472,0.44804,1,0.61875,0.54297,0,,0.20419,0.69847,19.64578,1.05377,1,0.56332,0.68845,19.30735,1.04967,1,
0,Game,4773,78.40698,24740093891,0.40005,0.43437,77.86499,0.54199,238,1,0.54983,0.38812,1,0.65703,0.54492,0,,0.20462,0.69034,18.43707,1.05846,1,0.56363,0.68373,15.59457,1.05963,1,
0,Game,4796,78.78491,24741272226,0.49673,0.43434,78.47302,0.31189,239,1,0.38282,0.45361,1,0.60156,0.51367,0,,0.20565,0.68958,17.55747,1.02828,1,0.56465,0.68470,16.19500,1.02447,1,
0,Game,4815,79.09705,24742245127,0.42425,0.44212,78.80127,0.29578,240,1,0.52842,0.42618,1,0.57031,0.53125,0,,0.21619,0.69014,18.72193,1.04352,1,0.57528,0.68748,16.03556,1.04469,1,
0,Game,4844,79.57349,24743730437,0.52244,0.43972,79.11353,0.45996,241,1,0.55846,0.49118,1,0.55469,0.52734,0,,0.22109,0.68986,19.78837,1.00947,1,0.58059,0.69779,17.28314,1.01064,1,
0,Game,4869,79.98413,24745010517,0.54669,0.44985,79.59009,0.39404,242,1,0.63749,0.40527,1,0.57891,0.53906,0,,0.23036,0.69239,19.58218,1.01890,1,0.58913,0.70236,16.42275,1.02007,1,
0,Game,4903,80.54260,24746751484,0.65568,0.41925,80.04980,0.49280,243,1,0.61023,0.43933,1,0.57891,0.53906,0,,0.22394,0.69736,20.91364,1.06755,1,0.58341,0.70109,18.17837,1.05231,1,
0,Game,4929,80.96973,24748082894,0.61047,0.46319,80.55908,0.41064,244,1,0.69398,0.45010,1,0.57891,0.53906,0,,0.22550,0.69653,20.08977,1.03414,1,0.58434,0.69905,18.10790,1.02505,1,
0,Game,4956,81.41309,24749464928,0.64297,0.44971,80.98596,0.42712,245,1,0.62485,0.44073,1,0.57891,0.53906,0,,0.21698,0.69672,19.02374,1.05436,1,0.57601,0.69592,17.43675,1.05026,1,
0,Game,4971,81.65991,24750234100,0.70896,0.46443,81.42993,0.22998,246,1,0.79221,0.44745,1,0.57891,0.53906,0,,0.21882,0.69780,20.16919,1.05319,1,0.57856,0.69464,18.16985,1.04938,1,
0,Game,4992,82.00464,24751308742,0.72786,0.45373,81.67615,0.32849,247,1,0.66172,0.44608,1,0.57891,0.53906,0,,0.21752,0.68666,19.91595,1.05934,1,0.57812,0.68403,18.28616,1.05553,1,
0,Game,5013,82.34973,24752384641,0.63175,0.41322,82.02100,0.32874,248,1,0.58727,0.45627,1,0.57891,0.53906,0,,0.21979,0.68035,20.69925,1.01275,1,0.58428,0.68178,18.13579,1.00366,1,
0,Game,5033,82.67822,24753408637,0.59894,0.42402,82.36621,0.31201,249,1,0.81461,0.43414,1,0.57891,0.53906,0,,0.22703,0.66759,20.40131,1.00249,1,0.59551,0.66905,19.26770,0.99868,1,
0,Game,5055,83.03943,24754534731,0.74966,0.45582,82.74390,0.29553,250,1,0.69530,0.48009,1,0.57891,0.53906,0,,0.21360,0.68762,20.66613,0.95087,1,0.57932,0.68738,19.04138,0.94706,1,
0,Game,5090,83.61438,24756327008,0.67971,0.44392,83.05603,0.55835,251,1,0.64433,0.40821,1,0.57891,0.53906,0,,0.19116,0.70861,21.25926,1.05377,1,0.55198,0.69404,18.14603,1.04967,1,
0,Game,5112,83.97595,24757453938,0.62664,0.41678,83.63110,0.34485,252,1,0.61004,0.40121,1,0.57891,0.53906,0,,0.19089,0.71056,18.93387,1.06461,1,0.55060,0.69468,16.86461,1.06051,1,
0,Game,5129,84.25500,24758323918,0.63186,0.39551,83.99243,0.26257,253,1,0.83812,0.48917,1,0.57891,0.53906,0,,0.20125,0.71052,19.32609,1.05377,1,0.56047,0.69739,17.90867,1.04469,1,
0,Game,5153,84.64941,24759553340,0.76043,0.45099,84.32104,0.32837,254,1,0.68745,0.41845,1,0.57891,0.53906,0,,0.19642,0.71205,19.10801,1.06608,1,0.55582,0.69625,16.66477,1.05084,1,
0,Game,5171,84.94519,24760475248,0.64051,0.42374,84.66614,0.27905,255,1,0.55635,0.46492,1,0.59531,0.56250,0,,0.20547,0.71760,18.95722,1.04791,1,0.56349,0.70378,16.81809,1.04381,1,
0,Game,5197,85.37366,24761810937,0.65415,0.44103,84.96167,0.41199,256,1,0.72053,0.71409,1,0.59531,0.56250,0,,0.19782,0.71896,18.65943,1.06124,1,0.55433,0.70660,11.10638,1.05743,1,
0,Game,5214,85.65149,24762676995,0.84895,0.47503,85.48730,0.16418,257,1,0.81914,0.49360,0,0.59531,0.56250,0,,0.19576,0.71996,18.76233,1.04263,0,0.55359,0.70259,17.13771,1.03853,0,
0,Game,5246,86.17712,24764315617,0.65835,0.54834,85.86499,0.31213,258,1,0.60566,0.50251,1,0.59531,0.56250,0,,0.19638,0.71918,18.57964,1.05904,1,0.55475,0.70443,17.84375,1.05524,1,
0,Game,5264,86.47302,24765238112,0.55345,0.51033,86.19385,0.27917,259,1,0.51184,0.51813,1,0.59531,0.56250,0,,0.19531,0.72132,19.20741,1.06164,1,0.55423,0.70440,17.57934,1.06335,1,
0,Game,5289,86.88367,24766518123,0.72264,0.43272,86.53845,0.34521,260,1,0.68921,0.45254,1,0.59531,0.56250,0,,0.19896,0.71632,18.75147,1.05846,1,0.55725,0.69996,16.85439,1.05465,1,
0,Game,5308,87.19543,24767490061,0.64323,0.33912,86.90015,0.29529,261,1,0.58571,0.29922,1,0.59531,0.56250,0,,0.19602,0.71267,18.21329,1.03414,1,0.55458,0.69628,17.57456,1.02505,1,
0,Game,5329,87.54077,24768566343,0.54876,0.27952,87.21228,0.32849,262,1,0.48320,0.26743,1,0.59531,0.56250,0,,0.19354,0.71341,18.70377,1.06564,1,0.55141,0.69688,16.41022,1.05655,1,
0,Game,5342,87.75439,24769232241,0.67510,0.32336,87.55737,0.19702,263,1,0.69309,0.37538,1,0.59531,0.56250,0,,0.19804,0.71695,19.77766,1.05318,1,0.55541,0.69906,17.24904,1.05436,1,
0,Game,5361,88.06616,24770204295,0.71613,0.37267,87.77136,0.29480,264,1,0.83624,0.46455,1,0.59531,0.56250,0,,0.20325,0.71810,19.72697,1.05963,1,0.56033,0.70310,17.93034,1.06080,1,
0,Game,5395,88.62488,24771945736,0.78634,0.41923,88.08301,0.54187,265,1,0.75950,0.38834,1,0.59531,0.56250,0,,0.20209,0.71645,20.10312,1.07604,1,0.55980,0.70213,18.03625,1.07194,1,
0,Game,5429,89.18347,24773687254,0.82994,0.43266,88.64124,0.54224,266,1,0.94132,0.46350,1,0.59531,0.56250,0,,0.20891,0.71982,20.39935,1.04879,1,0.56626,0.70610,18.60337,1.04469,1,
0,Game,5449,89.51196,24774711054,0.88374,0.43208,89.19995,0.31201,267,1,0.79749,0.37874,1,0.59531,0.56250,0,,0.20506,0.71768,19.95783,1.08249,1,0.56252,0.70294,18.60395,1.07340,1,
0,Game,5467,89.80774,24775633002,0.75278,0.39924,89.52820,0.27954,268,1,0.67534,0.38074,1,0.59531,0.56250,0,,0.19973,0.71643,17.30435,1.02329,1,0.55731,0.70028,16.19979,1.01919,1,
0,Game,5495,90.26758,24777066558,0.80479,0.35839,89.82397,0.44360,269,1,0.77893,0.33123,1,0.59531,0.56250,0,,0.20581,0.71766,18.37758,1.07956,1,0.56256,0.70318,18.03111,1.07545,1,
0,Game,5517,90.62915,24778193842,0.85345,0.42404,90.33325,0.29590,270,1,0.79209,0.41152,1,0.59531,0.56250,0,,0.20964,0.71730,19.45305,1.07809,1,0.56677,0.70422,18.50332,1.07399,1,
0,Game,5532,90.87561,24778961770,0.74756,0.41853,90.64563,0.22998,271,1,0.69048,0.45136,1,0.59531,0.56250,0,,0.20410,0.71742,20.08483,1.02329,1,0.56172,0.70319,18.15730,1.01948,1,
0,Game,5551,91.18750,24779934263,0.63082,0.41861,90.89185,0.29565,272,1,0.58501,0.38937,1,0.59531,0.56250,0,,0.19686,0.71893,21.37029,1.07482,1,0.55544,0.70165,18.47466,1.07653,1,
0,Game,5570,91.49976,24780907688,0.59668,0.41871,91.20447,0.29529,273,1,0.76339,0.40977,1,0.59531,0.56250,0,,0.20491,0.71897,20.53773,1.07648,1,0.56266,0.70294,18.37971,1.07765,1,
0,Game,5596,91.92651,24782237869,0.75423,0.45492,91.56543,0.36108,274,1,0.80634,0.45015,1,0.59531,0.56250,0,,0.20822,0.72018,20.76768,1.09802,1,0.56561,0.70530,18.94127,1.08776,1,
0,Game,5612,92.18970,24783058122,0.72678,0.43388,91.94312,0.24658,275,1,0.66746,0.44015,1,0.59531,0.56250,0,,0.20530,0.71681,19.95381,1.04322,1,0.56284,0.70263,18.54556,1.03941,1,
0,Game,5629,92.46875,24783928162,0.60117,0.40346,92.20618,0.26257,276,1,0.50395,0.35935,1,0.59531,0.56250,0,,0.19967,0.71764,21.47399,1.06564,1,0.55780,0.70145,18.42270,1.05655,1,
0,Game,5646,92.74817,24784799279,0.60243,0.40414,92.48511,0.26306,277,1,0.77340,0.37490,1,0.59531,0.56250,0,,0.20227,0.71841,20.55601,1.03853,1,0.55994,0.70113,18.42229,1.03970,1,
0,Game,5665,93.06018,24785771626,0.72617,0.40659,92.76465,0.29553,278,1,0.94351,0.44011,1,0.59531,0.56250,0,,0.20809,0.72046,21.19071,1.07164,1,0.56543,0.70369,19.16720,1.07282,1,
0,Game,5682,93.33936,24786642085,0.81230,0.38939,93.12585,0.21350,279,1,0.76796,0.35796,1,0.59531,0.56250,0,,0.20402,0.71707,20.36730,1.06402,1,0.56195,0.70002,19.14034,1.06520,1,
0,Game,5698,93.60229,24787461883,0.69726,0.35294,93.35583,0.24646,280,1,0.65488,0.35089,1,0.59531,0.56250,0,,0.20304,0.71684,17.28119,1.05986,1,0.56027,0.70002,15.97970,1.05576,1,
0,Game,5716,93.89795,24788383471,0.64314,0.36625,93.61914,0.27881,281,1,0.84555,0.37070,1,0.59531,0.56250,0,,0.20911,0.71730,18.41066,1.06373,1,0.56560,0.70115,17.00820,1.06490,1,
0,Game,5747,94.40735,24789971311,0.77727,0.36711,93.96375,0.44360,282,1,0.89776,0.46813,1,0.59531,0.56250,0,,0.21033,0.72000,19.28963,1.05904,1,0.56712,0.70577,18.21220,1.05523,1,
0,Game,5764,94.68652,24790841385,0.81096,0.40754,94.42383,0.26270,283,1,0.74629,0.35626,1,0.59531,0.56250,0,,0.20587,0.71599,18.78935,1.03238,1,0.56314,0.70106,18.90291,1.02857,1,
0,Game,5782,94.98230,24791763733,0.69353,0.35384,94.70288,0.27942,284,1,0.65423,0.32245,1,0.59531,0.56250,0,,0.20421,0.71690,19.06671,1.06373,1,0.56141,0.70103,16.77203,1.06490,1,
0,Game,5801,95.29431,24792736159,0.57615,0.31301,94.99854,0.29578,285,1,0.52473,0.28734,1,0.59531,0.56250,0,,0.19940,0.71672,18.77228,1.04878,1,0.55716,0.70033,17.17198,1.04468,1,
0,Game,5816,95.54089,24793504735,0.56838,0.34504,95.31055,0.23035,286,1,0.79640,0.40852,1,0.59531,0.56250,0,,0.20480,0.71916,20.06937,1.03296,1,0.56210,0.70342,18.19443,1.02886,1,
0,Game,5840,95.93494,24794733179,0.70464,0.42263,95.60645,0.32849,287,1,0.63257,0.43757,1,0.59531,0.56250,0,,0.20379,0.72020,21.06671,1.02886,1,0.56213,0.70461,18.60584,1.01977,1,
0,Game,5862,96.29626,24795859690,0.59713,0.45336,95.95178,0.34448,288,1,0.55618,0.50560,1,0.59531,0.56250,0,,0.19635,0.72339,22.10169,1.02856,1,0.55490,0.70459,18.52632,1.02446,1,
0,Game,5880,96.59204,24796781468,0.49560,0.49333,96.31262,0.27942,289,1,0.44718,0.48683,1,0.59531,0.56250,0,,0.19018,0.72465,20.97587,1.04878,1,0.54891,0.70363,18.61860,1.04468,1,
0,Game,5895,96.83875,24797550709,0.48465,0.42519,96.60828,0.23047,290,1,0.81753,0.40893,1,0.59531,0.56250,0,,0.20282,0.72178,20.26354,1.06427,1,0.56019,0.70297,18.40877,1.06016,1,
0,Game,5916,97.18494,24798629660,0.79747,0.43362,96.90417,0.28076,291,1,0.75133,0.44200,1,0.59531,0.56250,0,,0.19906,0.72238,21.30478,1.04263,1,0.55726,0.70296,18.54052,1.03853,1,
0,Game,5934,97.47925,24799547291,0.67491,0.43434,97.19983,0.27942,292,1,0.59856,0.43039,1,0.59531,0.56250,0,,0.19317,0.72333,22.01503,1.02921,1,0.55121,0.70237,18.98014,1.02012,1,
0,Game,5951,97.75854,24800417641,0.55039,0.43332,97.49573,0.26282,293,1,0.50493,0.43481,1,0.59531,0.56250,0,,0.19384,0.72240,20.56443,1.05621,1,0.55253,0.70203,18.35524,1.05792,1,
0,Game,5968,98.03760,24801287857,0.55948,0.44829,97.77478,0.26282,294,1,0.74035,0.48538,1,0.59531,0.56250,0,,0.20697,0.72046,21.03947,1.03413,1,0.56458,0.70358,18.50891,1.02505,1,
0,Game,5987,98.34973,24802260810,0.80361,0.43142,98.10339,0.24634,295,1,0.79650,0.43818,1,0.59531,0.56250,0,,0.20958,0.72039,21.11441,1.03823,1,0.56705,0.70402,19.03026,1.03941,1,
0,Game,6005,98.64563,24803183140,0.72535,0.44080,98.36609,0.27954,296,1,0.67855,0.43828,1,0.59531,0.56250,0,,0.20305,0.72091,20.98648,1.04380,1,0.56097,0.70353,18.31201,1.03472,1,
0,Game,6024,98.95764,24804155665,0.61774,0.40419,98.66199,0.29565,297,1,0.57680,0.40223,1,0.59531,0.56250,0,,0.19849,0.72084,20.88806,1.04878,1,0.55679,0.70334,18.23780,1.04468,1,
0,Game,6038,99.18750,24804872164,0.70148,0.43088,98.97400,0.21350,298,1,0.73670,0.46978,1,0.59531,0.56250,0,,0.20375,0.72033,21.40752,1.02739,1,0.56175,0.70333,18.53507,1.02358,1,
0,Game,6065,99.63135,24806255866,0.69524,0.42302,99.20398,0.42737,299,1,0.63400,0.40418,1,0.59531,0.56250,0,,0.20209,0.72178,22.02780,1.08224,1,0.55968,0.70469,18.85946,1.08341,1,
0,Game,6080,99.87744,24807023083,0.71993,0.44326,99.64746,0.22998,300,1,0.72260,0.48451,1,0.59531,0.56250,0,,0.20186,0.72283,22.74315,1.02827,1,0.55965,0.70449,19.14770,1.02944,1,
0,Game,6105,100.28809,24808302980,0.65753,0.47752,99.89368,0.39441,301,1,0.59629,0.50571,1,0.59531,0.56250,0,,0.19580,0.72391,21.42311,1.06006,1,0.55402,0.70391,18.61225,1.05626,1,
0,Game,6131,100.71521,24809634389,0.58857,0.47250,100.30469,0.41052,302,1,0.77783,0.46759,1,0.59531,0.56250,0,,0.20011,0.72377,21.30423,1.04541,1,0.55694,0.70399,19.77962,1.03633,1,
0,Game,6149,101.01099,24810556364,0.72900,0.44601,100.78101,0.22998,303,1,0.62141,0.40023,1,0.59531,0.56250,0,,0.19905,0.72280,22.09967,1.05318,1,0.55613,0.70311,19.40390,1.05435,1,
0,Game,6167,101.30652,24811477876,0.58614,0.35679,101.02734,0.27917,304,1,0.53814,0.36264,1,0.59531,0.56250,0,,0.19872,0.72313,22.86767,1.09186,1,0.55563,0.70313,19.52758,1.08160,1,
0,Game,6186,101.61865,24812450814,0.46487,0.36190,101.32312,0.29553,305,1,0.43277,0.31990,1,0.59531,0.56250,0,,0.19492,0.72318,22.90507,1.11017,1,0.55206,0.70150,18.80367,1.10636,1,
0,Game,6200,101.84888,24813168279,0.54770,0.35522,101.63538,0.21350,306,1,0.57869,0.35721,1,0.59531,0.56250,0,,0.19969,0.72327,22.32596,1.07955,1,0.55676,0.70237,19.09924,1.07545,1,
0,Game,6226,102.27563,24814498819,0.55693,0.36540,101.86548,0.41016,307,1,0.43069,0.38423,1,0.59531,0.56250,0,,0.19868,0.72335,22.53033,1.08146,1,0.55586,0.70330,19.91944,1.07237,1,
0,Game,6276,103.09717,24817059576,0.37537,0.37925,102.34167,0.75549,308,1,0.43234,0.41665,1,0.55547,0.55078,0,,0.19685,0.71894,19.90042,1.01743,1,0.55403,0.69953,17.78716,1.01860,1,
0,Game,6283,103.21240,24817418975,0.53755,0.46507,103.16272,0.04968,309,1,0.70152,0.56362,1,0.54922,0.54688,0,,0.20958,0.72341,20.90758,1.04820,1,0.56491,0.70759,17.91669,1.04439,1,
0,Game,6330,103.98438,24819825294,0.85771,0.90366,103.27808,0.70630,310,1,0.86601,0.89421,1,0.54922,0.54688,0,,0.23206,0.73351,14.27882,1.06724,1,0.58548,0.72564,14.09982,1.06314,1,
0,Game,6358,104.44434,24821259227,0.53141,0.47927,104.09924,0.34509,311,1,0.67135,0.49859,1,0.55078,0.55078,0,,0.20678,0.72046,13.58057,1.03237,1,0.56247,0.70931,12.36160,1.02856,1,
0,Game,6391,104.98645,24822949138,0.65458,0.48153,104.46069,0.52576,312,1,0.79789,0.49260,1,0.55078,0.55078,0,,0.21516,0.72005,16.84348,1.06461,1,0.57050,0.70774,15.68833,1.06050,1,
0,Game,6411,105.31482,24823972740,0.75298,0.49287,105.05200,0.26282,313,1,0.68524,0.48078,1,0.55078,0.55078,0,,0.21378,0.72122,18.58319,1.07955,1,0.56995,0.70838,16.86762,1.07545,1,
0,Game,6433,105.67700,24825101554,0.60736,0.49532,105.33154,0.34546,314,1,0.55406,0.50994,1,0.55078,0.55078,0,,0.20665,0.72271,19.09283,1.04292,1,0.56375,0.70715,17.63909,1.03911,1,
0,Game,6459,106.10315,24826430243,0.53737,0.48836,105.69287,0.41028,315,1,0.73218,0.44566,1,0.55078,0.55078,0,,0.21221,0.72048,19.16913,1.07428,1,0.56828,0.70553,16.78443,1.06519,1,
0,Game,6478,106.41541,24827403596,0.85592,0.43664,106.16907,0.24634,316,1,0.74139,0.38313,1,0.55078,0.55078,0,,0.21446,0.71656,17.73603,1.03823,1,0.56997,0.70309,17.44257,1.03413,1,
0,Game,6498,106.74402,24828427994,0.58361,0.30201,106.48132,0.26270,317,1,0.54695,0.28752,1,0.55078,0.55078,0,,0.20694,0.71593,15.95277,1.07360,1,0.56303,0.70088,16.03414,1.05836,1,
0,Game,6521,107.12195,24829606043,0.47994,0.31039,106.76050,0.36145,318,1,0.44617,0.27247,1,0.55078,0.55078,0,,0.20179,0.71733,16.97880,1.04986,1,0.55827,0.70034,16.12186,1.05103,1,
0,Game,6534,107.33569,24830272411,0.69238,0.39155,107.13855,0.19714,319,1,0.90822,0.48915,1,0.55078,0.55078,0,,0.21445,0.72194,18.81033,1.00946,1,0.56970,0.70707,17.58008,1.01063,1,
0,Game,6554,107.66406,24831295935,0.83925,0.44500,107.40125,0.26282,320,1,0.70624,0.42658,1,0.55078,0.55078,0,,0.20869,0.71999,19.20654,1.09801,1,0.56472,0.70381,17.71229,1.09391,1,
0,Game,6577,108.04199,24832473887,0.63344,0.39913,107.72974,0.31226,321,1,0.58072,0.38628,1,0.55078,0.55078,0,,0.20476,0.72059,19.32763,1.07105,1,0.56107,0.70310,17.90044,1.06197,1,
0,Game,6598,108.38684,24833548925,0.59221,0.40068,108.05835,0.32849,322,1,0.88274,0.44019,1,0.55078,0.55078,0,,0.21075,0.72423,20.01354,1.06534,1,0.56586,0.70738,18.00496,1.06651,1,
0,Game,6621,108.76489,24834727281,0.79475,0.45680,108.45239,0.31250,323,1,0.72045,0.45983,1,0.55937,0.54980,0,,0.20358,0.72387,20.12338,1.02856,1,0.55930,0.70555,18.40247,1.03027,1,
0,Game,6639,109.06042,24835648615,0.70058,0.44899,108.78101,0.27942,324,1,0.65218,0.39957,1,0.56953,0.55078,0,,0.19816,0.72387,20.27664,1.07428,1,0.55453,0.70351,17.98851,1.07545,1,
0,Game,6661,109.42163,24836774644,0.58759,0.41966,109.07666,0.34497,325,1,0.53204,0.40534,1,0.56953,0.55078,0,,0.20009,0.72474,21.26790,1.07164,1,0.55627,0.70458,18.19342,1.07281,1,
0,Game,6675,109.65173,24837492079,0.68553,0.39998,109.43799,0.21375,326,1,0.70395,0.39883,1,0.60391,0.55273,0,,0.20719,0.72324,20.36118,1.05493,1,0.56299,0.70565,18.60673,1.04468,1,
0,Game,6698,110.02954,24838669464,0.72321,0.42908,109.66833,0.36121,327,1,0.81518,0.41117,1,0.59922,0.55469,0,,0.20629,0.72403,20.01673,1.06900,1,0.56138,0.70533,17.88597,1.07017,1,
0,Game,6714,110.29236,24839489058,0.74432,0.37421,110.04614,0.24622,328,1,0.70057,0.37445,1,0.56797,0.55273,0,,0.19754,0.72275,20.06469,1.05874,1,0.55317,0.70304,18.86896,1.05464,1,
0,Game,6732,110.58801,24840410451,0.63627,0.36768,110.30872,0.27930,329,1,0.57214,0.38863,1,0.55469,0.55566,0,,0.18941,0.72517,18.45160,1.05933,1,0.54550,0.70375,17.39512,1.05552,1,
0,Game,6760,111.04810,24841844805,0.50412,0.48285,110.65393,0.39417,330,1,0.81700,0.43682,1,0.55469,0.55664,0,,0.20221,0.72539,19.80159,1.06035,1,0.55688,0.70481,17.83877,1.05655,1,
0,Game,6782,111.40930,24842970779,0.79862,0.44412,111.11389,0.29541,331,1,0.72211,0.43195,1,0.55469,0.55664,0,,0.20220,0.72574,19.89450,1.05376,1,0.55784,0.70490,18.03617,1.04468,1,
0,Game,6796,111.63953,24843688249,0.67972,0.35252,111.42590,0.21362,332,1,0.60322,0.31262,1,0.55469,0.55664,0,,0.19755,0.72378,19.56686,1.06246,1,0.55320,0.70117,17.13075,1.06323,1,
0,Game,6814,111.93530,24844610497,0.58154,0.33701,111.65588,0.27942,333,1,0.54888,0.26488,1,0.55469,0.55664,0,,0.19433,0.72615,20.35057,1.07955,1,0.55005,0.70198,17.73493,1.07545,1,
0,Game,6830,112.19763,24845428310,0.47052,0.33607,111.95190,0.24573,334,1,0.40042,0.38352,1,0.55469,0.55664,0,,0.18802,0.72969,19.72896,1.06607,1,0.54428,0.70422,17.47846,1.05083,1,
0,Game,6858,112.65771,24846862221,0.41222,0.38988,112.21436,0.44336,335,1,0.48801,0.35252,1,0.55469,0.55664,0,,0.19581,0.72802,20.26285,1.11598,1,0.55145,0.70497,16.75606,1.11188,1,
0,Game,6884,113.08508,24848194550,0.45263,0.39443,112.67444,0.41064,336,1,0.38517,0.41602,1,0.51719,0.54980,0,,0.20231,0.72183,17.99445,1.05317,1,0.55822,0.70892,17.63734,1.05435,1,
0,Game,6905,113.43018,24849270124,0.42839,0.41404,113.10144,0.32874,337,1,0.44838,0.42162,1,0.52578,0.55176,0,,0.20825,0.71580,19.24258,1.06480,1,0.56467,0.70707,16.69117,1.07178,1,
0,Game,6922,113.70947,24850140849,0.46857,0.41703,113.44629,0.26318,338,1,0.50302,0.43374,1,0.50703,0.54980,0,,0.21814,0.71615,17.66727,1.05669,1,0.57408,0.71406,16.90903,1.04644,1,
0,Game,6953,114.21838,24851727409,0.47930,0.42387,113.72559,0.49280,339,1,0.49161,0.43987,1,0.46641,0.55469,0,,0.23053,0.71406,19.22145,1.09703,1,0.58746,0.71760,16.89586,1.09259,1,
0,Game,6993,114.87573,24853776272,0.49312,0.44898,114.23462,0.64111,340,1,0.57385,0.44011,1,0.54375,0.55566,0,,0.27355,0.71409,18.09655,1.07691,1,0.62609,0.74647,15.79707,1.07862,1,
0,Game,7031,115.49976,24855721672,0.56453,0.40762,114.89197,0.60779,341,1,0.54302,0.33618,1,0.58125,0.56250,0,,0.27852,0.72600,19.92523,1.10348,1,0.63145,0.75015,15.95773,1.09904,1,
0,Game,7058,115.94336,24857104492,0.51010,0.34554,115.51624,0.42712,342,1,0.45138,0.35593,1,0.58125,0.56250,0,,0.27108,0.73458,19.54740,1.04898,1,0.62486,0.75158,16.42245,1.05596,1,
0,Game,7082,116.33777,24858333864,0.47837,0.31301,115.95996,0.37781,343,1,0.62889,0.29513,1,0.58125,0.56250,0,,0.26529,0.73429,19.47315,1.09381,1,0.61888,0.74849,16.89825,1.09552,1,
0,Game,7104,116.69910,24859460477,0.59258,0.34465,116.40320,0.29590,344,1,0.57136,0.36814,1,0.58125,0.56250,0,,0.25573,0.73316,21.10910,1.03852,1,0.60982,0.74491,18.03198,1.03442,1,
0,Game,7134,117.19177,24860995950,0.51280,0.38492,116.71545,0.47632,345,1,0.48198,0.37043,1,0.56328,0.56641,0,,0.24707,0.73481,21.37594,1.11496,1,0.60034,0.74263,17.99588,1.11613,1,
0,Game,7172,117.81604,24862942253,0.45192,0.36271,117.20813,0.60791,346,1,0.39994,0.38232,1,0.52500,0.55371,0,,0.23126,0.72525,19.02573,1.06255,1,0.58647,0.73425,16.66121,1.06373,1,
0,Game,7207,118.39099,24864734294,0.42451,0.38997,117.83264,0.55835,347,1,0.46792,0.43972,1,0.51641,0.55273,0,,0.25173,0.71815,17.39214,1.08697,1,0.60750,0.73829,16.72833,1.09396,1,
0,Game,7224,118.67041,24865605392,0.47006,0.44113,118.40723,0.26318,348,1,0.47679,0.44246,1,0.48906,0.54785,0,,0.24238,0.71876,17.31311,1.04752,1,0.59959,0.73522,16.66543,1.04342,1,
0,Game,7239,118.91650,24866372690,0.55704,0.46098,118.68652,0.22998,349,1,0.54276,0.44837,1,0.50469,0.54102,0,,0.24230,0.72061,18.33624,1.05435,1,0.59776,0.73634,16.17359,1.05552,1,
0,Game,7307,120.03369,24869854953,0.52935,0.44212,118.93323,1.10046,350,1,0.51223,0.39604,1,0.52734,0.55176,0,,0.25209,0.72243,19.90958,1.09865,1,0.60805,0.73855,17.77332,1.08956,1,
0,Game,7331,120.42810,24871084600,0.54987,0.47613,120.05005,0.37805,351,1,0.80116,0.50175,1,0.54062,0.54688,0,,0.26215,0.72173,19.49123,1.04878,1,0.61607,0.74074,17.83350,1.04468,1,
0,Game,7347,120.69080,24871903454,0.65418,0.45457,120.49365,0.19714,352,1,0.52891,0.38279,1,0.54062,0.54688,0,,0.25398,0.71971,20.18634,1.05347,1,0.60893,0.73632,17.80317,1.04937,1,
0,Game,7370,121.06860,24873081239,0.48119,0.33952,120.75635,0.31226,353,1,0.43298,0.30660,1,0.54062,0.54688,0,,0.24702,0.71502,18.75109,1.07535,1,0.60275,0.73023,16.69155,1.07125,1,
0,Game,7380,121.23328,24873594406,0.43621,0.34559,121.08521,0.14807,354,1,0.42749,0.43815,0,0.54062,0.54688,0,,0.24529,0.71802,14.20516,1.09752,0,0.59968,0.73252,14.52388,1.09869,0,
0,Game,7408,121.69275,24875026748,0.41263,0.29575,121.39734,0.29541,355,1,0.51296,0.40572,1,0.54062,0.54688,0,,0.24320,0.71567,19.13042,1.02364,1,0.59892,0.73037,17.71929,1.02481,1,
0,Game,7430,122.05444,24876154367,0.67410,0.40596,121.75854,0.29590,356,1,0.52367,0.39009,1,0.54062,0.54688,0,,0.24200,0.71735,19.52229,1.03993,1,0.59838,0.72961,16.96421,1.04069,1,
0,Game,7449,122.36719,24877129362,0.46384,0.30729,122.11975,0.24744,357,1,0.40751,0.23529,1,0.54062,0.54688,0,,0.22559,0.72200,18.58823,1.04350,1,0.58124,0.72543,17.16483,1.03940,1,
0,Game,7474,122.77710,24878407042,0.44535,0.24165,122.38293,0.39417,358,1,0.51763,0.17443,1,0.47422,0.16406,0,,0.16202,0.74485,18.15823,1.10967,1,0.51097,0.73055,18.20255,1.11824,1,
0,Game,7514,123.43396,24880454565,0.55664,0.07998,122.84290,0.59106,359,1,0.63735,0.27802,1,0.51797,0.07227,0,,0.08492,0.82031,11.40164,1.12878,1,0.44188,0.79822,12.35415,1.11852,0,
