MEDIA_ID,MEDIA_NAME,CNT,TIME(2015/11/18 16:59:06.802),TIMETICK(f=3117216),FPOGX,FPOGY,FPOGS,FPOGD,FPOGID,FPOGV,BPOGX,BPOGY,BPOGV,CX,CY,CS,USER,LPCX,LPCY,LPD,LPS,LPV,RPCX,RPCY,RPD,RPS,RPV,
0,Games,7,0.11514,62403036117,0.53154,0.08952,0.00000,0.11514,1,1,0.50472,0.13445,1,0.51328,0.10352,0,,0.25846,0.68417,19.00620,1.01020,1,0.61755,0.67660,16.24705,1.01423,1,
0,Games,28,0.46003,62404111229,0.52458,0.15806,0.13137,0.32867,2,1,0.48383,0.43071,1,0.51328,0.10352,0,,0.25619,0.69468,17.91827,1.02515,1,0.61568,0.68298,15.66057,1.02917,1,
0,Games,55,0.90377,62405494441,0.48850,0.41235,0.52574,0.37803,3,1,0.49332,0.54376,1,0.45625,0.46289,0,,0.26151,0.69786,19.17813,1.07518,1,0.62379,0.68939,15.61268,1.07921,1,
0,Games,103,1.69212,62407951880,0.49224,0.52331,0.92001,0.77212,4,1,0.44689,0.57428,1,0.54219,0.53613,0,,0.27555,0.69557,19.49184,1.05298,1,0.63981,0.69055,17.62090,1.04698,1,
0,Games,146,2.39882,62410154823,0.42491,0.37713,2.00436,0.39446,5,1,0.75057,0.40863,1,0.54219,0.53613,0,,0.27423,0.69362,21.60994,1.05284,1,0.63755,0.68837,18.11959,1.05687,1,
0,Games,171,2.80928,62411434324,0.73068,0.41462,2.46412,0.34515,6,1,0.74044,0.36141,1,0.54219,0.53613,0,,0.28043,0.69245,20.90263,1.05547,1,0.64382,0.68887,18.00431,1.04947,1,
0,Games,186,3.05560,62412202124,0.67782,0.34502,2.82575,0.22984,7,1,0.57292,0.24145,1,0.54219,0.53613,0,,0.27188,0.68886,20.97232,1.01511,1,0.63499,0.68276,18.58841,1.01914,1,
0,Games,210,3.44985,62413431118,0.50250,0.25559,3.12125,0.32860,8,1,0.45746,0.25724,1,0.54219,0.53613,0,,0.26283,0.69011,20.78701,1.02764,1,0.62557,0.68109,18.22503,1.02163,1,
0,Games,226,3.71350,62414252984,0.37990,0.23232,3.46658,0.24693,9,1,0.36041,0.23148,1,0.54219,0.53613,0,,0.25838,0.68964,20.71507,1.01042,1,0.62129,0.68064,18.78769,1.00939,1,
0,Games,244,4.00833,62415172033,0.33556,0.21441,3.72911,0.27922,10,1,0.62875,0.38525,1,0.54219,0.53613,0,,0.26703,0.69806,20.62756,1.03247,1,0.62939,0.68832,18.21111,1.03650,1,
0,Games,260,4.27136,62415991961,0.52899,0.33166,4.07486,0.19650,11,1,0.29888,0.29736,1,0.54219,0.53613,0,,0.25773,0.69757,20.05612,1.08215,1,0.62042,0.68724,17.98067,1.08120,1,
0,Games,310,5.09261,62418551951,0.31654,0.31528,4.33696,0.75564,12,1,0.31423,0.27457,1,0.54219,0.53613,0,,0.25604,0.69657,20.33173,1.05782,1,0.61909,0.68666,17.40982,1.05181,1,
0,Games,325,5.33913,62419320420,0.40677,0.31442,5.10909,0.23004,13,1,0.67054,0.35875,1,0.54219,0.53613,0,,0.26449,0.70161,20.84157,1.03601,1,0.62678,0.68922,17.75255,1.04080,1,
0,Games,363,5.96320,62421265752,0.58631,0.35360,5.40472,0.55848,14,1,0.47751,0.32480,1,0.54219,0.53613,0,,0.25729,0.70210,21.40008,1.05317,1,0.62039,0.68903,18.54404,1.05221,1,
0,Games,380,6.24258,62422136678,0.44151,0.32683,5.97945,0.26313,15,1,0.37555,0.28470,1,0.54219,0.53613,0,,0.24368,0.68316,21.77080,0.99533,1,0.60814,0.66466,18.90749,0.99438,1,
0,Games,404,6.63657,62423364812,0.38094,0.29636,6.25897,0.37759,16,1,0.45096,0.39009,0,0.51172,0.50684,0,,0.23669,0.66502,5.96963,1.01049,0,0.60152,0.66070,8.53760,1.00954,0,
0,Games,439,7.21183,62425158029,0.37082,0.34799,6.94898,0.26285,17,1,0.36395,0.41614,1,0.51172,0.50684,0,,0.25473,0.68590,21.44993,1.04038,1,0.62003,0.67671,18.47723,1.03438,1,
0,Games,486,7.98381,62427564454,0.37376,0.42020,7.22808,0.75573,18,1,0.45388,0.45042,1,0.51172,0.51074,0,,0.25223,0.70150,21.60851,1.01555,1,0.61675,0.68491,18.12934,1.02539,1,
0,Games,546,8.96941,62430636802,0.42229,0.46029,8.00019,0.96922,19,1,0.38567,0.43114,1,0.51172,0.51074,0,,0.25933,0.70166,23.23525,1.02009,1,0.62363,0.69367,19.73087,1.01914,1,
0,Games,576,9.46231,62432173257,0.36757,0.36280,8.98568,0.47663,20,1,0.33865,0.32806,1,0.51172,0.51074,0,,0.25285,0.69930,22.79216,1.01533,1,0.61709,0.68838,19.01423,1.00932,1,
0,Games,594,9.75861,62433096845,0.40375,0.32801,9.47866,0.27994,21,1,0.62689,0.42823,1,0.51172,0.51074,0,,0.25793,0.70374,22.07753,1.01049,1,0.62258,0.69151,17.74845,1.00954,1,
0,Games,611,10.03719,62433965264,0.67090,0.43732,9.82352,0.21366,22,1,0.39638,0.35471,1,0.51172,0.51074,0,,0.25085,0.70124,21.04458,1.00529,1,0.61452,0.68799,18.82791,1.00434,1,
0,Games,630,10.34929,62434938158,0.36939,0.29428,10.10297,0.24632,23,1,0.34046,0.25309,1,0.51172,0.51074,0,,0.24888,0.70022,21.52330,1.03601,1,0.61309,0.68658,18.76720,1.03506,1,
0,Games,663,10.89127,62436627653,0.37192,0.27483,10.36610,0.52518,24,1,0.36657,0.29146,1,0.51172,0.51074,0,,0.24679,0.70186,21.16102,1.02123,1,0.61106,0.68718,18.46661,1.02525,1,
0,Games,690,11.33490,62438010554,0.49579,0.40112,10.95718,0.37772,25,1,0.42829,0.48882,1,0.51172,0.51074,0,,0.24705,0.70965,21.31988,1.01020,1,0.61178,0.69344,19.09714,1.00917,1,
0,Games,719,11.81155,62439496343,0.41218,0.46404,11.35155,0.45999,26,1,0.37926,0.50071,1,0.51172,0.51074,0,,0.24471,0.71123,21.91647,1.02702,1,0.60964,0.69459,19.60107,1.03181,1,
0,Games,741,12.17294,62440622842,0.41028,0.50741,11.82764,0.34528,27,1,0.57958,0.51799,1,0.51172,0.51074,0,,0.25015,0.71247,22.46667,1.03547,1,0.61546,0.69510,18.50272,1.03445,1,
0,Games,762,12.51801,62441698517,0.68953,0.51832,12.23853,0.27947,28,1,0.65215,0.54015,1,0.51172,0.51074,0,,0.25060,0.71376,22.06061,1.04053,1,0.61618,0.69601,17.77352,1.03950,1,
0,Games,785,12.89603,62442876915,0.57699,0.70833,12.58366,0.31239,29,1,0.52957,0.68552,1,0.51172,0.51074,0,,0.24707,0.71947,22.81035,1.02024,1,0.61235,0.70203,19.33912,1.01928,1,
0,Games,803,13.19112,62443796757,0.45589,0.70930,12.91213,0.27898,30,1,0.40689,0.73045,1,0.51172,0.51074,0,,0.24392,0.71985,23.04601,1.01049,1,0.60912,0.70222,20.12753,1.00954,1,
0,Games,824,13.53671,62444874043,0.37976,0.68765,13.20815,0.32857,31,1,0.54914,0.57016,1,0.51172,0.51074,0,,0.24703,0.71776,23.18744,1.08453,1,0.61287,0.69953,20.21865,1.08932,1,
0,Games,843,13.84838,62445845596,0.76573,0.50374,13.60215,0.24623,32,1,0.62337,0.42687,1,0.51172,0.51074,0,,0.25131,0.71030,22.68545,1.00112,1,0.61571,0.69223,18.89256,1.00009,1,
0,Games,872,14.32491,62447330997,0.50261,0.33392,13.91430,0.41059,33,1,0.43222,0.27406,1,0.51172,0.51074,0,,0.24484,0.70722,20.82169,1.05547,1,0.60918,0.68947,18.73111,1.05445,1,
0,Games,902,14.81775,62448867325,0.42185,0.27817,14.34114,0.47661,34,1,0.67184,0.37392,1,0.51172,0.51074,0,,0.25005,0.71100,22.22141,1.00507,1,0.61369,0.69236,19.46762,1.00412,1,
0,Games,927,15.22836,62450147297,0.71517,0.39228,14.88338,0.34498,35,1,0.65583,0.36690,1,0.51172,0.51074,0,,0.24898,0.71232,22.48929,1.02038,1,0.61354,0.69330,18.81197,1.02517,1,
0,Games,943,15.49098,62450965927,0.56957,0.34981,15.24461,0.24637,36,1,0.50070,0.32411,1,0.51172,0.51074,0,,0.24369,0.71018,21.97263,1.02522,1,0.60784,0.69055,19.15621,1.02427,1,
0,Games,962,15.80325,62451939300,0.46145,0.31239,15.50736,0.29588,37,1,0.41257,0.27580,1,0.51172,0.51074,0,,0.24169,0.70958,22.05501,1.04551,1,0.60599,0.69013,19.94823,1.03950,1,
0,Games,976,16.03336,62452656646,0.55837,0.34175,15.81966,0.21370,38,1,0.83523,0.43406,1,0.51172,0.51074,0,,0.25313,0.71658,22.66216,1.06035,1,0.61694,0.69714,18.75484,1.05939,1,
0,Games,997,16.37821,62453731631,0.73812,0.49214,16.09888,0.27933,39,1,0.66668,0.47809,1,0.51172,0.51074,0,,0.24877,0.71648,22.59464,1.01752,1,0.61366,0.69702,18.38778,1.02155,1,
0,Games,1011,16.60814,62454448379,0.60659,0.56079,16.39475,0.21339,40,1,0.53998,0.61097,1,0.51172,0.51074,0,,0.24402,0.72123,22.80514,1.03525,1,0.60889,0.70128,19.45608,1.03928,1,
0,Games,1030,16.92046,62455421909,0.48882,0.61372,16.62463,0.29584,41,1,0.44658,0.60263,1,0.51172,0.51074,0,,0.24104,0.72070,23.29147,1.02038,1,0.60592,0.70125,19.64459,1.01438,1,
0,Games,1044,17.15022,62456138130,0.54745,0.54030,16.93731,0.21291,42,1,0.74274,0.43441,1,0.51172,0.51074,0,,0.24788,0.71734,23.52164,1.05345,1,0.61284,0.69678,19.26418,1.05748,1,
0,Games,1066,17.51189,62457265559,0.75207,0.48027,17.21616,0.29574,43,1,0.73937,0.51853,1,0.51172,0.51074,0,,0.24828,0.71890,23.35009,0.99511,1,0.61329,0.69756,18.96707,0.99416,1,
0,Games,1094,17.97160,62458698547,0.41765,0.58657,17.57734,0.39426,44,1,0.38279,0.57194,1,0.51172,0.51074,0,,0.23773,0.72059,23.41712,1.02060,1,0.60256,0.69967,19.80528,1.01460,1,
0,Games,1126,18.49754,62460338034,0.37988,0.54256,17.98811,0.50945,45,1,0.50482,0.50801,1,0.51172,0.51074,0,,0.24163,0.71851,23.15194,1.07291,1,0.60663,0.69788,20.23113,1.07188,1,
0,Games,1147,18.84261,62461413661,0.84145,0.44049,18.56324,0.27937,46,1,0.76048,0.45894,1,0.51172,0.51074,0,,0.24925,0.71710,23.06121,0.98016,1,0.61367,0.69617,18.84377,0.97921,1,
0,Games,1177,19.33524,62462949272,0.47006,0.33510,18.90797,0.42725,47,1,0.41972,0.27252,1,0.51172,0.51074,0,,0.23944,0.71085,22.12700,1.02764,1,0.60327,0.69010,19.88499,1.03166,1,
0,Games,1207,19.82821,62464486020,0.41791,0.28751,19.35273,0.47548,48,1,0.39620,0.33544,1,0.51172,0.51074,0,,0.23927,0.71229,22.61153,0.98016,1,0.60317,0.69136,19.83142,0.97921,1,
0,Games,1230,20.20570,62465662712,0.63302,0.47138,19.89370,0.31199,49,1,0.49423,0.44422,1,0.51172,0.51074,0,,0.24212,0.71678,22.89910,0.98016,1,0.60605,0.69502,18.96229,0.97921,1,
0,Games,1271,20.87933,62467762572,0.43247,0.43407,20.27159,0.60773,50,1,0.40569,0.40000,1,0.51172,0.51074,0,,0.23916,0.71315,23.03251,1.04031,1,0.60315,0.69165,19.52610,1.03928,1,
0,Games,1294,21.25723,62468940586,0.41431,0.41583,20.89571,0.36153,51,1,0.70996,0.39740,1,0.51172,0.51074,0,,0.24753,0.69989,22.05622,1.04053,1,0.61192,0.67715,19.46704,1.03950,1,
0,Games,1312,21.55296,62469862411,0.72230,0.37783,21.32267,0.23029,52,1,0.53645,0.29680,1,0.51172,0.51074,0,,0.24474,0.69901,21.79678,1.00009,1,0.60908,0.67442,18.84434,1.00412,1,
0,Games,1337,21.96369,62471142769,0.47646,0.27073,21.61843,0.34526,53,1,0.41899,0.32891,1,0.51172,0.51074,0,,0.23944,0.70388,22.16631,1.00024,1,0.60364,0.67950,20.41576,0.99423,1,
0,Games,1370,22.50541,62472831445,0.38653,0.30665,21.97994,0.52547,54,1,0.34715,0.39586,1,0.51172,0.51074,0,,0.23990,0.70617,22.04729,1.03815,1,0.60415,0.68287,19.99450,1.04218,1,
0,Games,1398,22.96553,62474265717,0.38746,0.36629,22.52209,0.44344,55,1,0.44892,0.40746,1,0.51172,0.51074,0,,0.24391,0.70704,22.15363,1.05324,1,0.60825,0.68485,19.36631,1.04723,1,
0,Games,1410,23.16281,62474880676,0.42453,0.46632,22.98190,0.18091,56,1,0.37672,0.64056,0,0.51172,0.51074,0,,0.24250,0.71074,12.83509,1.00038,0,0.60735,0.68601,13.96300,0.99438,0,
0,Games,1500,24.64115,62479488998,0.37472,0.38987,23.42556,1.21559,57,1,0.45761,0.49085,1,0.51172,0.51074,0,,0.24413,0.71232,19.14898,0.99511,1,0.60706,0.69251,16.53924,0.99416,1,
0,Games,1541,25.31451,62481587999,0.48665,0.45347,24.70677,0.60774,58,1,0.50554,0.48197,1,0.51172,0.51074,0,,0.24180,0.71356,20.91708,1.04219,1,0.60548,0.69389,17.90283,1.04698,1,
0,Games,1555,25.54465,62482305404,0.38028,0.56005,25.33152,0.21313,59,1,0.33109,0.66173,1,0.51172,0.51074,0,,0.23606,0.72046,21.58831,1.03782,1,0.59920,0.69923,18.68669,1.03181,1,
0,Games,1612,26.48101,62485224234,0.33135,0.64539,25.61039,0.87061,60,1,0.32275,0.61449,1,0.51172,0.51074,0,,0.24181,0.71888,21.39302,1.03042,1,0.60511,0.69756,18.20654,1.02939,1,
0,Games,1631,26.79319,62486197354,0.47040,0.47882,26.59637,0.19682,61,1,0.30335,0.46238,1,0.51172,0.51074,0,,0.24192,0.71488,20.81602,1.06472,1,0.60438,0.69356,18.55897,1.06376,1,
0,Games,1652,27.13826,62487273036,0.31713,0.40401,26.85902,0.27926,62,1,0.29573,0.36049,1,0.51172,0.51074,0,,0.24222,0.71043,21.34621,1.00529,1,0.60479,0.68900,18.62665,1.00932,1,
0,Games,1674,27.49952,62488399140,0.32076,0.32752,27.15464,0.34488,63,1,0.32947,0.35545,1,0.51172,0.51074,0,,0.24120,0.71020,19.91876,1.01533,1,0.60440,0.68854,17.40372,1.01438,1,
0,Games,1728,28.38662,62491164441,0.36649,0.45695,27.56590,0.82073,64,1,0.39914,0.56602,1,0.51172,0.51074,0,,0.23889,0.72298,20.23087,1.04544,1,0.60228,0.69867,17.32963,1.04441,1,
0,Games,1757,28.86344,62492650785,0.38467,0.58020,28.40310,0.46033,65,1,0.33857,0.61160,1,0.51172,0.51074,0,,0.23652,0.72962,20.49696,1.03186,1,0.60025,0.70474,17.94105,1.04170,1,
0,Games,1805,29.65176,62495108135,0.36275,0.58438,28.87981,0.77194,66,1,0.32622,0.47691,1,0.51172,0.51074,0,,0.23550,0.72610,20.53951,1.08453,1,0.59871,0.70063,17.38571,1.08932,1,
0,Games,1828,30.02924,62496284780,0.34305,0.48105,29.66843,0.36081,67,1,0.34410,0.41899,1,0.51172,0.51074,0,,0.23330,0.72177,21.58017,1.05276,1,0.59654,0.69604,18.40359,1.04676,1,
0,Games,1850,30.39104,62497412653,0.35157,0.47825,30.04572,0.34532,68,1,0.35829,0.52471,1,0.51172,0.51074,0,,0.23552,0.72362,21.97214,1.02702,1,0.59886,0.69925,19.13403,1.02102,1,
0,Games,1882,30.91667,62499051132,0.34757,0.52788,30.40711,0.50956,69,1,0.32808,0.61277,1,0.51172,0.51074,0,,0.23558,0.72327,18.85902,1.02129,1,0.59973,0.69837,18.13952,1.02607,1,
0,Games,1941,31.88570,62502071805,0.37873,0.53382,31.22873,0.65697,70,1,0.39326,0.48472,1,0.43437,0.55078,0,,0.23684,0.72216,19.98818,1.06877,1,0.60065,0.69575,17.20421,1.06185,1,
0,Games,1968,32.32909,62503453941,0.37942,0.52105,31.90234,0.42675,71,1,0.32137,0.48898,1,0.43437,0.55078,0,,0.23308,0.72411,20.74598,1.07060,1,0.59623,0.69753,18.06132,1.06459,1,
0,Games,2036,33.44645,62506937032,0.35873,0.52513,32.34561,1.10085,72,1,0.51135,0.54024,1,0.43437,0.55078,0,,0.23884,0.72741,22.46169,1.05774,1,0.60241,0.70101,18.72326,1.05672,1,
0,Games,2056,33.77483,62507960632,0.68152,0.52792,33.51199,0.26285,73,1,0.59115,0.47035,1,0.43437,0.55078,0,,0.24380,0.72277,23.04839,1.03118,1,0.60652,0.69749,18.04895,1.03596,1,
0,Games,2076,34.10323,62508984304,0.51438,0.42021,33.84059,0.26263,74,1,0.40707,0.40046,1,0.43437,0.55078,0,,0.23677,0.72193,21.51485,1.05042,1,0.59920,0.69626,17.60123,1.04947,1,
0,Games,2092,34.36620,62509804034,0.46690,0.46627,34.11993,0.24625,75,1,0.84740,0.57365,1,0.43437,0.55078,0,,0.24836,0.72661,21.59195,0.99533,1,0.61104,0.70149,17.35897,0.99437,1,
0,Games,2119,34.80982,62511186927,0.79778,0.52547,34.43224,0.37759,76,1,0.74223,0.50226,1,0.43437,0.55078,0,,0.24523,0.72480,21.22527,1.00522,1,0.60835,0.69980,16.98596,1.00426,1,
0,Games,2132,35.02332,62511852439,0.56253,0.54578,34.82623,0.19709,77,1,0.41746,0.59147,1,0.43437,0.55078,0,,0.23500,0.72804,20.99135,1.04182,1,0.59786,0.70229,17.88519,1.04585,1,
0,Games,2154,35.38468,62512978890,0.39179,0.59071,35.04105,0.34363,78,1,0.35362,0.58540,1,0.43437,0.55078,0,,0.23495,0.72868,21.61093,1.03555,1,0.59826,0.70304,18.88898,1.03452,1,
0,Games,2173,35.69707,62513952680,0.39633,0.55527,35.40119,0.29588,79,1,0.67602,0.50603,1,0.43437,0.55078,0,,0.24278,0.72541,22.01120,1.01049,1,0.60567,0.69907,17.92937,1.00448,1,
0,Games,2197,36.09119,62515181234,0.59862,0.49932,35.76247,0.32874,80,1,0.45594,0.38414,1,0.43437,0.55078,0,,0.23757,0.72219,21.54320,1.05298,1,0.60066,0.69486,18.22539,1.04698,1,
0,Games,2219,36.45242,62516307244,0.43007,0.36697,36.15696,0.29545,81,1,0.39494,0.38388,1,0.43437,0.55078,0,,0.23456,0.72025,21.98721,1.00024,1,0.59729,0.69310,19.30002,0.99423,1,
0,Games,2239,36.78105,62517331672,0.38562,0.30316,36.46893,0.31213,82,1,0.37277,0.29828,1,0.43437,0.55078,0,,0.23281,0.71882,21.33643,1.02771,1,0.59550,0.69215,18.46973,1.02170,1,
0,Games,2274,37.35619,62519124480,0.37021,0.30961,36.79758,0.55859,83,1,0.34112,0.32021,1,0.43437,0.55078,0,,0.23289,0.72218,21.76033,1.02522,1,0.59540,0.69514,19.28071,1.02426,1,
0,Games,2311,37.96381,62521018559,0.36315,0.31045,37.37244,0.59136,84,1,0.37818,0.32029,1,0.43437,0.55078,0,,0.23380,0.72112,22.25910,1.04031,1,0.59617,0.69477,19.48005,1.04434,1,
0,Games,2326,38.21016,62521786541,0.44382,0.30264,37.98027,0.22990,85,1,0.55243,0.27317,1,0.43437,0.55078,0,,0.23908,0.72253,22.55486,1.11732,1,0.60140,0.69650,18.71064,1.10924,1,
0,Games,2332,38.30891,62522094350,0.57410,0.33135,38.22654,0.08237,86,1,0.74662,0.39559,1,0.43437,0.55078,0,,0.24500,0.72485,22.64529,1.05774,1,0.60681,0.69940,18.76534,1.05672,1,
0,Games,2350,38.60458,62523015986,0.83230,0.54334,38.37451,0.23006,87,1,0.77159,0.93404,1,0.43437,0.55078,0,,0.24868,0.73822,23.46961,1.00544,1,0.60948,0.71298,18.66082,0.99943,1,
0,Games,2375,39.01514,62524295818,0.79138,0.89996,38.67017,0.34498,88,1,0.52717,0.50685,1,0.43437,0.55078,0,,0.24087,0.72429,22.64157,1.03186,1,0.60135,0.69860,18.12505,1.03091,1,
0,Games,2409,39.57389,62526037566,0.42855,0.36957,39.08091,0.49297,89,1,0.62219,0.33784,1,0.43437,0.55078,0,,0.24184,0.72250,20.67891,1.08056,1,0.60372,0.69660,17.36060,1.07954,1,
0,Games,2427,39.86953,62526959137,0.74657,0.44405,39.63960,0.22993,90,1,0.55306,0.36887,1,0.43437,0.55078,0,,0.24139,0.72100,21.54813,1.01511,1,0.60255,0.69410,17.91264,1.02495,1,
0,Games,2456,40.34618,62528444963,0.51932,0.33331,39.93550,0.41068,91,1,0.42712,0.36791,1,0.43437,0.55078,0,,0.23553,0.72258,22.11660,1.02046,1,0.59727,0.69572,19.69377,1.02448,1,
0,Games,2476,40.67481,62529469383,0.40507,0.32556,40.36240,0.31241,92,1,0.38559,0.28947,1,0.43437,0.55078,0,,0.23339,0.72304,22.68228,1.07020,1,0.59540,0.69629,20.17695,1.06925,1,
0,Games,2490,40.90427,62530184661,0.47858,0.34989,40.69075,0.21352,93,1,0.82220,0.37645,1,0.43437,0.55078,0,,0.24590,0.72531,22.94889,1.01807,1,0.60763,0.69833,18.99131,1.01712,1,
0,Games,2508,41.20026,62531107319,0.74351,0.35390,40.97015,0.23012,94,1,0.61150,0.25595,1,0.43437,0.55078,0,,0.24447,0.72178,22.14163,1.03533,1,0.60555,0.69608,19.09699,1.02932,1,
0,Games,2526,41.49601,62532029213,0.53066,0.24105,41.26603,0.22998,95,1,0.43260,0.16035,1,0.43437,0.55078,0,,0.23600,0.71992,22.31305,1.04334,1,0.59652,0.69239,19.45037,1.03733,1,
0,Games,2555,41.97224,62533513744,0.40992,0.17804,41.51202,0.46023,96,1,0.37189,0.15865,1,0.43437,0.55078,0,,0.23467,0.71756,22.17194,1.05193,1,0.59633,0.69228,19.69218,1.05672,1,
0,Games,2568,42.18582,62534179505,0.56466,0.22878,41.98901,0.19681,97,1,0.83877,0.35729,1,0.43437,0.55078,0,,0.24609,0.72551,22.89253,1.00522,1,0.60735,0.69904,18.48261,0.99921,1,
0,Games,2590,42.54713,62535305813,0.75946,0.35447,42.25138,0.29575,98,1,0.64020,0.42341,1,0.43437,0.55078,0,,0.24255,0.72620,23.23845,1.04053,1,0.60475,0.70012,18.34272,1.03950,1,
0,Games,2617,42.99049,62536687830,0.54887,0.49258,42.61277,0.37771,99,1,0.49394,0.49854,1,0.43437,0.55078,0,,0.23775,0.72855,22.95524,1.03623,1,0.60064,0.70277,20.26448,1.04102,1,
0,Games,2641,43.38509,62537917853,0.50984,0.50404,43.00685,0.37823,100,1,0.78701,0.52286,1,0.43437,0.55078,0,,0.24573,0.72849,23.47045,1.02558,1,0.60851,0.70234,19.23193,1.02456,1,
0,Games,2660,43.69722,62538890891,0.72722,0.50256,43.45076,0.24647,101,1,0.59035,0.60721,1,0.43437,0.55078,0,,0.23985,0.73233,23.10752,1.01540,1,0.60239,0.70497,19.78166,1.01437,1,
0,Games,2689,44.17342,62540375249,0.51097,0.58894,43.76273,0.41068,102,1,0.46765,0.60486,1,0.43437,0.55078,0,,0.23452,0.73370,23.03172,1.03782,1,0.59783,0.70628,19.58790,1.03181,1,
0,Games,2717,44.63338,62541809091,0.44727,0.58831,44.18997,0.44341,103,1,0.80944,0.46923,1,0.43437,0.55078,0,,0.24197,0.73181,22.32984,1.04804,1,0.60456,0.70409,18.55754,1.04701,1,
0,Games,2735,44.92884,62542730108,0.70945,0.42935,44.69924,0.22960,104,1,0.58267,0.31969,1,0.43437,0.55078,0,,0.23587,0.72682,21.63247,1.03020,1,0.59811,0.69816,19.01182,1.03423,1,
0,Games,2756,45.27410,62543806338,0.48939,0.29712,44.99485,0.27925,105,1,0.41105,0.24571,1,0.43437,0.55078,0,,0.23262,0.72495,21.57825,1.02818,1,0.59473,0.69726,19.52118,1.02723,1,
0,Games,2785,45.75072,62545292076,0.40445,0.26726,45.29033,0.46039,106,1,0.40594,0.29690,1,0.43437,0.55078,0,,0.23171,0.72400,21.28606,1.01547,1,0.59402,0.69615,19.09711,1.01445,1,
0,Games,2802,46.02958,62546161358,0.43742,0.30416,45.76686,0.26273,107,1,0.70756,0.30655,1,0.43437,0.55078,0,,0.24024,0.72670,21.60474,1.06540,1,0.60243,0.69904,18.40546,1.06445,1,
0,Games,2821,46.34222,62547135861,0.60533,0.40350,46.09560,0.24660,108,1,0.53305,0.54584,1,0.43437,0.55078,0,,0.23656,0.73329,21.07038,1.04038,1,0.59964,0.70547,17.49839,1.03437,1,
0,Games,2843,46.70321,62548261186,0.46884,0.56876,46.40733,0.29588,109,1,0.43761,0.59239,1,0.43437,0.55078,0,,0.23405,0.73381,21.60509,1.03042,1,0.59721,0.70658,17.99500,1.03445,1,
0,Games,2866,47.08113,62549439242,0.41975,0.59045,46.71973,0.36140,110,1,0.86776,0.48427,1,0.43437,0.55078,0,,0.24469,0.72948,21.39514,1.02544,1,0.60726,0.70283,17.50516,1.01943,1,
0,Games,2886,47.40972,62550463534,0.82369,0.47259,47.14684,0.26289,111,1,0.73686,0.49235,1,0.43437,0.55078,0,,0.24284,0.72918,21.32010,1.01020,1,0.60566,0.70162,17.63773,1.00917,1,
0,Games,2902,47.67260,62551282994,0.66668,0.45061,47.42594,0.24666,112,1,0.59851,0.43391,1,0.43437,0.55078,0,,0.23764,0.72945,21.62051,1.06630,1,0.60087,0.70122,17.56327,1.06519,1,
0,Games,2918,47.93534,62552101997,0.54755,0.44267,47.68882,0.24652,113,1,0.47412,0.44004,1,0.43437,0.55078,0,,0.23465,0.73004,21.44886,1.05940,1,0.59754,0.70229,18.81608,1.06419,1,
0,Games,2939,48.28024,62553177118,0.46542,0.44410,47.95171,0.32854,114,1,0.86638,0.34412,1,0.43437,0.55078,0,,0.24453,0.72849,21.72771,1.06710,1,0.60628,0.70161,18.45797,1.07188,1,
0,Games,2963,48.67445,62554405955,0.82256,0.40858,48.34609,0.32835,115,1,0.64813,0.24052,1,0.43437,0.55078,0,,0.24184,0.72441,21.58619,0.99680,1,0.60287,0.69719,18.67300,0.98648,1,
0,Games,2986,49.05231,62555583845,0.56910,0.23282,48.74218,0.31013,116,1,0.54077,0.21629,1,0.43437,0.55078,0,,0.23440,0.72348,21.53188,1.01752,1,0.59630,0.69547,18.99902,1.02155,1,
0,Games,3009,49.43045,62556762591,0.46223,0.25327,49.06896,0.36149,117,1,0.41216,0.25642,1,0.43437,0.55078,0,,0.23264,0.72383,22.17752,1.03555,1,0.59411,0.69689,19.18315,1.02954,1,
0,Games,3026,49.70955,62557632609,0.43416,0.29439,49.44656,0.26299,118,1,0.83308,0.44633,1,0.43437,0.55078,0,,0.24610,0.72879,22.68155,0.99987,1,0.60727,0.70282,18.33201,0.99892,1,
0,Games,3048,50.07096,62558759189,0.80574,0.45738,49.77517,0.29578,119,1,0.71851,0.48381,1,0.43437,0.55078,0,,0.24355,0.72963,22.68633,1.04258,1,0.60621,0.70319,17.65806,1.04155,1,
0,Games,3066,50.36760,62559683894,0.66773,0.54541,50.08731,0.28029,120,1,0.55036,0.89812,0,0.43437,0.55078,0,,0.23843,0.73730,7.64171,1.05042,0,0.60281,0.70119,15.02889,1.05445,0,
0,Games,3096,50.85941,62561216984,0.52547,0.40623,50.62943,0.22998,121,1,0.84726,0.39141,1,0.43437,0.55078,0,,0.24507,0.72803,22.43517,1.10829,1,0.60786,0.70078,17.83430,1.10727,1,
0,Games,3114,51.15503,62562138474,0.84637,0.50496,50.92503,0.23001,122,1,0.81453,0.50921,1,0.43437,0.55078,0,,0.24552,0.73148,21.81950,1.00016,1,0.60853,0.70478,17.54616,0.99921,1,
0,Games,3140,51.58236,62563470572,0.44770,0.49159,51.27013,0.31223,123,1,0.51451,0.46680,1,0.43437,0.55078,0,,0.23585,0.73065,20.12839,1.04031,1,0.59816,0.70245,17.51780,1.03928,1,
0,Games,3161,51.92701,62564544926,0.45113,0.44126,51.59869,0.32833,124,1,0.39054,0.36877,1,0.43437,0.55078,0,,0.23429,0.72777,18.52840,1.04197,1,0.59699,0.70024,15.67911,1.04675,1,
0,Games,3180,52.23930,62565518331,0.43821,0.36583,51.94339,0.29589,125,1,0.68230,0.40182,1,0.43437,0.55078,0,,0.24102,0.72940,19.18469,1.07366,1,0.60353,0.70204,16.14278,1.06766,1,
0,Games,3198,52.53492,62566439891,0.72163,0.47272,52.30505,0.22987,126,1,0.56957,0.56351,1,0.43437,0.55078,0,,0.23750,0.73337,19.23494,1.03020,1,0.60010,0.70475,15.69920,1.02924,1,
0,Games,3224,52.96220,62567771824,0.47574,0.61126,52.60078,0.36142,127,1,0.36165,0.67114,1,0.43437,0.55078,0,,0.23354,0.73680,20.78048,1.03056,1,0.59665,0.70966,17.78119,1.02954,1,
0,Games,3252,53.42201,62569205148,0.38873,0.68184,52.97852,0.44350,128,1,0.49972,0.72832,1,0.43437,0.55078,0,,0.23745,0.73872,21.87515,1.08620,1,0.60086,0.71260,18.82870,1.08525,1,
0,Games,3270,53.71764,62570126688,0.79549,0.90311,53.48763,0.23001,129,1,0.88669,0.95452,1,0.58828,0.58496,0,,0.24295,0.74489,21.78685,0.99027,1,0.60601,0.71671,18.48049,0.98924,1,
0,Games,3292,54.07919,62571253663,0.86472,0.93634,53.73406,0.34512,130,1,0.86750,0.88578,1,0.58750,0.57813,0,,0.24304,0.74392,20.67818,1.04053,1,0.60628,0.71597,18.25644,1.03950,1,
0,Games,3299,54.19418,62571612137,0.88965,0.78032,54.09538,0.09879,131,1,0.95523,0.37821,1,0.59141,0.56934,0,,0.24550,0.72843,21.42919,1.04551,1,0.60680,0.70139,18.38252,1.03950,1,
0,Games,3321,54.55550,62572738482,0.98937,0.29058,54.26114,0.29436,132,1,0.98650,0.17885,1,0.94219,0.25293,0,,0.24357,0.72408,20.59253,0.98702,1,0.60336,0.69666,18.59916,0.99105,1,
0,Games,3378,55.49187,62575657369,1.00681,0.23428,54.57174,0.92013,133,1,1.01172,0.32894,1,0.98828,0.22070,0,,0.24048,0.72943,21.55358,0.97953,1,0.60053,0.70166,19.12947,0.97850,1,
0,Games,3397,55.80399,62576630301,0.90682,0.88202,55.55762,0.24637,134,1,0.89338,0.97203,1,0.98828,0.22070,0,,0.23578,0.74956,21.64039,1.00009,1,0.59733,0.72075,19.55868,1.00412,1,
0,Games,3436,56.44479,62578627784,0.89347,0.91198,55.82037,0.62442,135,1,0.87006,0.78790,1,0.98828,0.21973,0,,0.23368,0.74425,21.74949,1.05547,1,0.59578,0.71554,17.93451,1.05445,1,
0,Games,3453,56.72393,62579497957,0.87586,0.70067,56.51035,0.21358,136,1,0.87515,0.92094,1,0.98906,0.21875,0,,0.23358,0.74920,20.88672,1.02038,1,0.59495,0.72017,18.96004,1.01935,1,
0,Games,3478,57.13461,62580778102,0.86786,0.90634,56.78960,0.34500,137,1,0.91812,0.44679,1,0.98906,0.21875,0,,0.23279,0.73394,21.36823,1.01042,1,0.59330,0.70407,18.65878,1.00939,1,
0,Games,3496,57.43066,62581700957,0.77205,0.30460,57.20054,0.23012,138,1,0.58930,0.37657,1,0.75391,0.36230,0,,0.22575,0.73022,20.10269,1.03117,1,0.58658,0.69982,18.27356,1.04102,1,
0,Games,3515,57.74253,62582673139,0.53907,0.46284,57.49584,0.24669,139,1,0.50217,0.52122,1,0.73828,0.38574,0,,0.22646,0.73518,20.27352,1.05215,1,0.58786,0.70509,18.50547,1.05113,1,
0,Games,3530,57.98913,62583441811,0.41830,0.46662,57.75904,0.23009,140,1,0.37512,0.44926,1,0.73594,0.39063,0,,0.21890,0.73336,21.36693,1.04540,1,0.58006,0.70137,19.62700,1.04445,1,
0,Games,3543,58.20222,62584106055,0.59617,0.44557,58.00539,0.19682,141,1,0.68879,0.45372,1,0.73594,0.39063,0,,0.23024,0.73540,22.42904,1.05774,1,0.59131,0.70426,19.03043,1.05672,1,
0,Games,3557,58.43233,62584823414,0.54141,0.45015,58.21896,0.21338,142,1,0.42062,0.42494,1,0.73594,0.39063,0,,0.22385,0.73541,22.15940,1.02544,1,0.58469,0.70478,20.24139,1.02448,1,
0,Games,3584,58.87611,62586206734,0.38548,0.38473,58.49824,0.37787,143,1,0.51479,-0.19159,0,0.73594,0.39063,0,,0.23091,0.72336,13.30826,1.02514,0,0.58318,0.68913,6.75100,1.02412,0,
0,Games,3612,59.33613,62587640732,0.48904,0.31730,59.13869,0.19743,144,1,0.86449,0.37074,1,0.73516,0.39063,0,,0.23881,0.72931,22.69449,1.04945,1,0.59953,0.69948,19.30290,1.03755,1,
0,Games,3630,59.63158,62588561741,0.75510,0.38100,59.40173,0.22986,145,1,0.51459,0.34533,1,0.73516,0.39063,0,,0.22833,0.72909,22.26237,1.06381,1,0.58926,0.69818,18.79819,1.06860,1,
0,Games,3649,59.94521,62589539388,0.46004,0.36493,59.69762,0.24759,146,1,0.41948,0.32485,1,0.73516,0.39063,0,,0.22016,0.73046,21.97349,1.06377,1,0.58113,0.69872,19.15853,1.06856,1,
0,Games,3675,60.37070,62590865704,0.39835,0.34154,59.96023,0.41048,147,1,0.48167,0.43755,1,0.73516,0.39063,0,,0.22003,0.73021,22.38898,0.98522,1,0.58181,0.69699,19.13733,0.98426,1,
0,Games,3693,60.66644,62591787583,0.89565,0.75898,60.43696,0.22948,148,1,0.86054,0.50737,1,0.73516,0.39063,0,,0.23306,0.73210,23.12055,1.01042,1,0.59336,0.69932,19.03366,1.00939,1,
0,Games,3711,60.96221,62592709563,0.76777,0.44899,60.73251,0.22971,149,1,0.60779,0.28901,1,0.73516,0.39063,0,,0.22525,0.72885,22.38273,1.05302,1,0.58609,0.69613,19.16781,1.04701,1,
0,Games,3735,61.35645,62593938503,0.60527,0.34271,61.02824,0.32822,150,1,0.75805,0.64630,1,0.73516,0.39063,0,,0.23083,0.74084,23.25669,1.01631,1,0.59015,0.70756,18.70231,1.01031,1,
0,Games,3755,61.68496,62594962547,0.86181,0.84100,61.42207,0.26289,151,1,0.88816,0.87831,1,0.73516,0.39063,0,,0.23359,0.74857,22.95399,1.01540,1,0.59540,0.71615,19.33977,1.00939,1,
0,Games,3768,61.89860,62595628504,0.63451,0.86696,61.70132,0.19728,152,1,0.18068,0.84125,1,0.73516,0.39063,0,,0.21308,0.74799,21.53785,1.05547,1,0.57346,0.71481,18.92042,1.05445,1,
0,Games,3784,62.16155,62596448171,0.36322,0.63895,61.96447,0.19708,153,1,0.57194,0.29265,1,0.73516,0.39063,0,,0.22512,0.72910,19.94511,1.05324,1,0.58412,0.69670,17.62745,1.04723,1,
0,Games,3809,62.57207,62597727849,0.53168,0.31720,62.22694,0.34514,154,1,0.51809,0.34695,1,0.73516,0.39063,0,,0.22058,0.72860,19.88526,1.01540,1,0.58087,0.69525,17.97528,1.00939,1,
0,Games,3825,62.83506,62598547672,0.44270,0.26758,62.58918,0.24588,155,1,0.41487,0.24352,1,0.73516,0.39063,0,,0.21911,0.72823,20.70063,1.07594,1,0.57983,0.69489,18.47406,1.07491,1,
0,Games,3852,63.27845,62599929781,0.39647,0.30410,62.85131,0.42714,156,1,0.29026,0.43252,1,0.73125,0.39258,0,,0.21647,0.73270,21.16056,1.07291,1,0.57710,0.69958,19.30929,1.06690,1,
0,Games,3870,63.57446,62600852492,0.12633,0.93313,63.34405,0.23041,157,1,0.18171,1.11849,0,0.61641,0.44141,0,,0.21406,0.75209,11.28831,1.03027,0,0.57485,0.71459,16.38345,1.03430,0,
0,Games,3904,64.13282,62602593058,0.43007,0.31735,63.83720,0.29562,158,1,0.38489,0.36006,1,0.58516,0.45410,0,,0.21888,0.72222,19.63711,1.01547,1,0.58022,0.68835,17.32608,1.01445,1,
0,Games,3928,64.52691,62603821530,0.40936,0.36994,64.14918,0.37773,159,1,0.45955,0.46504,1,0.58516,0.45410,0,,0.22307,0.72176,20.00772,1.03532,1,0.58516,0.68767,17.22387,1.02932,1,
0,Games,3973,65.26601,62606125474,0.46722,0.43589,64.54383,0.72218,160,1,0.57809,0.52791,1,0.58516,0.45410,0,,0.22800,0.72780,19.67769,1.04297,1,0.58933,0.69434,15.80917,1.04775,1,
0,Games,4006,65.80814,62607815405,0.61362,0.59699,65.33207,0.47607,161,1,0.38983,0.44395,1,0.58516,0.45410,0,,0.22085,0.72511,20.08747,1.02038,1,0.58144,0.69058,17.59757,1.01437,1,
0,Games,4035,66.28469,62609300878,0.36681,0.45389,65.87391,0.41078,162,1,0.38750,0.58607,1,0.58516,0.45410,0,,0.22561,0.72958,21.58924,1.01027,1,0.58679,0.69696,19.03025,1.00932,1,
0,Games,4099,67.33619,62612578647,0.36595,0.56500,66.30116,1.03503,163,1,0.61095,0.54848,1,0.58516,0.45410,0,,0.22931,0.73122,22.32571,1.01547,1,0.59172,0.69619,18.69040,1.01445,1,
0,Games,4123,67.73028,62613807113,0.64467,0.49545,67.40189,0.32838,164,1,0.50904,0.39063,1,0.58516,0.45410,0,,0.22747,0.72640,22.07106,1.01525,1,0.58883,0.69103,18.61918,1.01928,1,
0,Games,4149,68.15737,62615138450,0.44803,0.32584,67.79639,0.36098,165,1,0.40369,0.34036,1,0.58516,0.45410,0,,0.22434,0.72660,21.29173,1.05623,1,0.58548,0.69138,18.32665,1.05520,1,
0,Games,4180,68.66677,62616726357,0.38870,0.33042,68.17388,0.49289,166,1,0.38378,0.57706,1,0.58516,0.45410,0,,0.22125,0.73120,13.57070,1.05049,1,0.58331,0.69266,16.62930,1.04448,1,
0,Games,4216,69.25837,62618570486,0.45880,0.51619,69.02816,0.23021,167,1,0.41629,0.44774,1,0.58359,0.45703,0,,0.22484,0.72624,22.13868,1.04297,1,0.58677,0.69155,19.01633,1.05281,1,
0,Games,4277,70.26012,62621693164,0.42808,0.44744,69.27450,0.98563,168,1,0.42896,0.42978,1,0.58359,0.45703,0,,0.22737,0.72459,19.14846,1.05940,1,0.58941,0.69061,16.13339,1.06419,1,
0,Games,4298,70.60497,62622768164,0.43795,0.40718,70.27637,0.32860,169,1,0.42484,0.44090,1,0.58359,0.45703,0,,0.22572,0.72475,19.68774,1.02060,1,0.58791,0.69024,17.38884,1.01459,1,
0,Games,4315,70.88424,62623638667,0.47525,0.43609,70.62164,0.26260,170,1,0.50593,0.45589,1,0.58359,0.45703,0,,0.22919,0.72736,20.12696,1.02060,1,0.59127,0.69227,17.87302,1.01459,1,
0,Games,4340,71.29565,62624921133,0.49818,0.44224,70.90099,0.39465,171,1,0.49364,0.40978,1,0.58359,0.45703,0,,0.22826,0.72851,20.36884,1.04536,1,0.59036,0.69283,17.61109,1.04939,1,
0,Games,4358,71.59060,62625840545,0.48283,0.44602,71.31147,0.27913,172,1,0.44508,0.48286,1,0.58359,0.45703,0,,0.22633,0.72992,20.37730,1.04204,1,0.58826,0.69413,18.38167,1.04607,1,
0,Games,4392,72.14942,62627582540,0.42880,0.46510,71.60708,0.54234,173,1,0.39505,0.48943,1,0.58359,0.45703,0,,0.22165,0.73322,20.91368,1.01525,1,0.58414,0.69574,17.97044,1.02509,1,
0,Games,4405,72.36298,62628248267,0.56972,0.46396,72.16586,0.19713,174,1,0.62056,0.47945,1,0.58359,0.45703,0,,0.22831,0.73334,21.31983,1.02514,1,0.59019,0.69647,17.48532,1.02917,1,
0,Games,4436,72.87223,62629835685,0.58112,0.47790,72.37920,0.49303,175,1,0.51070,0.52866,1,0.58359,0.45703,0,,0.22419,0.73441,21.23239,1.01525,1,0.58566,0.69661,18.42970,1.01928,1,
0,Games,4477,73.54560,62631934741,0.44499,0.51350,72.93772,0.60788,176,1,0.39925,0.47918,1,0.58359,0.45703,0,,0.22489,0.73301,21.69705,1.05276,1,0.58661,0.69701,19.50713,1.04675,1,
0,Games,4496,73.85781,62632907959,0.44248,0.49582,73.56196,0.29585,177,1,0.81158,0.39396,1,0.58359,0.45703,0,,0.23686,0.72880,21.80695,1.05951,1,0.59754,0.69316,18.64073,1.06354,1,
0,Games,4513,74.13723,62633778935,0.68156,0.33085,73.92367,0.21356,178,1,0.57877,0.20541,1,0.58359,0.45703,0,,0.23020,0.72132,20.59908,1.02763,1,0.59091,0.68547,19.03975,1.03166,1,
0,Games,4537,74.53121,62635007095,0.49520,0.15530,74.20271,0.32851,179,1,0.46067,0.15757,1,0.58359,0.45703,0,,0.22568,0.72135,20.24553,1.03850,1,0.58642,0.68507,18.31665,1.04328,1,
0,Games,4556,74.84342,62635980331,0.39243,0.20121,74.54772,0.29570,180,1,0.37051,0.21568,1,0.58359,0.45703,0,,0.22309,0.72207,20.09263,0.99532,1,0.58366,0.68590,18.66117,0.99437,1,
0,Games,4575,75.15556,62636953319,0.39153,0.26623,74.86012,0.29544,181,1,0.57348,0.33867,1,0.58359,0.45703,0,,0.22837,0.72697,20.37676,1.03774,1,0.58860,0.68955,18.14104,1.03679,1,
0,Games,4594,75.46774,62637926439,0.47844,0.29138,75.22137,0.24637,182,1,0.44460,0.25839,1,0.58359,0.45703,0,,0.22300,0.72936,20.69076,1.12573,1,0.58407,0.69135,18.84234,1.11880,1,
0,Games,4631,76.07571,62639821585,0.41425,0.29872,75.48411,0.59160,183,1,0.39357,0.22460,1,0.58359,0.45703,0,,0.22646,0.72802,21.04949,1.09615,1,0.58749,0.69254,19.28016,1.10094,1,
0,Games,4652,76.42059,62640896657,0.39325,0.33542,76.09185,0.32874,184,1,0.36412,0.37910,1,0.58359,0.45703,0,,0.22382,0.72901,20.41213,1.04961,1,0.58453,0.69220,17.99646,1.03770,1,
0,Games,4683,76.92959,62642483316,0.36706,0.32895,76.43708,0.49251,185,1,0.33460,0.28888,1,0.58359,0.45703,0,,0.22356,0.72548,20.94325,1.00543,1,0.58375,0.68895,18.35081,1.01022,1,
0,Games,4712,77.40592,62643968162,0.33988,0.31480,76.94605,0.45987,186,1,0.34046,0.36216,1,0.58359,0.45703,0,,0.22324,0.72939,19.93628,1.04551,1,0.58334,0.69237,17.60710,1.03950,1,
0,Games,4741,77.88247,62645453676,0.36467,0.35799,77.42257,0.45990,187,1,0.36914,0.28842,1,0.58359,0.45703,0,,0.22358,0.72557,19.25076,1.01723,1,0.58375,0.68865,17.19033,1.01628,1,
0,Games,4793,78.73684,62648116951,0.36379,0.30308,77.89893,0.83791,188,1,0.59863,0.37228,1,0.58359,0.45703,0,,0.23197,0.72974,18.26772,1.03020,1,0.59158,0.69426,15.88866,1.03422,1,
0,Games,4814,79.08184,62649192397,0.76537,0.47134,78.80245,0.27939,189,1,0.72397,0.40971,1,0.58359,0.45703,0,,0.23524,0.73330,19.50841,1.05713,1,0.59603,0.69825,16.68694,1.05112,1,
0,Games,4831,79.36076,62650061837,0.65508,0.46939,79.09834,0.26242,190,1,0.59297,0.50169,1,0.58359,0.45703,0,,0.23387,0.73401,20.60153,1.00543,1,0.59495,0.69813,17.00389,1.00448,1,
0,Games,4849,79.65678,62650984580,0.52918,0.51048,79.37740,0.27937,191,1,0.44799,0.51763,1,0.58359,0.45703,0,,0.22798,0.73752,20.78018,1.06049,1,0.58933,0.70056,17.57818,1.05357,1,
0,Games,4869,79.98518,62652008246,0.42304,0.53242,79.67323,0.31195,192,1,0.39439,0.55757,1,0.58359,0.45703,0,,0.22407,0.73729,20.92265,1.02031,1,0.58504,0.70001,18.13952,1.01935,1,
0,Games,4885,80.24790,62652827229,0.44542,0.52908,80.00178,0.24612,193,1,0.77103,0.42850,1,0.58359,0.45703,0,,0.23489,0.73393,21.90820,1.06228,1,0.59549,0.69790,17.66837,1.05628,1,
0,Games,4903,80.54353,62653748785,0.66129,0.43205,80.31399,0.22954,194,1,0.56540,0.38289,1,0.58359,0.45703,0,,0.23090,0.73193,21.18787,1.07067,1,0.59152,0.69499,17.48097,1.05877,1,
0,Games,4926,80.92152,62654927040,0.49665,0.43984,80.60950,0.31201,195,1,0.45900,0.53795,0,0.58359,0.45703,0,,0.22784,0.73138,16.19221,1.04031,0,0.58970,0.69359,14.19880,1.03928,0,
0,Games,4953,81.36550,62656311053,0.39253,0.20863,81.13519,0.23032,196,1,0.64199,0.31418,1,0.58359,0.45703,0,,0.23352,0.72663,20.84191,1.02038,1,0.59348,0.69062,17.72651,1.01935,1,
0,Games,4974,81.71001,62657384963,0.73789,0.36223,81.43063,0.27939,197,1,0.71440,0.35075,1,0.58359,0.45703,0,,0.23471,0.72887,19.36133,1.02634,1,0.59489,0.69238,17.32368,1.03618,1,
0,Games,4988,81.93999,62658101847,0.60875,0.46401,81.72648,0.21352,198,1,0.54097,0.49918,1,0.58359,0.45703,0,,0.22878,0.73653,20.80707,1.04825,1,0.58983,0.69902,17.15259,1.04225,1,
0,Games,5007,82.25228,62659075325,0.48760,0.51062,81.95640,0.29588,199,1,0.45418,0.49650,1,0.58359,0.45703,0,,0.22481,0.73765,20.37841,1.07291,1,0.58638,0.70019,17.60947,1.07188,1,
0,Games,5034,82.69619,62660459072,0.40531,0.51550,82.26855,0.42764,200,1,0.60879,0.55637,1,0.58359,0.45703,0,,0.22938,0.73862,21.87043,1.00106,1,0.59049,0.70086,19.37152,0.99505,1,
0,Games,5053,83.00774,62661430273,0.73508,0.43173,82.76337,0.24437,201,1,0.61631,0.26338,1,0.58359,0.45703,0,,0.23214,0.73012,22.21426,1.08723,1,0.59122,0.69256,18.83975,1.08030,1,
0,Games,5073,83.33637,62662454648,0.54833,0.25934,83.07349,0.26288,202,1,0.47176,0.28214,1,0.58359,0.45703,0,,0.22701,0.73010,22.40719,1.03547,1,0.58664,0.69216,19.61694,1.02946,1,
0,Games,5104,83.84550,62664041705,0.43232,0.27898,83.35290,0.49260,203,1,0.37736,0.31012,1,0.58359,0.45703,0,,0.22436,0.72771,22.18865,0.98016,1,0.58394,0.69075,19.51934,0.97921,1,
0,Games,5128,84.23988,62665271066,0.38671,0.29081,83.86211,0.37776,204,1,0.49562,0.53739,1,0.58359,0.45703,0,,0.22811,0.73440,22.66198,0.99510,1,0.58737,0.69788,19.02900,0.99415,1,
0,Games,5146,84.53550,62666192603,0.79187,0.91527,84.30576,0.22974,205,1,0.85930,0.91543,1,0.58359,0.45703,0,,0.23881,0.74142,23.02760,1.04052,1,0.59967,0.70619,19.68374,1.03950,1,
0,Games,5172,84.96278,62667524526,0.17914,0.89890,84.65047,0.31230,206,1,0.26664,0.96543,0,0.58359,0.45703,0,,0.22409,0.73794,13.00750,1.09151,0,0.58651,0.70188,13.46906,1.09049,0,
0,Games,5201,85.43909,62669009297,0.44448,0.35913,85.22549,0.21361,207,1,0.59351,0.69678,1,0.58359,0.45703,0,,0.23210,0.73305,20.41243,1.04763,1,0.59277,0.69855,16.05313,1.05166,1,
0,Games,5219,85.73475,62669930920,0.52681,0.61430,85.50484,0.22990,208,1,0.42343,0.39810,1,0.58359,0.45703,0,,0.23068,0.72489,20.33377,1.04219,1,0.59043,0.69118,17.92217,1.03618,1,
0,Games,5243,86.12884,62671159394,0.42979,0.40031,85.80047,0.32837,209,1,0.63624,0.48183,1,0.58359,0.45703,0,,0.24335,0.71806,20.73261,1.01019,1,0.60617,0.68962,16.93036,1.00917,1,
0,Games,5278,86.70397,62672952196,0.72575,0.58216,86.19473,0.50925,210,1,0.75883,0.60965,1,0.58359,0.45703,0,,0.28833,0.68656,22.94362,0.99510,1,0.65529,0.68448,18.25228,0.99415,1,
0,Games,5295,86.98309,62673822240,0.76669,0.58594,86.72048,0.26260,211,1,0.87488,0.49207,1,0.58359,0.45703,0,,0.28879,0.68746,23.04571,1.00008,1,0.65512,0.68305,17.84155,1.00411,1,
0,Games,5312,87.26261,62674693617,0.78683,0.49339,86.99960,0.26302,212,1,0.71027,0.53342,1,0.58359,0.45703,0,,0.28684,0.68914,23.25338,0.98016,1,0.65410,0.68434,18.38420,0.97921,1,
0,Games,5332,87.59095,62675717092,0.67777,0.47957,87.27897,0.31198,213,1,0.62792,0.41853,1,0.58359,0.45703,0,,0.27893,0.68912,22.94105,1.02763,1,0.64598,0.67996,18.34800,1.03166,1,
0,Games,5348,87.85398,62676537040,0.55590,0.44932,87.60744,0.24654,214,1,0.51076,0.45524,1,0.58359,0.45703,0,,0.26783,0.69464,22.47807,1.01525,1,0.63548,0.68431,19.18001,1.01928,1,
0,Games,5361,88.06760,62677202960,0.66262,0.47201,87.87020,0.19740,215,1,0.88716,0.46819,1,0.58359,0.45703,0,,0.28431,0.70356,22.58728,1.00016,1,0.65130,0.69706,18.41097,0.99415,1,
0,Games,5383,88.42995,62678332458,0.78221,0.44388,88.13343,0.29652,216,1,0.72744,0.42275,1,0.58359,0.45703,0,,0.27651,0.70304,22.27821,1.01027,1,0.64251,0.69272,18.91294,1.00426,1,
0,Games,5405,88.79017,62679455348,0.72083,0.43564,88.44546,0.34471,217,1,0.62508,0.41917,1,0.58359,0.45703,0,,0.27292,0.70015,22.08566,1.02514,1,0.63936,0.68951,18.18614,1.02411,1,
0,Games,5427,89.15170,62680582282,0.58476,0.42456,88.80669,0.34500,218,1,0.53722,0.41840,1,0.58359,0.45703,0,,0.27118,0.70052,21.52344,1.04770,1,0.63697,0.69036,18.11692,1.04170,1,
0,Games,5446,89.46384,62681555312,0.49916,0.38067,89.21732,0.24652,219,1,0.84304,0.36969,1,0.58359,0.45703,0,,0.28060,0.70014,21.81300,0.99510,1,0.64489,0.68958,19.45005,0.99415,1,
0,Games,5463,89.74306,62682425707,0.75797,0.33456,89.52943,0.21364,220,1,0.67389,0.27199,1,0.58359,0.45703,0,,0.27395,0.69529,21.71828,0.98514,1,0.63769,0.68360,19.54370,0.98917,1,
0,Games,5481,90.03869,62683347246,0.55402,0.19845,89.80900,0.22969,221,1,0.45839,0.18916,1,0.58359,0.45703,0,,0.26527,0.69621,20.68875,0.98521,1,0.62893,0.68441,19.26861,0.98419,1,
0,Games,5501,90.36718,62684371202,0.42284,0.14907,90.05518,0.31200,222,1,0.37415,0.14698,1,0.58359,0.45703,0,,0.25753,0.70161,20.50053,1.00529,1,0.62121,0.68615,19.02972,1.00932,1,
0,Games,5521,90.69581,62685395620,0.38860,0.14975,90.38381,0.31200,223,1,0.61018,0.27436,1,0.58359,0.45703,0,,0.26632,0.70641,21.09487,1.01601,1,0.62982,0.69185,18.79600,1.02585,1,
0,Games,5540,91.00813,62686369204,0.77939,0.38324,90.76154,0.24658,224,1,0.67772,0.37703,1,0.58359,0.45703,0,,0.26663,0.70988,22.34395,1.00507,1,0.63089,0.69366,18.89471,1.00910,1,
0,Games,5560,91.33642,62687392543,0.62002,0.35668,91.02442,0.31200,225,1,0.55149,0.34510,1,0.58359,0.45703,0,,0.26055,0.71000,22.83359,1.03269,1,0.62541,0.69312,19.24917,1.03166,1,
0,Games,5576,91.59930,62688211981,0.49718,0.31034,91.35293,0.24637,226,1,0.47431,0.28800,1,0.58359,0.45703,0,,0.25901,0.70702,22.50813,1.01540,1,0.62393,0.69118,19.41245,1.00939,1,
0,Games,5625,92.40430,62690721357,0.72174,0.38014,92.05953,0.34477,227,1,0.66427,0.38862,1,0.58359,0.45703,0,,0.26411,0.71007,22.61775,1.00008,1,0.62818,0.69208,18.53350,1.00411,1,
0,Games,5653,92.86456,62692156081,0.46256,0.19329,92.47007,0.39449,228,1,0.40505,0.37997,1,0.58359,0.45703,0,,0.25416,0.70866,20.96104,0.99510,1,0.61660,0.68933,18.51709,0.99415,1,
0,Games,5677,93.25855,62693384241,0.38971,0.36460,92.92977,0.32878,229,1,0.81051,0.38366,1,0.58359,0.45703,0,,0.26612,0.71261,20.72794,1.03041,1,0.62865,0.69450,17.68910,1.02939,1,
0,Games,5701,93.65278,62694613134,0.79526,0.39251,93.32446,0.32832,230,1,0.72238,0.34598,1,0.58359,0.45703,0,,0.26341,0.71369,21.01291,1.10214,1,0.62716,0.69384,17.27333,1.10111,1,
0,Games,5717,93.91567,62695432628,0.64522,0.40223,93.66927,0.24640,231,1,0.50404,0.39253,1,0.58359,0.45703,0,,0.25804,0.71478,21.21861,1.05193,1,0.62144,0.69503,17.69440,1.05671,1,
0,Games,5757,94.57267,62697480634,0.42646,0.42481,93.98129,0.59138,232,1,0.42337,0.50993,1,0.58359,0.45703,0,,0.25407,0.71884,21.92356,0.99111,1,0.61682,0.69794,18.84437,0.99514,1,
0,Games,5777,94.90127,62698504933,0.78808,0.88270,94.63979,0.26147,233,1,0.84912,0.89119,1,0.58359,0.45703,0,,0.26110,0.72962,22.15369,1.01540,1,0.62445,0.70735,18.66074,1.01437,1,
0,Games,5819,95.59127,62700655824,0.22027,0.91235,95.01644,0.57483,234,1,0.41150,0.89049,1,0.58203,0.47168,0,,0.25469,0.72747,19.32679,1.01525,1,0.61810,0.70643,14.65733,1.01928,1,
0,Games,5838,95.90343,62701628911,0.45666,0.97783,95.65676,0.24667,235,1,0.48908,1.16227,1,0.58438,0.48340,0,,0.25755,0.73668,18.99871,1.02038,1,0.62035,0.71607,16.17964,1.01437,1,
0,Games,5855,96.18279,62702499729,0.49666,1.04609,95.96888,0.21391,236,1,0.46212,0.44527,1,0.58438,0.48340,0,,0.25679,0.71423,17.80817,1.09658,1,0.61925,0.69489,16.28621,1.08966,1,
0,Games,5883,96.64263,62703933169,0.44482,0.45517,96.24827,0.39436,237,1,0.42904,0.48956,1,0.58438,0.48438,0,,0.25173,0.71744,18.28912,1.03601,1,0.61527,0.69515,16.74106,1.04004,1,
0,Games,5921,97.26688,62705879088,0.40139,0.47058,96.65919,0.60770,238,1,0.39748,0.55443,1,0.58438,0.48438,0,,0.24906,0.72137,20.98858,1.00543,1,0.61216,0.69820,19.04756,0.99943,1,
0,Games,5952,97.77601,62707466138,0.50864,0.65829,97.33247,0.44354,239,1,0.47804,0.66244,1,0.58438,0.48438,0,,0.24949,0.73070,22.87270,1.04763,1,0.61299,0.70582,19.27556,1.05747,1,
0,Games,5969,98.05550,62708337393,0.39562,0.63642,97.79252,0.26299,240,1,0.31072,0.61630,1,0.58438,0.48438,0,,0.24485,0.72909,23.39129,1.06582,1,0.60809,0.70359,19.03186,1.07061,1,
0,Games,5993,98.45002,62709567163,0.29649,0.61402,98.07177,0.37825,241,1,0.27954,0.56468,1,0.58438,0.48438,0,,0.24566,0.72772,23.55557,1.11385,1,0.60871,0.70321,20.11183,1.11863,1,
0,Games,6007,98.67948,62710282455,0.33525,0.46781,98.46587,0.21361,242,1,0.46739,0.30381,1,0.58438,0.48438,0,,0.25202,0.71774,22.42744,1.05774,1,0.61353,0.69334,18.82504,1.05671,1,
0,Games,6035,99.13961,62711716798,0.41802,0.28921,98.74520,0.39441,243,1,0.37562,0.21406,1,0.58438,0.48438,0,,0.25078,0.71425,21.53297,1.04551,1,0.61302,0.69072,18.82898,1.04448,1,
0,Games,6055,99.46850,62712741969,0.37948,0.25546,99.15598,0.31252,244,1,0.38151,0.31161,1,0.58438,0.48438,0,,0.24880,0.71432,22.17450,0.98016,1,0.61079,0.69005,19.78279,0.97921,1,
0,Games,6071,99.73103,62713560338,0.42343,0.25218,99.48432,0.24670,245,1,0.89158,0.42035,1,0.58438,0.48438,0,,0.26432,0.72085,22.48689,1.05925,1,0.62535,0.69702,18.42474,1.06328,1,
0,Games,6090,100.04298,62714532779,0.77842,0.40559,99.79719,0.24579,246,1,0.64858,0.28135,1,0.58438,0.48438,0,,0.25818,0.71476,21.70195,1.00008,1,0.61906,0.68985,18.56361,0.99913,1,
0,Games,6113,100.42071,62715710221,0.57045,0.27357,100.10873,0.31198,247,1,0.53152,0.24877,1,0.58438,0.48438,0,,0.25210,0.71463,21.64849,1.00023,1,0.61431,0.68954,19.33302,0.99921,1,
0,Games,6134,100.76662,62716788513,0.47584,0.23204,100.43751,0.32912,248,1,0.43998,0.22549,1,0.58438,0.48438,0,,0.24929,0.71498,21.96067,1.02023,1,0.61147,0.68967,19.52370,1.01928,1,
0,Games,6150,101.02871,62717605491,0.49200,0.26071,100.78234,0.24637,249,1,0.77894,0.38453,1,0.58438,0.48438,0,,0.25993,0.72153,22.44826,1.02038,1,0.62162,0.69672,18.96851,1.01935,1,
0,Games,6171,101.37373,62718681002,0.77147,0.35134,101.09440,0.27933,250,1,0.71142,0.35730,1,0.58438,0.48438,0,,0.25677,0.72230,22.21702,1.02612,1,0.61916,0.69644,18.30002,1.02509,1,
0,Games,6194,101.75143,62719858378,0.57542,0.20823,101.43945,0.31198,251,1,0.51414,0.19951,1,0.58438,0.48438,0,,0.25344,0.71618,21.78159,1.01540,1,0.61522,0.69169,19.03909,1.01437,1,
0,Games,6225,102.26096,62721446726,0.48831,0.19861,101.76804,0.49292,252,1,0.62218,0.19155,1,0.58438,0.48438,0,,0.25459,0.71773,22.30408,1.06287,1,0.61647,0.69257,18.52163,1.06184,1,
0,Games,6246,102.60581,62722521687,0.81689,0.34714,102.32673,0.27908,253,1,0.75503,0.34215,1,0.58438,0.48438,0,,0.26046,0.71923,22.63879,1.03049,1,0.62274,0.69473,19.36326,1.02448,1,
0,Games,6261,102.85209,62723289361,0.67281,0.30634,102.62211,0.22998,254,1,0.51416,0.24294,1,0.58438,0.48438,0,,0.25397,0.71560,22.56874,1.00030,1,0.61544,0.69008,19.36384,1.00433,1,
0,Games,6294,103.39437,62724979779,0.47384,0.19085,102.91793,0.47644,255,1,0.45268,0.21398,1,0.58438,0.48438,0,,0.24948,0.71633,23.26859,1.02084,1,0.61167,0.69015,19.74244,1.02487,1,
0,Games,6308,103.62449,62725697105,0.52277,0.27203,103.41070,0.21379,256,1,0.62960,0.33984,1,0.58438,0.48438,0,,0.25391,0.71936,23.29562,0.99532,1,0.61602,0.69257,19.65860,0.99437,1,
0,Games,6336,104.08431,62727130459,0.57849,0.32011,103.64069,0.44362,257,1,0.53129,0.26877,1,0.58438,0.48438,0,,0.25177,0.71867,23.22576,1.05496,1,0.61430,0.69158,19.46210,1.05393,1,
0,Games,6422,105.49720,62731534771,0.51874,0.30403,104.10053,1.39667,258,1,0.40420,0.25985,1,0.58438,0.48438,0,,0.25032,0.71954,21.25180,1.02038,1,0.61237,0.69446,18.22362,1.01437,1,
0,Games,6456,106.05592,62733276402,0.37223,0.27044,105.56264,0.49327,259,1,0.42392,0.22670,1,0.58438,0.48438,0,,0.25049,0.71811,21.93309,1.05269,1,0.61282,0.69297,18.85063,1.05671,1,
0,Games,6476,106.38406,62734299257,0.69978,0.22930,106.12118,0.26288,260,1,0.60379,0.12632,1,0.58438,0.48438,0,,0.25518,0.71400,21.98330,1.02023,1,0.61640,0.68842,19.00057,1.02426,1,
0,Games,6498,106.74541,62735425699,0.55147,0.12391,106.44953,0.29588,261,1,0.48518,0.13443,1,0.58438,0.48438,0,,0.25220,0.71373,22.45414,1.04030,1,0.61363,0.68765,19.57581,1.04509,1,
0,Games,6523,107.15644,62736706980,0.44299,0.13986,106.76192,0.39452,262,1,0.36244,0.26196,1,0.58438,0.48438,0,,0.24806,0.71708,22.29849,0.99095,1,0.60936,0.69070,19.27934,1.00079,1,
0,Games,6544,107.50089,62737780697,0.36872,0.22060,107.17266,0.32823,263,1,0.40325,0.35418,1,0.58438,0.48438,0,,0.24936,0.71796,19.67436,1.03601,1,0.61232,0.69033,18.22547,1.04079,1,
0,Games,6575,108.01048,62739369158,0.65105,0.90661,107.81332,0.19716,264,1,0.14499,0.88728,1,0.58359,0.48633,0,,0.24026,0.73471,23.48339,1.03767,1,0.60203,0.70792,20.50780,1.03671,1,
0,Games,6596,108.35526,62740443955,0.17624,0.89779,108.07604,0.27922,265,1,0.22455,0.92945,1,0.57891,0.48438,0,,0.23626,0.73702,19.24325,1.04551,1,0.60007,0.70692,17.87739,1.03950,1,
0,Games,6626,108.84832,62741980933,0.52176,0.65019,108.71651,0.13181,266,1,0.14070,1.10852,1,0.57734,0.48535,0,,0.23972,0.74374,20.67560,1.04030,1,0.60014,0.71666,16.41892,1.03928,1,
0,Games,6665,109.48890,62743977728,0.10334,1.12106,108.91393,0.57497,267,1,0.35568,0.72146,1,0.57734,0.48535,0,,0.23946,0.72945,18.92843,1.00023,1,0.60211,0.70081,16.18694,0.99422,1,
0,Games,6687,109.85011,62745103711,0.49992,0.43437,109.55450,0.29561,268,1,0.58869,0.49518,1,0.57969,0.49219,0,,0.24899,0.72496,19.11339,1.02038,1,0.61123,0.69597,15.85505,1.01935,1,
0,Games,6725,110.47439,62747049710,0.56702,0.49297,109.86662,0.60777,269,1,0.56686,0.56189,1,0.59688,0.50391,0,,0.24760,0.72631,21.23516,0.99027,1,0.61034,0.69692,17.83827,0.98426,1,
0,Games,6739,110.70437,62747766648,0.46261,0.46031,110.49090,0.21347,270,1,0.38396,0.39459,1,0.59531,0.50586,0,,0.24189,0.72503,21.90908,1.05298,1,0.60375,0.69431,18.71951,1.04697,1,
0,Games,6771,111.22997,62749405043,0.37142,0.44030,110.72088,0.50909,271,1,0.34572,0.37491,1,0.59531,0.50684,0,,0.24172,0.72556,23.16810,1.06785,1,0.60391,0.69415,20.02271,1.06690,1,
0,Games,6791,111.55862,62750429517,0.37505,0.39427,111.24662,0.31200,272,1,0.36518,0.30481,1,0.59531,0.50684,0,,0.24181,0.72078,23.33937,0.99027,1,0.60358,0.68891,20.49114,0.98426,1,
0,Games,6808,111.83802,62751300478,0.39230,0.29406,111.57497,0.26305,273,1,0.40782,0.21147,1,0.59531,0.50684,0,,0.24057,0.72048,22.45525,1.05774,1,0.60274,0.68825,19.81958,1.06177,1,
0,Games,6823,112.08434,62752068311,0.47726,0.29181,111.85448,0.22986,274,1,0.79050,0.43462,1,0.59531,0.50684,0,,0.25191,0.72805,22.64146,1.06861,1,0.61381,0.69590,18.53700,1.07339,1,
0,Games,6840,112.36486,62752942749,0.62918,0.36769,112.14999,0.21487,275,1,0.46860,0.31697,1,0.59531,0.50684,0,,0.24071,0.72407,21.99747,1.01532,1,0.60220,0.69080,19.15095,1.01430,1,
0,Games,6865,112.77424,62754218837,0.41938,0.27181,112.42922,0.34502,276,1,0.42172,0.18692,1,0.59531,0.50684,0,,0.24003,0.72269,21.90428,1.05117,1,0.60166,0.69030,19.10614,1.05596,1,
0,Games,6889,113.16865,62755448327,0.36736,0.21800,112.79072,0.37793,277,1,0.34723,0.28247,1,0.59531,0.50684,0,,0.23916,0.72270,21.43027,1.01547,1,0.60114,0.69109,18.74765,1.01444,1,
0,Games,6904,113.41496,62756216086,0.38298,0.37196,113.18497,0.22998,278,1,0.40828,0.42014,1,0.59531,0.50684,0,,0.24212,0.72683,21.99125,1.03117,1,0.60427,0.69531,18.12234,1.03596,1,
0,Games,6927,113.79288,62757394214,0.38415,0.43539,113.43122,0.36166,279,1,0.36843,0.55611,1,0.59531,0.50684,0,,0.24012,0.73182,22.10347,1.03822,1,0.60262,0.69999,19.14595,1.04225,1,
0,Games,6963,114.38470,62759238990,0.35141,0.54082,113.80924,0.57545,280,1,0.33818,0.52608,1,0.59531,0.50684,0,,0.23956,0.73222,22.36834,1.02590,1,0.60221,0.70016,19.54231,1.02487,1,
0,Games,6978,114.63056,62760005418,0.40590,0.53974,114.40073,0.22983,281,1,0.63229,0.48680,1,0.59531,0.50684,0,,0.24781,0.73169,22.39328,1.04106,1,0.61018,0.69950,18.61731,1.05090,1,
0,Games,6997,114.94276,62760978598,0.51258,0.52850,114.69653,0.24623,282,1,0.34770,0.55868,1,0.59531,0.50684,0,,0.23943,0.73193,22.14144,1.07316,1,0.60206,0.69898,19.18907,1.07214,1,
0,Games,7038,115.61620,62763077859,0.36685,0.52477,115.00846,0.60774,283,1,0.42415,0.47712,1,0.59531,0.50684,0,,0.23931,0.73094,21.76873,1.03532,1,0.60233,0.69741,19.82469,1.03430,1,
0,Games,7055,115.89558,62763948762,0.66524,0.37708,115.68197,0.21361,284,1,0.80125,0.32978,1,0.59531,0.50684,0,,0.25352,0.72714,21.44353,1.05713,1,0.61519,0.69504,18.85662,1.05112,1,
0,Games,7072,116.17481,62764819168,0.71882,0.30009,115.96133,0.21349,285,1,0.61574,0.21016,1,0.59531,0.50684,0,,0.24752,0.72224,21.42677,1.01547,1,0.60836,0.69011,19.40240,1.01444,1,
0,Games,7093,116.51986,62765894752,0.52989,0.17442,116.24044,0.27942,286,1,0.48687,0.14723,1,0.59531,0.50684,0,,0.24287,0.72204,21.50389,1.04279,1,0.60426,0.68937,19.07554,1.04177,1,
0,Games,7110,116.79906,62766765121,0.42288,0.14340,116.53672,0.26234,287,1,0.36938,0.21794,1,0.59531,0.50684,0,,0.23882,0.72097,21.52618,1.00514,1,0.60001,0.68855,19.27838,0.99913,1,
0,Games,7139,117.27546,62768250127,0.35640,0.22227,116.86495,0.41051,288,1,0.52930,0.34944,1,0.59531,0.50684,0,,0.24545,0.72542,22.65045,1.00529,1,0.60621,0.69366,19.12348,1.00433,1,
0,Games,7155,117.53819,62769069131,0.71080,0.70592,117.34109,0.19710,289,1,0.86486,0.87117,1,0.59531,0.50684,0,,0.25496,0.74090,22.73760,1.05301,1,0.61654,0.70968,19.52263,1.04701,1,
0,Games,7167,117.73530,62769683533,0.65493,0.89902,117.60394,0.13136,290,1,0.22286,1.00432,1,0.59531,0.50684,0,,0.23703,0.74402,17.22106,1.03547,1,0.59963,0.70842,19.38512,1.03444,1,
0,Games,7180,117.94907,62770349924,0.18733,0.96594,117.80091,0.14816,291,1,0.23893,1.37598,0,0.59531,0.50684,0,,0.23707,0.74646,8.80701,1.00543,0,0.59892,0.71458,8.36908,1.00448,0,
0,Games,7214,118.50767,62772091176,0.48908,0.49276,118.26118,0.24649,292,1,0.47519,0.46983,1,0.59531,0.50684,0,,0.24618,0.72713,19.71552,1.05547,1,0.60835,0.69450,17.13215,1.05444,1,
0,Games,7252,119.13197,62774037283,0.48167,0.44446,118.52413,0.60783,293,1,0.49872,0.37364,1,0.59531,0.50684,0,,0.24365,0.72585,19.40066,1.05276,1,0.60576,0.69249,16.37646,1.05181,1,
0,Games,7273,119.47654,62775111361,0.48742,0.42232,119.14817,0.32837,294,1,0.54118,0.39010,1,0.59531,0.50684,0,,0.24675,0.72856,20.15940,1.07872,1,0.60826,0.69610,17.19009,1.08350,1,
0,Games,7290,119.75591,62775982235,0.49159,0.45391,119.49322,0.26270,295,1,0.43111,0.47092,1,0.59531,0.50684,0,,0.24391,0.73020,20.52416,1.03117,1,0.60487,0.69687,17.76491,1.03596,1,
0,Games,7304,119.98592,62776699246,0.38805,0.34675,119.77229,0.21364,296,1,0.42021,0.28891,1,0.59531,0.50684,0,,0.24073,0.72390,20.32153,1.02265,1,0.60086,0.69006,17.59882,1.01664,1,
0,Games,7321,120.26546,62777570620,0.36361,0.26174,120.00228,0.26318,297,1,0.34029,0.24514,1,0.59531,0.50684,0,,0.23929,0.72281,21.30208,1.05774,1,0.59974,0.68904,18.49991,1.06177,1,
0,Games,7349,120.72515,62779003588,0.36188,0.22091,120.28164,0.44351,298,1,0.34682,0.18799,1,0.59531,0.50684,0,,0.24036,0.71985,21.54199,1.02333,1,0.60088,0.68693,18.32830,1.03317,1,
0,Games,7364,120.97167,62779772022,0.39976,0.23538,120.74152,0.23015,299,1,0.61498,0.34388,1,0.59531,0.50684,0,,0.24726,0.72454,21.12353,1.02796,1,0.60755,0.69008,17.32289,1.02701,1,
0,Games,7392,121.43166,62781205902,0.56670,0.30529,121.03759,0.39407,300,1,0.54594,0.26298,1,0.59531,0.50684,0,,0.24601,0.72393,20.98851,1.05366,1,0.60651,0.68986,17.77787,1.06350,1,
0,Games,7414,121.79288,62782331948,0.49974,0.25259,121.44787,0.34502,301,1,0.45844,0.20858,1,0.59531,0.50684,0,,0.24324,0.72096,20.90741,1.05298,1,0.60325,0.68669,18.44068,1.04697,1,
0,Games,7432,122.08863,62783253852,0.42521,0.21515,121.80926,0.27937,302,1,0.40300,0.18137,1,0.59531,0.50684,0,,0.23961,0.71937,20.92683,1.01525,1,0.59924,0.68475,18.54221,1.01928,1,
0,Games,7456,122.48277,62784482419,0.36840,0.21393,122.10519,0.37758,303,1,0.36326,0.30697,1,0.59531,0.50684,0,,0.23916,0.72183,21.02913,0.98016,1,0.59949,0.68652,18.86139,0.97920,1,
0,Games,7478,122.84454,62785610148,0.69725,0.36270,122.54865,0.29588,304,1,0.56554,0.47996,1,0.59531,0.50684,0,,0.24344,0.73196,22.18928,1.05366,1,0.60366,0.69614,19.35874,1.06350,1,
0,Games,7508,123.33729,62787146183,0.48144,0.49706,122.91026,0.42703,305,1,0.37011,0.44970,1,0.59531,0.50684,0,,0.23913,0.73340,23.07178,1.06936,1,0.59944,0.69822,20.39274,1.06834,1,
0,Games,7522,123.56712,62787862576,0.34257,0.54228,123.35366,0.21346,306,1,0.20603,0.94975,1,0.54844,0.52832,0,,0.23369,0.74931,24.36047,1.05366,1,0.59201,0.71212,20.26017,1.05845,1,
0,Games,7569,124.33898,62790268671,0.27120,0.90000,123.63288,0.70610,307,1,0.24102,0.88923,1,0.30312,0.99023,0,,0.23206,0.74560,23.79341,1.06487,1,0.59238,0.70709,20.53445,1.06376,1,
0,Games,7592,124.71687,62791446618,0.50437,0.12640,124.45412,0.26274,308,1,0.53267,0.04948,1,0.51641,0.28320,0,,0.23634,0.71841,21.10505,1.04196,1,0.59344,0.68054,19.98693,1.04675,1,
0,Games,7625,125.25913,62793136950,0.55142,0.05401,124.73365,0.52548,309,1,0.56721,0.12279,1,0.52656,0.11230,0,,0.23055,0.72241,19.07688,1.02536,1,0.58802,0.67821,16.84002,1.02433,1,