MEDIA_ID,MEDIA_NAME,CNT,TIME(2015/11/20 15:37:11.478),TIMETICK(f=3117255),FPOGX,FPOGY,FPOGS,FPOGD,FPOGID,FPOGV,BPOGX,BPOGY,BPOGV,CX,CY,CS,USER,LPCX,LPCY,LPD,LPS,LPV,RPCX,RPCY,RPD,RPS,RPV,
0,Game,18,0.29590,4425396676,0.55867,0.06906,0.00000,0.29589,1,1,0.53458,0.08351,1,0.42812,0.45703,0,,0.12387,0.75867,17.69989,1.04975,1,0.47981,0.68692,16.16717,1.04873,1,
0,Game,41,0.67349,4426573770,0.28990,0.93646,0.41089,0.26260,2,1,0.26514,0.89627,1,0.30469,0.98828,0,,0.11563,0.78392,18.91152,1.09255,1,0.47303,0.70998,17.09051,1.09144,1,
0,Game,60,0.98563,4427546680,0.29097,0.86770,0.68988,0.29575,3,1,0.34644,0.69113,1,0.27266,0.98535,0,,0.12240,0.77457,18.25933,1.02972,1,0.48076,0.70331,16.54286,1.02860,1,
0,Game,87,1.42923,4428929592,0.43992,0.43492,1.05124,0.37799,4,1,0.40564,0.49830,1,0.33594,0.60059,0,,0.12264,0.76939,18.51921,1.01785,1,0.47919,0.69772,16.99908,1.01110,1,
0,Game,105,1.72470,4429850596,0.26155,0.57825,1.49472,0.22998,5,1,0.20752,0.55165,1,0.33594,0.54492,0,,0.11564,0.77364,20.68289,1.05853,1,0.47225,0.70040,19.00349,1.05751,1,
0,Game,130,2.13562,4431131524,0.16819,0.53472,1.74112,0.39450,6,1,0.53340,0.46631,1,0.33594,0.53711,0,,0.12078,0.77275,21.51227,1.00665,1,0.47907,0.69820,18.72880,1.01053,1,
0,Game,173,2.84167,4433332549,0.87209,0.65229,2.64456,0.19711,7,1,0.89117,0.71111,1,0.33594,0.53516,0,,0.17215,0.76061,22.46566,1.02663,1,0.52918,0.70857,18.89878,1.02560,1,
0,Game,190,3.12122,4434203861,0.82602,0.66623,2.85818,0.26303,8,1,0.72014,0.55616,1,0.33516,0.53516,0,,0.16471,0.75629,21.87805,1.06417,1,0.52378,0.70468,18.31802,1.06306,1,
0,Game,208,3.41708,4435126191,0.54518,0.27788,3.18683,0.23026,9,1,0.46454,0.16481,1,0.34141,0.51074,0,,0.14316,0.75293,20.91470,1.07218,1,0.50084,0.69155,18.58514,1.07607,1,
0,Game,224,3.67969,4435944810,0.40931,0.23865,3.43323,0.24646,10,1,0.33949,0.28880,1,0.35391,0.55762,0,,0.12732,0.75493,20.67260,1.02099,1,0.48625,0.68915,18.59004,1.01996,1,
0,Game,239,3.92633,4436713610,0.28689,0.34002,3.69592,0.23041,11,1,0.22856,0.31421,1,0.35469,0.54785,0,,0.12012,0.76286,20.12039,1.03838,1,0.47997,0.69420,18.75812,1.04300,1,
0,Game,255,4.18906,4437532653,0.31478,0.37820,3.99167,0.19739,12,1,0.66658,0.48859,1,0.35469,0.54785,0,,0.13462,0.76290,21.72845,0.99036,1,0.49344,0.69536,17.26094,0.98450,1,
0,Game,282,4.63257,4438915130,0.88442,0.53984,4.25455,0.37802,13,1,0.88700,0.49472,1,0.35469,0.54785,0,,0.15144,0.75732,22.29909,0.99520,1,0.51068,0.69767,18.40657,0.98934,1,
0,Game,308,5.05939,4440245704,0.85505,0.47535,4.64877,0.41061,14,1,0.79819,0.48308,1,0.35469,0.54785,0,,0.13967,0.75892,22.75264,0.99527,1,0.49893,0.69307,18.39895,0.99432,1,
0,Game,321,5.27313,4440911966,0.68363,0.60009,5.07590,0.19724,15,1,0.57033,0.71278,1,0.35469,0.54980,0,,0.13497,0.76807,22.65534,1.05917,1,0.49371,0.70172,19.31754,1.05331,1,
0,Game,338,5.55225,4441782030,0.39850,0.74660,5.33865,0.21359,16,1,0.24257,0.75947,1,0.35781,0.76953,0,,0.13003,0.77023,22.79491,1.05263,1,0.48973,0.70308,20.28756,1.05725,1,
0,Game,358,5.88074,4442806035,0.19922,0.76998,5.61801,0.26273,17,1,0.14785,0.70946,1,0.34219,0.72363,0,,0.12150,0.77504,22.77808,1.04075,1,0.48149,0.70399,19.50021,1.04464,1,
0,Game,376,6.17648,4443727959,0.17724,0.73234,5.89725,0.27924,18,1,0.59284,0.72989,1,0.33750,0.71094,0,,0.12400,0.77861,21.76073,1.02680,1,0.48406,0.70313,19.16057,1.03141,1,
0,Game,403,6.61996,4445110423,0.75550,0.76301,6.24213,0.37784,19,1,0.82811,0.73561,1,0.33750,0.71094,0,,0.13876,0.77454,21.86075,1.01556,1,0.49833,0.70310,17.79517,1.02018,1,
0,Game,414,6.80087,4445674295,0.84152,0.73934,6.63651,0.16437,20,1,0.82321,0.76186,0,0.33750,0.71094,0,,0.14022,0.77476,20.70562,1.01556,0,0.50042,0.70402,16.82968,1.01454,0,
0,Game,440,7.22842,4447007087,0.75019,0.55905,7.01434,0.21408,21,1,0.59179,0.39015,1,0.34297,0.58594,0,,0.12835,0.76442,21.23742,1.00003,1,0.48703,0.69144,18.60423,0.99901,1,
0,Game,457,7.50735,4447876642,0.46928,0.26177,7.29361,0.21375,22,1,0.29560,0.15396,1,0.31094,0.35156,0,,0.12928,0.75659,21.03599,1.05344,1,0.48882,0.68728,18.75432,1.04758,1,
0,Game,478,7.85208,4448951211,0.21074,0.14539,7.57297,0.27911,23,1,0.17857,0.18129,1,0.30859,0.33496,0,,0.12056,0.75780,19.82655,1.04381,1,0.47999,0.68821,17.83329,1.03705,1,
0,Game,496,8.14771,4449872723,0.16508,0.23756,7.86844,0.27927,24,1,0.29380,0.36240,1,0.30859,0.33496,0,,0.12242,0.76383,21.00951,0.97630,1,0.48098,0.69246,17.98642,0.98582,1,
0,Game,516,8.47644,4450897475,0.68441,0.64071,8.26270,0.21375,25,1,0.86381,0.47980,1,0.30859,0.33496,0,,0.14523,0.76255,21.06601,0.99829,1,0.50403,0.69558,17.76218,0.99153,1,
0,Game,548,9.00208,4452535996,0.89020,0.44649,8.54193,0.46014,26,1,0.85693,0.36128,1,0.31250,0.45801,0,,0.14539,0.75949,22.58917,1.01696,1,0.50446,0.69349,18.77738,1.01593,1,
0,Game,568,9.33057,4453559990,0.53823,0.34560,9.11694,0.21362,27,1,0.35032,0.65708,1,0.32813,0.66211,0,,0.13540,0.76806,22.85530,1.08716,1,0.49423,0.70211,19.07532,1.08041,1,
0,Game,590,9.69205,4454686836,0.29369,0.65066,9.39618,0.29587,28,1,0.25154,0.61831,1,0.33125,0.54785,0,,0.12896,0.76874,22.09415,0.98194,1,0.48914,0.70275,19.58766,0.99146,1,
0,Game,604,9.92224,4455404444,0.18920,0.50859,9.70828,0.21396,29,1,0.20257,0.43767,1,0.32188,0.38379,0,,0.12151,0.76790,21.98795,1.03373,1,0.48103,0.69851,20.13072,1.03271,1,
0,Game,608,9.98752,4455607933,0.24664,0.46442,9.93842,0.04910,30,1,0.42014,0.46840,1,0.32188,0.38379,0,,0.12544,0.76766,22.26881,0.99644,1,0.48562,0.69613,18.79642,1.00033,1,
0,Game,630,10.34915,4456735253,0.69049,0.42952,10.05328,0.29587,31,1,0.88078,0.54261,1,0.32188,0.38379,0,,0.14001,0.77151,22.94967,1.03249,1,0.49868,0.70092,18.63084,1.03710,1,
0,Game,651,10.69418,4457810727,0.91738,0.65069,10.41495,0.27924,32,1,0.86127,0.47007,1,0.32188,0.38379,0,,0.14919,0.76352,22.89914,0.98545,1,0.50750,0.69733,19.10962,0.98934,1,
0,Game,670,11.00601,4458782851,0.81376,0.40084,10.75961,0.24640,33,1,0.69710,0.17732,1,0.32188,0.38379,0,,0.13637,0.76122,22.39477,1.00992,1,0.49356,0.69114,19.67267,1.00890,1,
0,Game,686,11.26886,4459602209,0.53488,0.36341,11.07175,0.19711,34,1,0.41327,0.58312,1,0.34453,0.62500,0,,0.11655,0.77831,22.23500,1.03179,1,0.47366,0.70061,19.59156,1.03567,1,
0,Game,706,11.59750,4460626631,0.29837,0.60552,11.33466,0.26285,35,1,0.22715,0.62461,1,0.37187,0.74316,0,,0.11243,0.78082,22.09696,1.03652,1,0.47015,0.70134,20.32864,1.03066,1,
0,Game,727,11.94250,4461702119,0.24650,0.58126,11.61389,0.32861,36,1,0.60174,0.33202,1,0.38125,0.58594,0,,0.11730,0.77503,22.16834,1.03830,1,0.47469,0.69416,20.01108,1.03727,1,
0,Game,748,12.28735,4462777127,0.72775,0.33857,12.00824,0.27911,37,1,0.80345,0.55129,1,0.38125,0.58594,0,,0.13047,0.77663,22.70856,0.99520,1,0.48666,0.69840,18.89820,0.99908,1,
0,Game,774,12.71463,4464108974,0.88545,0.69624,12.35312,0.36151,38,1,0.82534,0.64071,1,0.38438,0.53809,0,,0.13255,0.77703,22.82417,0.99631,1,0.49097,0.70186,19.34120,1.00092,1,
0,Game,791,12.99384,4464979405,0.68116,0.46582,12.78036,0.21347,39,1,0.59377,0.40628,1,0.39297,0.48047,0,,0.12298,0.77080,22.26718,1.01153,1,0.47971,0.69342,19.53933,1.00567,1,
0,Game,809,13.28976,4465901814,0.44797,0.32279,13.05960,0.23016,40,1,0.36973,0.28989,1,0.40391,0.50684,0,,0.11698,0.77143,21.78574,1.06981,1,0.47386,0.69274,19.68958,1.06879,1,
0,Game,824,13.53595,4466669279,0.32167,0.37142,13.30597,0.22998,41,1,0.21455,0.54422,1,0.40781,0.57031,0,,0.10858,0.78181,22.25253,0.99681,1,0.46465,0.70147,19.81964,0.99095,1,
0,Game,853,14.01233,4468154305,0.14411,0.66166,13.60159,0.41074,42,1,0.29662,0.59085,1,0.44609,0.77734,0,,0.11167,0.78478,22.46505,1.00553,1,0.46974,0.70575,20.06371,1.01505,1,
0,Game,870,14.29156,4469024757,0.60189,0.52604,14.07794,0.21362,43,1,0.92854,0.63120,1,0.44688,0.75488,0,,0.12587,0.78377,23.74263,1.01824,1,0.48191,0.70343,19.42941,1.02285,1,
0,Game,883,14.50507,4469690264,0.92789,0.65235,14.35718,0.14789,44,1,0.98715,0.93819,0,0.44609,0.73145,0,,0.12835,0.78521,13.38511,1.02663,0,0.48400,0.70330,19.14689,1.03051,0,
0,Game,913,14.99808,4471227071,0.51602,0.74869,14.76794,0.23013,45,1,0.38812,0.75448,1,0.44531,0.72754,0,,0.15774,0.73221,23.54136,1.05306,1,0.51691,0.67077,20.66125,1.04631,1,
0,Game,933,15.32672,4472251592,0.26625,0.72531,15.06357,0.26315,46,1,0.19270,0.73837,1,0.45234,0.64063,0,,0.17218,0.71112,22.86602,0.99184,1,0.53285,0.65871,20.13840,0.98509,1,
0,Game,953,15.65503,4473275015,0.16483,0.67803,15.34293,0.31210,47,1,0.14567,0.66568,1,0.45234,0.64063,0,,0.15823,0.71033,22.80118,1.02099,1,0.51965,0.65165,20.81367,1.02560,1,
0,Game,975,16.01639,4474401443,0.71771,0.40514,15.76990,0.24649,48,1,0.86448,0.37356,1,0.45234,0.64063,0,,0.17968,0.72115,23.17708,1.03007,1,0.53988,0.67360,19.84041,1.02421,1,
0,Game,1006,16.52563,4475988904,0.87325,0.38019,16.08215,0.44348,49,1,0.77077,0.42480,1,0.45391,0.64160,0,,0.18101,0.72918,23.41638,1.03007,1,0.54239,0.69458,19.92013,1.03468,1,
0,Game,1022,16.78864,4476808757,0.64060,0.57486,16.59155,0.19708,50,1,0.55973,0.66793,1,0.45391,0.64160,0,,0.17617,0.74140,23.86379,1.04135,1,0.53810,0.70699,21.18035,1.04033,1,
0,Game,1041,17.10065,4477781393,0.46277,0.67038,16.85425,0.24640,51,1,0.36810,0.64638,1,0.47656,0.48926,0,,0.16172,0.74143,23.68880,1.02783,1,0.52374,0.70308,21.29960,1.02681,1,
0,Game,1054,17.31412,4478446819,0.31408,0.50743,17.11725,0.19687,52,1,0.21827,0.36479,1,0.47500,0.40332,0,,0.14377,0.74130,23.26406,1.09255,1,0.50593,0.69552,22.09813,1.09716,1,
0,Game,1079,17.72488,4479727218,0.23235,0.39474,17.37988,0.34500,53,1,0.48052,0.39815,1,0.49375,0.30371,0,,0.13362,0.73960,23.12256,1.02443,1,0.49608,0.68942,20.12721,1.02340,1,
0,Game,1097,18.02048,4480648724,0.74990,0.42522,17.79077,0.22971,54,1,0.85015,0.36605,1,0.49219,0.29297,0,,0.14631,0.72718,23.18343,1.01476,1,0.50715,0.68113,20.30455,1.01373,1,
0,Game,1126,18.49698,4482134091,0.86121,0.41462,18.08636,0.41061,55,1,0.80192,0.54145,1,0.48516,0.39746,0,,0.17511,0.72952,24.17041,0.98055,1,0.53644,0.69781,19.73411,0.97959,1,
0,Game,1145,18.80896,4483106636,0.73801,0.53501,18.56259,0.24637,56,1,0.65875,0.54698,1,0.49297,0.51367,0,,0.17246,0.73031,23.51863,1.02120,1,0.53531,0.69940,20.23271,1.02582,1,
0,Game,1163,19.10483,4484028931,0.48732,0.49872,18.87482,0.23001,57,1,0.36985,0.48391,1,0.49766,0.52930,0,,0.15552,0.73591,23.07750,1.01337,1,0.51763,0.69702,20.57577,1.02289,1,
0,Game,1182,19.41684,4485001517,0.27889,0.54025,19.17032,0.24652,58,1,0.22380,0.56526,1,0.49922,0.54004,0,,0.14445,0.74115,21.42671,0.95622,1,0.50717,0.69797,19.61843,0.95527,1,
0,Game,1201,19.72894,4485974462,0.24340,0.55798,19.43332,0.29562,59,1,0.54991,0.59340,1,0.49922,0.51465,0,,0.15439,0.74285,21.96064,0.99747,1,0.51660,0.69923,19.57373,0.99161,1,
0,Game,1220,20.04120,4486947796,0.84008,0.62596,19.79471,0.24649,60,1,0.95279,0.64370,1,0.49922,0.51465,0,,0.17623,0.74067,22.51202,1.03168,1,0.53745,0.70237,19.09725,1.03066,1,
0,Game,1250,20.53400,4488483992,0.91636,0.62629,20.05743,0.47656,61,1,0.85877,0.60604,1,0.49922,0.51465,0,,0.18411,0.73594,23.14369,0.96604,1,0.54525,0.70046,19.27427,0.96509,1,
0,Game,1264,20.76395,4489200794,0.79675,0.51887,20.55045,0.21350,62,1,0.66034,0.47110,1,0.49922,0.51074,0,,0.17171,0.73501,22.96754,0.98538,1,0.53218,0.69461,19.52363,0.98926,1,
0,Game,1283,21.07605,4490173705,0.48099,0.41482,20.82971,0.24634,63,1,0.37415,0.37566,1,0.51328,0.39746,0,,0.15266,0.73881,22.25840,1.06014,1,0.51286,0.69200,20.45440,1.06476,1,
0,Game,1302,21.38803,4491146209,0.23831,0.30208,21.14178,0.24625,64,1,0.17825,0.28557,1,0.51719,0.34277,0,,0.13690,0.73758,20.94410,1.00501,1,0.49698,0.68543,19.62571,1.00406,1,
0,Game,1319,21.66730,4492016721,0.19313,0.25439,21.40466,0.26263,65,1,0.53033,0.51099,1,0.51484,0.35938,0,,0.15080,0.74525,21.48273,0.99681,1,0.51020,0.69468,18.35155,0.99095,1,
0,Game,1336,21.94678,4492887980,0.68229,0.60043,21.73331,0.21347,66,1,0.93591,0.67819,1,0.51484,0.35938,0,,0.16448,0.75144,22.32114,1.04161,1,0.52481,0.70397,18.43033,1.03486,1,
0,Game,1369,22.48877,4494577547,0.93113,0.70607,22.01227,0.47650,67,1,0.79909,0.71438,1,0.51484,0.35938,0,,0.16374,0.74829,23.55480,1.00794,1,0.52536,0.70304,19.88204,1.01747,1,
0,Game,1388,22.80109,4495551043,0.58159,0.64551,22.55438,0.24670,68,1,0.50213,0.57156,1,0.51484,0.35938,0,,0.15197,0.74476,23.38360,1.00992,1,0.51251,0.69722,20.22408,1.00890,1,
0,Game,1405,23.08023,4496421285,0.36806,0.38493,22.86649,0.21375,69,1,0.26731,0.29912,1,0.51797,0.32715,0,,0.14447,0.73904,23.31366,0.99214,1,0.50355,0.68877,20.51363,0.99603,1,
0,Game,1428,23.45798,4497598792,0.19390,0.22881,23.14575,0.31223,70,1,0.18237,0.16395,1,0.48750,0.15820,0,,0.13706,0.73378,22.47902,1.01705,1,0.49627,0.67853,19.89094,1.01602,1,
0,Game,1442,23.68787,4498315396,0.24284,0.24286,23.47437,0.21350,71,1,0.76756,0.58646,1,0.48359,0.24316,0,,0.14720,0.74926,23.62282,1.00172,1,0.50605,0.69298,18.85632,1.01124,1,
0,Game,1479,24.29587,4500210667,0.79034,0.58448,23.75363,0.54224,72,1,0.84955,0.61466,1,0.47891,0.34180,0,,0.16537,0.73318,24.13012,1.02443,1,0.52614,0.68129,20.16098,1.02904,1,
0,Game,1498,24.60800,4501183673,0.88427,0.73363,24.36136,0.24664,73,1,0.74354,0.78125,1,0.47891,0.34180,0,,0.16625,0.74191,24.26362,1.05827,1,0.52769,0.68909,20.93943,1.05725,1,
0,Game,1514,24.87064,4502002360,0.55923,0.74702,24.67349,0.19714,74,1,0.39848,0.63224,1,0.47891,0.35938,0,,0.15662,0.74167,23.72809,1.04135,1,0.51718,0.68895,21.17527,1.04033,1,
0,Game,1532,25.16632,4502924159,0.24158,0.56734,24.93646,0.22986,75,1,0.16302,0.54462,1,0.47031,0.53125,0,,0.15861,0.72473,23.07066,1.00729,1,0.51995,0.67202,21.92683,1.00142,1,
0,Game,1553,25.51132,4503999596,0.15309,0.50924,25.18283,0.32849,76,1,0.37427,0.61892,1,0.46719,0.47363,0,,0.16670,0.74132,23.94983,0.98208,1,0.52672,0.69353,21.89338,0.98670,1,
0,Game,1561,25.64301,4504410074,0.37657,0.70526,25.57693,0.06607,77,1,0.43946,1.11244,1,0.46719,0.47363,0,,0.17253,0.74329,16.30421,1.04428,1,0.53200,0.69541,14.46978,1.03753,1,
0,Game,1607,26.39832,4506764532,0.88507,0.79531,25.95496,0.44336,78,1,0.82249,0.70567,1,0.46719,0.47363,0,,0.19924,0.73257,23.74666,1.04161,1,0.56137,0.69546,21.00732,1.04058,1,
0,Game,1621,26.62845,4507481971,0.70746,0.72443,26.41495,0.21350,79,1,0.58862,0.65691,1,0.46719,0.47363,0,,0.17985,0.73132,22.98415,1.00106,1,0.54242,0.68547,20.61922,1.00567,1,
0,Game,1637,26.89114,4508300872,0.42592,0.50486,26.69418,0.19696,80,1,0.34922,0.46405,1,0.47734,0.42773,0,,0.16568,0.72653,21.50305,0.99520,1,0.52787,0.68045,20.21866,0.99417,1,
0,Game,1651,27.12131,4509018307,0.25802,0.37517,26.90765,0.21365,81,1,0.16417,0.31130,1,0.48906,0.32813,0,,0.14574,0.72993,21.26879,1.00575,1,0.50713,0.67562,20.35200,1.01036,1,
0,Game,1674,27.49921,4510196300,0.17173,0.28002,27.18692,0.31229,82,1,0.33652,0.35406,1,0.48281,0.32520,0,,0.14214,0.73162,22.07939,0.96604,1,0.50356,0.67457,20.19865,0.97556,1,
0,Game,1696,27.86053,4511322710,0.58696,0.43428,27.56467,0.29587,83,1,0.97525,0.64050,1,0.48047,0.33691,0,,0.16513,0.74025,22.91881,1.05306,1,0.52600,0.68871,19.81000,1.05203,1,
0,Game,1720,28.25479,4512551640,0.91193,0.62567,27.92642,0.32837,84,1,0.83906,0.63211,1,0.49766,0.45313,0,,0.17868,0.73570,23.07712,1.00970,1,0.54122,0.69088,19.03381,1.01359,1,
0,Game,1737,28.53400,4513422031,0.65566,0.67641,28.32080,0.21320,85,1,0.54384,0.65695,1,0.50078,0.43066,0,,0.16840,0.73618,23.18690,1.04879,1,0.53060,0.69003,19.71231,1.05340,1,
0,Game,1754,28.81326,4514292554,0.38753,0.48145,28.59979,0.21347,86,1,0.28161,0.37458,1,0.52266,0.19336,0,,0.15078,0.72625,22.58296,1.00003,1,0.51226,0.67295,21.12278,0.99417,1,
0,Game,1773,29.12555,4515266088,0.23680,0.28344,28.87885,0.24670,87,1,0.21479,0.22258,1,0.52656,0.16699,0,,0.14562,0.72115,22.65532,1.00970,1,0.50730,0.66416,20.94373,1.00868,1,
0,Game,1789,29.38809,4516084501,0.25642,0.26227,29.14188,0.24622,88,1,0.46128,0.47141,1,0.52656,0.16699,0,,0.15166,0.72908,23.24328,1.00084,1,0.51265,0.67156,19.28094,1.00545,1,
0,Game,1810,29.73340,4517160815,0.78709,0.74857,29.45386,0.27954,89,1,0.93366,0.63299,1,0.52656,0.17188,0,,0.16624,0.72464,23.37835,1.00230,1,0.52760,0.67085,19.76084,1.00619,1,
0,Game,1833,30.11096,4518337853,0.92181,0.57275,29.79886,0.31210,90,1,0.84135,0.48554,1,0.51016,0.36035,0,,0.17165,0.67580,23.56486,1.00992,1,0.53394,0.63051,20.03055,1.00406,1,
0,Game,1849,30.37390,4519157471,0.64287,0.29999,30.17661,0.19730,91,1,0.51606,0.20520,1,0.50859,0.36816,0,,0.15850,0.66870,22.88270,1.05410,1,0.52017,0.62019,21.11336,1.05871,1,
0,Game,1868,30.68585,4520129870,0.41525,0.24019,30.43961,0.24625,92,1,0.31564,0.26479,1,0.50625,0.44922,0,,0.13323,0.68351,21.69599,1.00011,1,0.49451,0.62302,21.31857,1.00399,1,
0,Game,1888,31.01462,4521154716,0.26024,0.29398,30.70236,0.31226,93,1,0.23333,0.30591,1,0.50625,0.45020,0,,0.12290,0.70330,21.90056,0.96597,1,0.48387,0.63664,20.30718,0.96985,1,
0,Game,1895,31.12946,4521512771,0.33760,0.41695,31.03082,0.09863,94,1,0.55982,0.60970,1,0.50625,0.45020,0,,0.13637,0.71634,22.14451,0.98553,1,0.49720,0.65027,18.57744,0.97967,1,
0,Game,1914,31.44171,4522486074,0.65098,0.57629,31.19519,0.24652,95,1,0.70745,0.60519,1,0.50625,0.45020,0,,0.16646,0.72423,21.69783,1.04699,1,0.52795,0.66911,18.60929,1.05161,1,
0,Game,1932,31.73746,4523408060,0.76090,0.62344,31.45792,0.27954,96,1,0.80117,0.61428,1,0.50625,0.45313,0,,0.17930,0.72864,22.26787,1.04208,1,0.54093,0.67954,19.03419,1.04106,1,
0,Game,1952,32.06580,4524431554,0.86906,0.68411,31.80307,0.26273,97,1,0.72020,0.74079,1,0.50547,0.47754,0,,0.17436,0.73300,22.71777,1.02098,1,0.53514,0.68217,20.30389,1.01996,1,
0,Game,1970,32.36142,4525353035,0.56190,0.76872,32.13156,0.22986,98,1,0.41636,0.78666,1,0.49062,0.65137,0,,0.15428,0.74220,23.05161,1.00494,1,0.51565,0.68307,20.90838,1.00399,1,
0,Game,1989,32.67355,4526326069,0.29411,0.80330,32.42734,0.24622,99,1,0.22295,0.82740,1,0.48594,0.83398,0,,0.13994,0.74882,23.03854,1.01066,1,0.50115,0.68468,21.21762,1.00970,1,
0,Game,2007,32.96930,4527247966,0.23855,0.80369,32.69006,0.27924,100,1,0.23810,0.77704,1,0.48672,0.84082,0,,0.13550,0.74895,22.97989,1.01301,1,0.49746,0.68341,21.21298,1.01199,1,
0,Game,2024,33.24854,4528118461,0.63049,0.30270,33.03494,0.21359,101,1,0.82922,0.33863,1,0.48672,0.84082,0,,0.15321,0.73407,23.37312,1.01131,1,0.51352,0.67136,20.02692,1.00545,1,
0,Game,2045,33.59381,4529194721,0.83300,0.38019,33.31430,0.27951,102,1,0.86686,0.53122,1,0.48672,0.84082,0,,0.16363,0.73565,23.45012,0.98553,1,0.52454,0.67768,19.81788,0.98450,1,
0,Game,2059,33.82382,4529911797,0.80297,0.57014,33.61017,0.21365,103,1,0.63301,0.79521,1,0.50703,0.75195,0,,0.15684,0.74568,23.76464,1.01534,1,0.51733,0.68818,21.19574,1.01996,1,
0,Game,2076,34.10291,4530781699,0.51999,0.66684,33.88913,0.21378,104,1,0.43552,0.57611,1,0.52969,0.50488,0,,0.13804,0.74357,23.29802,1.03670,1,0.49836,0.67804,21.38986,1.03575,1,
0,Game,2093,34.38202,4531651839,0.28819,0.33338,34.16852,0.21350,105,1,0.22685,0.26915,1,0.51484,0.26172,0,,0.11915,0.73975,22.47912,0.99644,1,0.47781,0.66545,21.21124,1.00597,1,
0,Game,2115,34.74338,4532778264,0.17769,0.22313,34.39841,0.34497,106,1,0.17642,0.17013,1,0.48516,0.28418,0,,0.10184,0.74192,22.45886,1.03227,1,0.46110,0.66357,21.17307,1.03124,1,
0,Game,2129,34.97351,4533495625,0.23404,0.21154,34.75989,0.21362,107,1,0.58484,0.38037,1,0.48828,0.43945,0,,0.11869,0.74710,23.13853,0.99241,1,0.47810,0.67049,20.28615,0.99630,1,
0,Game,2145,35.23636,4534315000,0.67572,0.51607,35.03940,0.19696,108,1,0.90729,0.81631,0,0.48828,0.43945,0,,0.13168,0.75120,15.79633,1.01534,0,0.48978,0.67589,10.49530,1.01432,0,
0,Game,2172,35.67987,4535697497,0.76577,0.71154,35.44974,0.23013,109,1,0.54214,0.76672,1,0.48984,0.44238,0,,0.14034,0.75095,24.28792,1.01710,1,0.50412,0.68219,22.00331,1.02098,1,
0,Game,2189,35.95901,4536567715,0.36899,0.64602,35.74548,0.21353,110,1,0.18329,0.44763,1,0.48984,0.44238,0,,0.09667,0.75116,23.43226,1.01117,1,0.46173,0.66645,22.83050,1.01505,1,
0,Game,2208,36.27136,4537541358,0.18294,0.48672,36.02472,0.24664,111,1,0.15242,0.32012,1,0.48906,0.45410,0,,0.07884,0.75164,22.28595,0.97849,1,0.44191,0.65969,22.20010,0.97754,1,
0,Game,2234,36.69846,4538872738,0.13727,0.31476,36.33722,0.36124,112,1,0.33742,0.35076,1,0.46016,0.25195,0,,0.08207,0.74184,23.58989,0.98054,1,0.44584,0.65147,21.36160,0.97959,1,
0,Game,2255,37.04333,4539947802,0.59573,0.46689,36.76395,0.27939,113,1,0.89191,0.58319,1,0.46484,0.36621,0,,0.12756,0.73899,24.68799,1.00648,1,0.49141,0.66284,20.97020,1.00545,1,
0,Game,2276,37.38818,4541022758,0.87268,0.67765,37.10898,0.27921,114,1,0.89686,0.73853,1,0.46641,0.39941,0,,0.22020,0.71169,24.32839,1.01696,1,0.58564,0.70280,20.01569,1.01109,1,
0,Game,2294,37.68381,4541944284,0.84002,0.76456,37.40457,0.27924,115,1,0.71425,0.81730,1,0.46641,0.40430,0,,0.18575,0.70577,24.69237,0.99989,1,0.55134,0.69009,21.21568,1.00377,1,
0,Game,2315,38.02896,4543020226,0.47959,0.63730,37.79929,0.22968,116,1,0.38040,0.60647,1,0.46562,0.43262,0,,0.16411,0.71649,23.95494,0.99498,1,0.52937,0.66975,21.46866,0.99395,1,
0,Game,2332,38.30835,4543891147,0.20266,0.47396,38.09470,0.21365,117,1,0.13465,0.42443,1,0.46562,0.42285,0,,0.16280,0.72521,21.92079,1.00230,1,0.52676,0.68069,20.57042,1.00128,1,
0,Game,2354,38.66956,4545017119,0.14792,0.43547,38.32468,0.34488,118,1,0.47845,0.64637,1,0.46797,0.37500,0,,0.15489,0.73198,23.11386,0.95306,1,0.51874,0.68144,20.10760,0.95211,1,
0,Game,2366,38.86664,4545631542,0.72855,0.78212,38.73517,0.13147,119,1,0.71141,0.73232,0,0.46797,0.37500,0,,0.16521,0.74435,9.38269,0.99058,0,0.52264,0.67404,9.63906,0.98472,0,
0,Game,2392,39.29391,4546963476,0.92281,0.82205,39.12955,0.16437,120,1,1.15687,0.70728,0,0.46797,0.37500,0,,0.18355,0.73390,9.07720,0.98274,0,0.54439,0.69583,19.28098,0.98179,0,
0,Game,2420,39.75378,4548396927,0.79585,0.81522,39.60605,0.14774,121,1,0.72924,0.93367,0,0.46797,0.37500,0,,0.18066,0.73530,21.88581,1.02443,0,0.54385,0.69726,11.85504,1.02340,0,
0,Game,2451,40.26288,4549983947,0.29372,0.33495,40.06589,0.19699,122,1,0.20047,0.25380,1,0.49375,0.19922,0,,0.14743,0.70878,20.79179,1.03373,1,0.50999,0.66156,18.80943,1.03278,1,
0,Game,2466,40.50955,4550752855,0.16676,0.26973,40.32861,0.18094,123,1,0.15479,0.29010,0,0.49453,0.17969,0,,0.14908,0.71954,7.05431,0.95131,0,0.50753,0.65951,17.04308,0.95036,0,
0,Game,2492,40.93661,4552084156,0.90074,0.80024,40.82159,0.11502,124,1,0.88270,0.89860,0,0.49062,0.19727,0,,0.17387,0.72725,17.09004,1.03315,0,0.53476,0.68756,13.82280,1.04267,0,
0,Game,2531,41.57709,4554080649,0.87479,0.76732,41.19937,0.37772,125,1,0.77136,0.69451,1,0.48984,0.21094,0,,0.17132,0.72909,22.29645,1.01696,1,0.53499,0.69266,19.13848,1.01593,1,
0,Game,2547,41.83997,4554900121,0.60398,0.43200,41.64285,0.19711,126,1,0.53912,0.27992,1,0.48906,0.27344,0,,0.16208,0.71876,21.06547,1.01959,1,0.52335,0.67928,19.04739,1.01857,1,
0,Game,2565,42.13571,4555822031,0.36923,0.22035,41.90570,0.23001,127,1,0.30794,0.14120,1,0.48594,0.33301,0,,0.14585,0.71461,20.92705,1.01219,1,0.50662,0.66706,19.66253,1.01608,1,
0,Game,2588,42.51346,4556999520,0.20791,0.20097,42.20166,0.31180,128,1,0.18362,0.24112,1,0.48438,0.31543,0,,0.13050,0.71930,21.21370,0.93971,1,0.49109,0.66536,19.40581,0.94785,1,
0,Game,2601,42.72726,4557666052,0.46916,0.29495,42.53015,0.19711,129,1,0.68163,0.35482,1,0.48438,0.31543,0,,0.14923,0.72480,22.70256,1.03186,1,0.51086,0.67327,19.34073,1.03091,1,
0,Game,2622,43.07208,4558740924,0.73863,0.33882,42.79300,0.27908,130,1,0.80742,0.35649,1,0.48438,0.31641,0,,0.17578,0.71960,21.63118,0.99029,1,0.53745,0.68022,18.68620,0.99490,1,
0,Game,2648,43.49948,4560073210,0.81859,0.37503,43.08844,0.41104,131,1,0.81645,0.45010,1,0.48281,0.40918,0,,0.17466,0.72219,22.89702,0.96604,1,0.53616,0.68074,19.13404,0.96509,1,
0,Game,2662,43.72919,4560789333,0.71124,0.39363,43.51569,0.21350,132,1,0.59914,0.35411,1,0.48203,0.43652,0,,0.15589,0.72818,22.56965,1.02357,1,0.51742,0.67853,20.21185,1.02746,1,
0,Game,2681,44.04117,4561761862,0.44564,0.33478,43.79495,0.24622,133,1,0.33960,0.32961,1,0.48203,0.43652,0,,0.14250,0.73014,21.26737,1.03179,1,0.50443,0.67635,20.38367,1.03567,1,
0,Game,2704,44.41934,4562940692,0.23804,0.28055,44.10721,0.31213,134,1,0.46017,0.20068,1,0.48203,0.43652,0,,0.14637,0.72189,21.58166,1.00011,1,0.50783,0.66814,19.34765,0.99908,1,
0,Game,2730,44.84628,4564271588,0.48268,0.14936,44.48465,0.36163,135,1,0.51937,0.12885,1,0.48203,0.43652,0,,0.16183,0.71818,21.53938,1.02267,1,0.52325,0.67280,19.60130,1.03219,1,
0,Game,2749,45.15826,4565244135,0.82450,0.35355,44.91205,0.24622,136,1,0.94139,0.44883,1,0.48203,0.43652,0,,0.19433,0.70705,22.51199,1.00062,1,0.55714,0.67795,19.00735,1.01014,1,
0,Game,2766,45.43753,4566114610,0.87136,0.50750,45.22391,0.21362,137,1,0.61853,0.64089,1,0.48203,0.43750,0,,0.19215,0.68958,22.98919,1.00011,1,0.55756,0.66583,19.54212,1.00399,1,
0,Game,2785,45.74963,4567087525,0.50204,0.60835,45.50339,0.24625,138,1,0.36073,0.74623,1,0.47734,0.52344,0,,0.15443,0.73632,23.44652,1.01223,1,0.52017,0.69230,21.36212,1.01128,1,
0,Game,2807,46.11127,4568214871,0.25918,0.74160,45.81555,0.29572,139,1,0.17508,0.70832,1,0.48516,0.75000,0,,0.10152,0.74142,23.97996,0.99989,1,0.46713,0.66370,20.73357,1.00377,1,
0,Game,2829,46.47235,4569340450,0.16970,0.65871,46.17673,0.29562,140,1,0.38030,0.73592,1,0.47656,0.79297,0,,0.09519,0.71838,23.67713,0.95622,1,0.46014,0.63186,21.77210,0.95527,1,
0,Game,2849,46.80112,4570365314,0.58194,0.73507,46.53812,0.26300,141,1,0.88670,0.86088,1,0.47656,0.79297,0,,0.13559,0.73227,23.56197,1.00003,1,0.49789,0.65863,20.72633,0.99901,1,
0,Game,2879,47.29373,4571900854,0.85217,0.80044,46.86661,0.42712,142,1,0.83218,0.73384,1,0.49453,0.62988,0,,0.13991,0.75802,24.29950,1.01117,1,0.50038,0.68450,20.74975,1.02069,1,
0,Game,2896,47.57309,4572771749,0.67782,0.68967,47.35959,0.21350,143,1,0.56657,0.72714,1,0.49531,0.60547,0,,0.12476,0.76244,23.78232,1.03855,1,0.48399,0.68212,21.52761,1.03180,1,
0,Game,2914,47.86871,4573693278,0.35602,0.74254,47.63873,0.22998,144,1,0.23059,0.78376,1,0.49609,0.72363,0,,0.11170,0.76855,24.10138,1.01824,1,0.47207,0.68377,21.92948,1.01713,1,
0,Game,2929,48.11520,4574461622,0.17862,0.78328,47.88522,0.22998,145,1,0.12913,0.80595,1,0.49844,0.77930,0,,0.10081,0.77808,24.69786,0.99505,1,0.46171,0.68839,22.10048,0.98919,1,
0,Game,2944,48.36157,4575229641,0.21190,0.79867,48.13159,0.22998,146,1,0.32604,0.81963,1,0.49844,0.77930,0,,0.09912,0.78239,24.91333,0.98047,1,0.45986,0.68932,21.55234,0.98435,1,
0,Game,2950,48.46008,4575536696,0.33714,0.76527,48.37793,0.08215,147,1,0.54837,0.70653,1,0.49844,0.77930,0,,0.10636,0.77882,24.33151,1.05280,1,0.46739,0.68641,22.14571,1.05178,1,
0,Game,2968,48.75583,4576458583,0.94666,0.67420,48.52585,0.22998,148,1,0.89467,0.39223,1,0.49844,0.77930,0,,0.13639,0.75356,23.78373,1.02227,1,0.49395,0.67448,20.32981,1.01641,1,
0,Game,3000,49.28143,4578097104,0.89268,0.39392,48.82156,0.45987,149,1,0.78830,0.26821,1,0.49844,0.77930,0,,0.15775,0.73831,22.23836,0.99577,1,0.51641,0.67250,19.49408,0.99965,1,
0,Game,3016,49.54428,4578916473,0.56829,0.36137,49.34735,0.19693,150,1,0.42218,0.61475,1,0.49844,0.77930,0,,0.13423,0.75679,22.47620,0.99102,1,0.49309,0.68280,20.10388,1.00055,1,
0,Game,3033,49.82358,4579787040,0.28171,0.66941,49.61029,0.21329,151,1,0.11361,0.76709,1,0.51641,0.69336,0,,0.11263,0.77151,22.95483,1.02516,1,0.47201,0.68996,20.64847,1.01930,1,
0,Game,3057,50.21777,4581015899,0.13369,0.71977,49.88943,0.32834,152,1,0.31115,0.72942,1,0.51641,0.68555,0,,0.11153,0.77501,23.87121,0.99520,1,0.47119,0.69011,21.34035,0.99417,1,
0,Game,3078,50.56277,4582091358,0.72536,0.28594,50.33316,0.22961,153,1,0.82541,0.24476,1,0.51641,0.68555,0,,0.15305,0.73630,23.23875,0.98538,1,0.51134,0.67437,19.99838,0.98926,1,
0,Game,3100,50.92441,4583218671,0.82701,0.24419,50.57932,0.34509,154,1,0.76369,0.47309,1,0.51641,0.68457,0,,0.16929,0.73951,22.72186,1.00970,1,0.52868,0.68679,18.69875,1.00868,1,
0,Game,3117,51.20352,4584088691,0.66563,0.60736,50.98990,0.21362,155,1,0.51490,0.76334,1,0.51641,0.68457,0,,0.14275,0.75432,22.32389,0.98047,1,0.50301,0.69029,20.13824,0.97945,1,
0,Game,3134,51.48291,4584959590,0.42063,0.65043,51.26926,0.21365,156,1,0.32474,0.53705,1,0.55000,0.50391,0,,0.12584,0.75467,22.70729,1.03249,1,0.48549,0.68173,20.53522,1.03710,1,
0,Game,3152,51.77838,4585880669,0.21602,0.37919,51.54825,0.23013,157,1,0.17876,0.28758,1,0.52578,0.11328,0,,0.10473,0.75040,22.77010,0.97571,1,0.46254,0.66647,20.74546,0.97959,1,
0,Game,3170,52.07413,4586802615,0.21564,0.28368,51.79532,0.27881,158,1,0.55034,0.53743,1,0.52109,0.17871,0,,0.10374,0.76253,23.69232,0.97571,1,0.46200,0.67462,19.76619,0.97476,1,
0,Game,3183,52.28790,4587469013,0.59199,0.58081,52.13992,0.14798,159,1,0.61039,0.80988,0,0.52188,0.18262,0,,0.11056,0.76918,16.68511,0.96678,0,0.47047,0.68630,12.32910,0.95520,0,
0,Game,3208,52.69836,4588748484,0.91139,0.65592,52.50146,0.19690,160,1,0.97633,0.62399,1,0.52188,0.18262,0,,0.15044,0.75396,24.22082,0.99014,1,0.51024,0.68858,20.24982,0.98919,1,
0,Game,3223,52.94485,4589516893,0.87155,0.54119,52.71472,0.23013,161,1,0.67475,0.43155,1,0.52344,0.25586,0,,0.14728,0.74553,24.02428,1.05435,1,0.50600,0.68121,19.75449,1.05897,1,
0,Game,3239,53.20758,4590335900,0.52182,0.33113,53.01050,0.19708,162,1,0.36704,0.18633,1,0.51797,0.37012,0,,0.12876,0.74128,22.71928,1.09255,1,0.48596,0.67097,20.76791,1.09144,1,
0,Game,3261,53.56912,4591462859,0.24188,0.21451,53.27335,0.29578,163,1,0.17220,0.19931,1,0.52109,0.28320,0,,0.10507,0.75359,21.48079,1.02736,1,0.46239,0.67286,19.89372,1.02641,1,
0,Game,3281,53.89743,4592486342,0.18465,0.22506,53.58536,0.31207,164,1,0.60834,0.37129,1,0.52266,0.31641,0,,0.11333,0.76051,21.79090,1.00648,1,0.47067,0.67833,19.08786,1.00545,1,
0,Game,3298,54.17685,4593357298,0.77407,0.38401,53.96335,0.21350,165,1,0.88344,0.36089,1,0.52266,0.31641,0,,0.13774,0.75074,22.12721,1.02663,1,0.49537,0.67989,18.95926,1.02560,1,
0,Game,3315,54.45609,4594227734,0.87998,0.32770,54.19321,0.26288,166,1,0.89511,0.25913,1,0.52266,0.31641,0,,0.15513,0.73606,22.15581,0.97376,1,0.51235,0.67501,20.01237,0.97274,1,
0,Game,3338,54.83380,4595405235,0.88679,0.24346,54.47244,0.36136,167,1,0.60748,0.23100,1,0.52266,0.31641,0,,0.15369,0.73368,23.12764,0.98727,1,0.51160,0.67621,21.01131,0.98624,1,
0,Game,3356,55.12955,4596327171,0.50312,0.26675,54.89957,0.22998,168,1,0.41640,0.58768,1,0.52266,0.46875,0,,0.13441,0.75271,23.52030,1.05058,1,0.49232,0.68616,20.73533,1.04963,1,
0,Game,3377,55.47467,4597402935,0.29893,0.67326,55.19543,0.27924,169,1,0.22559,0.69156,1,0.53750,0.68359,0,,0.11961,0.76490,23.10855,1.01461,1,0.48029,0.69084,20.40680,1.01849,1,
0,Game,3392,55.72092,4598170541,0.26784,0.63562,55.49121,0.22971,170,1,0.65821,0.34886,1,0.53672,0.68359,0,,0.13043,0.75533,22.93123,1.05289,1,0.48962,0.68324,18.99541,1.05186,1,
0,Game,3409,56.00015,4599041064,0.71205,0.32617,55.78668,0.21347,171,1,0.76802,0.16221,1,0.53672,0.68359,0,,0.14874,0.74184,21.29606,1.01707,1,0.50698,0.68093,18.55054,1.02095,1,
0,Game,3426,56.27939,4599911509,0.78154,0.21803,56.01694,0.26245,172,1,0.96021,0.39432,1,0.53672,0.68359,0,,0.17063,0.74022,20.01253,0.99007,1,0.52905,0.68951,17.55751,0.98912,1,
0,Game,3444,56.57516,4600833446,1.80407,0.97700,56.44391,0.13126,173,1,1.47712,1.01101,1,0.54609,0.60254,0,,0.18680,0.75454,19.81566,0.69488,1,0.54723,0.70869,16.81897,0.68974,1,
0,Game,3464,56.90363,4601857397,0.49024,0.61467,56.69028,0.21335,174,1,0.24738,0.71305,1,0.55625,0.52637,0,,0.14595,0.74078,21.23382,1.01754,1,0.50565,0.69168,19.06308,1.02216,1,
0,Game,3497,57.44577,4603547362,0.17985,0.70087,56.96939,0.47638,175,1,0.14300,0.67735,1,0.49844,0.68555,0,,0.12087,0.74530,23.03257,0.98677,1,0.48323,0.68557,20.44966,0.99630,1,
0,Game,3507,57.61032,4604060332,0.29174,0.49894,57.46225,0.14807,176,1,0.63560,0.20297,1,0.48984,0.64648,0,,0.14248,0.72617,23.27384,1.01534,1,0.50200,0.67186,20.13115,1.01432,1,
0,Game,3526,57.92212,4605032336,0.65548,0.19597,57.67578,0.24634,177,1,0.79967,0.37810,1,0.48984,0.64648,0,,0.20625,0.69459,22.44834,1.00970,1,0.56440,0.68498,18.98369,1.00868,1,
0,Game,3552,58.34924,4606363731,0.87822,0.66991,57.98785,0.36139,178,1,0.79808,0.69556,1,0.48594,0.66113,0,,0.23290,0.70079,22.40718,1.00501,1,0.59301,0.70085,18.36939,1.00399,1,
0,Game,3570,58.64542,4607287018,0.55875,0.78976,58.41531,0.23010,179,1,0.47007,0.68661,1,0.47969,0.61621,0,,0.20052,0.70104,23.27729,1.04161,1,0.56313,0.69587,20.84934,1.03575,1,
0,Game,3587,58.92438,4608156545,0.33194,0.58956,58.71072,0.21365,180,1,0.25890,0.48909,1,0.50547,0.48730,0,,0.19261,0.70159,23.16049,1.03227,1,0.55542,0.69264,21.26578,1.03688,1,
0,Game,3604,59.20358,4609026947,0.37620,0.45335,58.99011,0.21347,181,1,0.79773,0.39385,1,0.50781,0.47949,0,,0.22293,0.68079,22.65542,0.98054,1,0.58329,0.68521,19.92021,0.97468,1,
0,Game,3638,59.76208,4610767905,0.82872,0.38624,59.26923,0.49286,182,1,0.95972,0.56998,1,0.50781,0.47949,0,,0.28481,0.68510,23.54780,0.98516,1,0.63955,0.71396,19.39304,0.98904,1,
0,Game,3661,60.13983,4611945430,0.94431,0.66199,59.82797,0.31186,183,1,0.83932,0.63812,1,0.50781,0.47949,0,,0.25845,0.70302,24.43539,0.99102,1,0.61829,0.71536,20.06340,1.00054,1,
0,Game,3677,60.40298,4612765826,0.80099,0.63215,60.15631,0.24667,184,1,0.61029,0.71752,1,0.50859,0.48633,0,,0.21330,0.70128,24.33179,1.00970,1,0.57614,0.69532,20.78576,1.00868,1,
0,Game,3695,60.69894,4613688403,0.48074,0.70793,60.46848,0.23047,185,1,0.38844,0.73675,1,0.51406,0.59082,0,,0.17073,0.70629,24.20367,1.03194,1,0.53603,0.68237,21.89917,1.03091,1,
0,Game,3711,60.96118,4614505819,0.32837,0.71285,60.71494,0.24625,186,1,0.28688,0.71996,1,0.50625,0.75781,0,,0.16036,0.70790,23.75262,1.01959,1,0.52595,0.68102,21.31679,1.01857,1,
0,Game,3726,61.20767,4615274215,0.28876,0.70669,60.97766,0.23001,187,1,0.56145,0.56111,1,0.49844,0.82617,0,,0.16513,0.69632,23.72980,1.02670,1,0.53350,0.67249,21.72123,1.02575,1,
0,Game,3746,61.53616,4616298150,0.75931,0.48984,61.27341,0.26276,188,1,0.91922,0.20483,1,0.50859,0.80176,0,,0.20278,0.68464,22.53389,0.98553,1,0.56715,0.66962,20.97241,0.97967,1,
0,Game,3789,62.24268,4618500553,0.92695,0.22361,61.60220,0.64047,189,1,0.89024,0.26941,1,0.51328,0.77344,0,,0.20757,0.68272,21.66065,0.95521,1,0.57178,0.67679,19.72881,0.95909,1,
0,Game,3806,62.52188,4619370948,0.55253,0.32677,62.30829,0.21359,190,1,0.47208,0.55639,1,0.52266,0.76563,0,,0.18027,0.69984,21.18619,0.99644,1,0.54462,0.69067,19.26343,1.00033,1,
0,Game,3824,62.81754,4620292509,0.34830,0.64993,62.58780,0.22974,191,1,0.13246,0.64296,1,0.55234,0.66699,0,,0.15327,0.71597,22.07217,1.05033,1,0.51896,0.69765,19.09112,1.05985,1,
0,Game,3850,63.24463,4621623952,0.13359,0.58668,62.88327,0.36136,192,1,0.24085,0.53397,1,0.52969,0.57910,0,,0.13933,0.72216,21.84127,0.98054,1,0.50445,0.69469,21.28977,0.97959,1,
0,Game,3865,63.49115,4622392348,0.64897,0.39117,63.31036,0.18079,193,1,0.83773,0.88986,0,0.52969,0.57910,0,,0.16829,0.71920,10.75377,1.04161,0,0.52463,0.69319,20.22772,1.03485,0,
0,Game,3907,64.18097,4624542755,0.88556,0.48535,63.75400,0.42697,194,1,0.74893,0.66874,1,0.52969,0.57910,0,,0.19722,0.72088,23.29292,1.00181,1,0.55972,0.71561,20.62405,0.99595,1,
0,Game,3927,64.50949,4625566784,0.63719,0.67308,64.24661,0.26288,195,1,0.56015,0.66427,1,0.55234,0.48535,0,,0.17322,0.72583,22.54402,1.04355,1,0.53773,0.70901,18.84642,1.03769,1,
0,Game,3941,64.73978,4626284695,0.46922,0.59329,64.52597,0.21381,196,1,0.38233,0.49286,1,0.57344,0.38965,0,,0.15798,0.72556,22.30721,1.03399,1,0.52151,0.70214,19.95958,1.03787,1,
0,Game,3963,65.10110,4627411036,0.25772,0.37360,64.80539,0.29572,197,1,0.22794,0.31446,1,0.57266,0.29492,0,,0.14233,0.73274,21.83657,0.98538,1,0.50539,0.70280,20.58546,0.99490,1,
0,Game,3977,65.33124,4628128392,0.34419,0.32298,65.11734,0.21390,198,1,0.72538,0.37413,1,0.56641,0.40234,0,,0.15287,0.73810,22.54686,1.00992,1,0.51560,0.70405,18.68788,1.00890,1,
0,Game,3993,65.59372,4628946617,0.97156,0.37387,65.39673,0.19699,199,1,1.04897,0.35656,1,0.56563,0.45117,0,,0.18539,0.72543,22.09762,0.99051,1,0.54638,0.70308,19.35057,0.98465,1,
0,Game,4022,66.07013,4630431687,0.94283,0.41109,65.61008,0.46005,200,1,0.90474,0.48661,1,0.56797,0.47754,0,,0.21784,0.71380,22.68397,0.98553,1,0.57894,0.70599,19.26183,0.98450,1,
0,Game,4035,66.28369,4631097411,0.82750,0.54238,66.08670,0.19699,201,1,0.72939,0.64811,1,0.56719,0.47949,0,,0.20631,0.72497,22.99800,1.01468,1,0.56993,0.71503,18.89657,1.02421,1,
0,Game,4051,66.54672,4631917361,0.55934,0.68484,66.34930,0.19742,202,1,0.35787,0.77599,1,0.56250,0.62500,0,,0.18448,0.73715,23.08432,0.98069,1,0.54954,0.72037,19.74995,0.98457,1,
0,Game,4070,66.85867,4632889852,0.25283,0.75251,66.61234,0.24634,203,1,0.19746,0.70784,1,0.56797,0.73730,0,,0.17032,0.73876,22.90331,1.01139,1,0.53526,0.71959,19.72702,1.01527,1,
0,Game,4086,67.12170,4633709733,0.24776,0.69667,66.87518,0.24652,204,1,0.62604,0.66068,1,0.57031,0.71973,0,,0.17987,0.73675,22.06230,1.01714,1,0.54580,0.71837,17.74095,1.01128,1,
0,Game,4107,67.46640,4634784264,0.77489,0.63164,67.18716,0.27924,205,1,0.93030,0.53125,1,0.57031,0.71973,0,,0.19212,0.73601,21.50988,1.03227,1,0.55527,0.71984,18.82281,1.03124,1,
0,Game,4129,67.82791,4635911128,0.91000,0.59628,67.53232,0.29559,206,1,0.85944,0.62284,1,0.57344,0.70215,0,,0.19627,0.73573,21.64913,0.95131,1,0.55963,0.72225,18.68606,0.95036,1,
0,Game,4144,68.07428,4636679176,0.85011,0.53511,67.84430,0.22998,207,1,0.80102,0.50401,1,0.58047,0.48242,0,,0.18936,0.73326,21.58011,1.02710,1,0.55314,0.71476,17.55461,1.02035,1,
0,Game,4158,68.30432,4637396272,0.68858,0.52850,68.09091,0.21341,208,1,0.60979,0.64899,1,0.57422,0.50488,0,,0.17969,0.73735,21.60997,1.01043,1,0.54362,0.71669,18.09205,1.01996,1,
0,Game,4176,68.60004,4638318101,0.43834,0.68728,68.36990,0.23013,209,1,0.34320,0.71943,1,0.58516,0.69434,0,,0.16596,0.74213,22.33570,1.02956,1,0.53096,0.71472,19.82980,1.03344,1,
0,Game,4202,69.02713,4639649427,0.27398,0.70970,68.66565,0.36148,210,1,0.55487,0.63109,1,0.58594,0.78223,0,,0.16789,0.74010,23.02681,0.99241,1,0.53274,0.71017,18.97998,0.99630,1,
0,Game,4218,69.28986,4640468473,0.71142,0.47873,69.09262,0.19724,211,1,0.90560,0.34985,1,0.58594,0.78223,0,,0.18396,0.72797,22.53560,1.03897,1,0.54685,0.70316,18.71704,1.03794,1,
0,Game,4238,69.61838,4641492528,0.91026,0.31562,69.35550,0.26288,212,1,0.91004,0.34224,1,0.58594,0.78223,0,,0.19848,0.71835,21.83609,0.94841,1,0.55988,0.70079,18.81418,0.94746,1,
0,Game,4257,69.93076,4642466257,0.92655,0.25611,69.63474,0.29602,213,1,0.92646,0.20241,1,0.58594,0.78223,0,,0.19996,0.71670,21.74821,0.98516,1,0.56112,0.69931,19.16714,0.98421,1,
0,Game,4270,70.14444,4643132400,0.80839,0.36042,69.94687,0.19757,214,1,0.59219,0.58762,1,0.58594,0.78223,0,,0.18706,0.72852,21.89375,0.97564,1,0.54906,0.70865,18.77552,0.97468,1,
0,Game,4287,70.42368,4644002802,0.50797,0.55300,70.20990,0.21378,215,1,0.36799,0.56179,1,0.61094,0.64063,0,,0.17177,0.73350,21.86814,1.05435,1,0.53449,0.70947,19.80879,1.05824,1,
0,Game,4304,70.70291,4644873297,0.31228,0.49514,70.48911,0.21381,216,1,0.26262,0.37829,1,0.58828,0.24805,0,,0.15061,0.73120,21.97874,0.98516,1,0.51236,0.69440,20.27774,0.98904,1,
0,Game,4328,71.09714,4646102143,0.18419,0.29540,70.81760,0.27954,217,1,0.56929,0.54447,1,0.57422,0.16797,0,,0.12837,0.74430,23.70580,0.99520,1,0.48992,0.69292,19.12398,0.99417,1,
0,Game,4345,71.37607,4646971726,0.65965,0.55926,71.16245,0.21362,218,1,0.96300,0.32631,1,0.54844,0.39551,0,,0.14815,0.73754,23.33780,1.00728,1,0.50885,0.69053,20.07210,1.00633,1,
0,Game,4381,71.96744,4648815106,0.89284,0.36575,71.44199,0.52545,219,1,0.66462,0.53998,1,0.56172,0.64160,0,,0.18848,0.72853,23.89964,1.02116,1,0.54923,0.70455,20.43591,1.02504,1,
0,Game,4398,72.24667,4649685605,0.55245,0.66568,72.03333,0.21335,220,1,0.44573,0.74391,1,0.56172,0.64160,0,,0.16130,0.74416,23.72316,1.03670,1,0.52347,0.70984,20.80138,1.04058,1,
0,Game,4415,72.52606,4650556514,0.33858,0.65508,72.31274,0.21332,221,1,0.22449,0.53436,1,0.55234,0.27148,0,,0.14572,0.73654,22.49987,1.00794,1,0.50790,0.69503,21.09555,1.01747,1,
0,Game,4433,72.82178,4651478370,0.17755,0.32998,72.59171,0.23007,222,1,0.14873,0.31314,1,0.52891,0.12012,0,,0.14293,0.73045,22.27774,0.97899,1,0.50482,0.68790,20.34158,0.97797,1,
0,Game,4448,73.06805,4652246008,0.22915,0.31360,72.83804,0.23001,223,1,0.66243,0.42394,1,0.51797,0.24121,0,,0.15136,0.73620,22.71013,0.98699,1,0.51347,0.69205,19.38966,0.99652,1,
0,Game,4469,73.41315,4653321809,0.82328,0.38005,73.13394,0.27921,224,1,0.93865,0.31887,1,0.54531,0.45410,0,,0.16782,0.73088,23.57700,0.97571,1,0.52945,0.69070,19.67043,0.97959,1,
0,Game,4492,73.79102,4654499721,0.90206,0.32329,73.42990,0.36111,225,1,0.62179,0.52301,1,0.55469,0.49121,0,,0.17392,0.73385,22.77773,0.97065,1,0.53559,0.70289,20.09395,0.97454,1,
0,Game,4512,74.11938,4655523309,0.52289,0.58958,73.85666,0.26273,226,1,0.46851,0.58463,1,0.55937,0.37305,0,,0.15376,0.74003,22.68532,0.99989,1,0.51674,0.69944,19.87432,1.00941,1,
0,Game,4526,74.34940,4656240258,0.37538,0.50263,74.13617,0.21323,227,1,0.30355,0.41855,1,0.55547,0.31543,0,,0.14443,0.73702,22.77183,1.04919,1,0.50736,0.69041,20.86181,1.05380,1,
0,Game,4552,74.77664,4657572121,0.25682,0.39115,74.41528,0.36136,228,1,0.44156,0.51602,1,0.55469,0.30469,0,,0.14532,0.74196,23.48528,0.98047,1,0.50753,0.69493,20.61875,0.98435,1,
0,Game,4569,75.05576,4658442194,0.56326,0.60812,74.84280,0.21295,229,1,0.74580,0.79947,1,0.55469,0.30469,0,,0.15301,0.75017,23.91471,0.99080,1,0.51590,0.70434,19.50693,0.98985,1,
0,Game,4586,75.33499,4659312638,0.84648,0.76314,75.12164,0.21335,230,1,0.95554,0.70680,1,0.55391,0.30859,0,,0.16613,0.74432,23.56314,1.03791,1,0.52930,0.70430,19.37608,1.04252,1,
0,Game,4603,75.61441,4660183668,0.83951,0.64981,75.35181,0.26260,231,1,0.78267,0.51472,1,0.55156,0.35254,0,,0.16318,0.73540,23.68081,0.99014,1,0.52626,0.69614,18.60833,0.98919,1,
0,Game,4620,75.89362,4661053991,0.63342,0.33126,75.67996,0.21365,232,1,0.55092,0.22830,1,0.55156,0.38574,0,,0.15547,0.73097,22.44691,1.02685,1,0.51726,0.68941,19.20072,1.03146,1,
0,Game,4662,76.58350,4663204527,0.18830,0.18439,76.05786,0.52563,233,1,0.19247,0.19621,1,0.55469,0.29590,0,,0.14175,0.73196,20.57778,0.98961,1,0.50381,0.68785,18.86492,0.98866,1,
0,Game,4704,77.27347,4665355354,0.91136,0.29190,76.89569,0.37778,234,1,0.87477,0.24594,1,0.55156,0.31250,0,,0.17861,0.72692,22.36319,1.01688,1,0.53962,0.69383,19.08390,1.02076,1,
0,Game,4721,77.55270,4666225804,0.83387,0.27122,77.28983,0.26288,235,1,0.75299,0.26046,1,0.54922,0.32715,0,,0.16864,0.72783,21.90154,1.00494,1,0.52994,0.68929,18.70924,1.00882,1,
0,Game,4740,77.86481,4667198747,0.51602,0.15636,77.61844,0.24637,236,1,0.44855,0.17232,1,0.54766,0.33887,0,,0.15132,0.72704,21.46141,0.97578,1,0.51215,0.68206,19.15326,0.97967,1,
0,Game,4754,78.09494,4667916132,0.32155,0.20601,77.88135,0.21359,237,1,0.20644,0.27602,1,0.54688,0.36523,0,,0.13857,0.73568,21.69546,0.99659,1,0.49963,0.68561,19.52256,1.00120,1,
0,Game,4772,78.39069,4668838071,0.23885,0.27311,78.16058,0.23010,238,1,0.58522,0.40859,1,0.54688,0.36523,0,,0.14877,0.73938,22.18323,0.99666,1,0.51036,0.68927,18.16163,1.00054,1,
0,Game,4788,78.65332,4669656691,0.74644,0.36565,78.45630,0.19702,239,1,0.95582,0.29033,1,0.54688,0.36523,0,,0.16869,0.73264,22.28636,1.00479,1,0.52917,0.68805,18.97421,1.00377,1,
0,Game,4823,79.22858,4671449976,0.93090,0.31571,78.71902,0.50955,240,1,0.73764,0.41830,1,0.54688,0.36523,0,,0.16587,0.73625,22.81203,1.01721,1,0.52665,0.69210,18.66852,1.01135,1,
0,Game,4841,79.52435,4672371926,0.59527,0.42657,79.29431,0.23004,241,1,0.49445,0.44740,1,0.53750,0.45508,0,,0.15734,0.73923,21.81716,1.01351,1,0.51890,0.69254,19.40167,1.00765,1,
0,Game,4858,79.80341,4673241811,0.30934,0.52636,79.58963,0.21378,242,1,0.17045,0.59466,1,0.53672,0.65039,0,,0.14861,0.74549,22.67081,1.03919,1,0.51023,0.69794,20.16318,1.02760,1,
0,Game,4880,80.16464,4674367934,0.18482,0.60731,79.86890,0.29575,243,1,0.63983,0.43256,1,0.53984,0.69922,0,,0.16023,0.73842,22.28918,1.01721,1,0.52125,0.69103,18.82226,1.01619,1,
0,Game,4905,80.57523,4675647842,0.80975,0.36729,80.23053,0.34470,244,1,0.94556,0.22135,1,0.53984,0.69922,0,,0.16621,0.73301,21.87809,0.99505,1,0.52557,0.68497,19.05125,0.99893,1,
0,Game,4928,80.95328,4676826250,0.89789,0.26716,80.64114,0.31213,245,1,0.68371,0.47548,1,0.53984,0.69922,0,,0.16144,0.74149,22.88190,0.99989,1,0.52118,0.69446,18.86875,1.00377,1,
0,Game,4949,81.29822,4677901590,0.57678,0.61341,81.01901,0.27921,246,1,0.52370,0.57518,1,0.54219,0.57227,0,,0.14802,0.74709,21.82005,1.02604,1,0.50959,0.69437,18.76431,1.02018,1,
0,Game,4966,81.57748,4678772134,0.26912,0.48361,81.36386,0.21362,247,1,0.21003,0.39457,1,0.52812,0.35938,0,,0.13598,0.74297,20.73838,1.02443,1,0.49727,0.68836,19.63413,1.02340,1,
0,Game,4997,82.08661,4680359151,0.19839,0.31267,81.64325,0.44336,248,1,0.41850,0.38133,1,0.52734,0.32422,0,,0.13171,0.74384,21.90096,0.95131,1,0.49304,0.68380,19.06425,0.95036,1,
0,Game,5022,82.49750,4681640011,0.68739,0.37191,82.15234,0.34515,249,1,0.77781,0.68590,0,0.50313,0.56348,0,,0.14415,0.74666,17.02945,1.01327,0,0.50609,0.69131,9.83758,1.00741,0,
0,Game,5051,82.97372,4683124499,0.63593,0.64076,82.76010,0.21362,250,1,0.44355,0.67212,1,0.49844,0.61523,0,,0.14860,0.74131,22.56873,1.08699,1,0.51143,0.68996,19.84331,1.09161,1,
0,Game,5071,83.30219,4684148449,0.32094,0.70440,83.03934,0.26285,251,1,0.23887,0.71270,1,0.49297,0.70020,0,,0.15439,0.74122,23.18258,1.01212,1,0.52021,0.69722,20.23893,1.01109,1,
0,Game,5090,83.61435,4685121496,0.19475,0.73195,83.31870,0.29565,252,1,0.12321,0.72209,1,0.49297,0.70020,0,,0.11913,0.80109,22.57297,1.00223,1,0.48780,0.73807,18.35529,0.99637,1,
0,Game,5107,83.89368,4685992297,0.41997,0.67345,83.68008,0.21359,253,1,0.72880,0.37735,1,0.49297,0.70020,0,,0.13271,0.80368,21.84436,0.96604,1,0.50125,0.72940,18.70948,0.96018,1,
0,Game,5128,84.23871,4687067782,0.76531,0.37855,83.95932,0.27939,254,1,1.08937,0.62514,1,0.49297,0.70020,0,,0.15983,0.80114,22.68774,0.94281,1,0.52833,0.73603,19.97682,0.94185,1,
0,Game,5142,84.46857,4687784356,0.69829,1.34812,84.40280,0.06577,255,1,0.44357,1.34310,1,0.49297,0.70020,0,,0.15711,0.81343,7.85829,0.72923,1,0.56002,0.77546,15.23516,0.72068,1,
0,Game,5151,84.61670,4688246129,0.68945,1.39316,84.48505,0.13165,256,1,0.56214,1.43254,1,0.49297,0.70020,0,,0.16685,0.80637,7.03449,0.48514,1,0.57159,0.77266,15.07421,0.46518,1,
0,Game,5189,85.24081,4690191615,0.40029,0.46731,85.02719,0.21362,257,1,0.24946,0.52518,1,0.49922,0.61719,0,,0.13657,0.75437,20.08211,0.97227,1,0.50344,0.69919,17.57353,0.97131,1,
0,Game,5215,85.66779,4691522595,0.12149,0.56287,85.30667,0.36111,258,1,0.54653,0.64023,1,0.50313,0.63770,0,,0.13993,0.76068,21.75644,0.97065,1,0.50685,0.70455,19.36505,0.97454,1,
0,Game,5234,85.98001,4692495920,0.63739,0.80166,85.73355,0.24646,259,1,0.57195,2.47078,0,0.50313,0.63770,0,,0.15466,0.75520,20.31216,0.99043,0,0.51428,0.68709,18.79687,0.98948,0,
0,Game,5277,86.68640,4694697857,0.85626,0.73879,86.24289,0.44351,260,1,0.82275,0.73481,1,0.50313,0.63770,0,,0.16695,0.74968,22.80929,0.95622,1,0.53084,0.70423,19.72406,0.95036,1,
0,Game,5291,86.91626,4695414435,0.66791,0.66284,86.70276,0.21350,261,1,0.53576,0.58707,1,0.50313,0.63770,0,,0.16071,0.74602,22.41956,1.01190,1,0.52481,0.69956,18.70444,1.01087,1,
0,Game,5310,87.22849,4696387717,0.40176,0.55195,86.98199,0.24649,262,1,0.33662,0.54967,1,0.53203,0.50684,0,,0.14404,0.74493,21.31319,0.95131,1,0.50775,0.69414,18.48485,0.95520,1,
0,Game,5333,87.60611,4697564848,0.19063,0.44427,87.29428,0.31183,263,1,0.17467,0.33296,1,0.53828,0.49121,0,,0.14046,0.74147,20.72697,1.02589,1,0.50462,0.68983,18.86284,1.03542,1,
0,Game,5342,87.75412,4698026234,0.36674,0.38742,87.62292,0.13120,264,1,0.73093,0.39386,1,0.53828,0.49121,0,,0.15934,0.73928,22.79589,0.99241,1,0.52206,0.68747,19.31982,0.99630,1,
0,Game,5363,88.09921,4699102012,0.75841,0.37148,87.81973,0.27948,265,1,0.81716,0.35340,1,0.53828,0.49121,0,,0.16564,0.73829,22.33542,0.96582,1,0.52842,0.68504,19.02489,0.96487,1,
0,Game,5385,88.46033,4700227694,0.80110,0.39367,88.11536,0.34497,266,1,0.79826,0.47985,1,0.53828,0.49121,0,,0.18257,0.73854,22.91263,1.03153,1,0.54514,0.69078,18.56829,1.03058,1,
0,Game,5404,88.77243,4701200622,0.76433,0.49616,88.47687,0.29556,267,1,0.64450,0.71513,1,0.53828,0.49219,0,,0.18218,0.74441,23.37627,1.03718,1,0.54373,0.69875,19.58187,1.04179,1,
0,Game,5424,89.10107,4702225024,0.49217,0.75635,88.83832,0.26276,268,1,0.39004,0.74820,1,0.52266,0.64746,0,,0.16571,0.75165,23.26255,1.05362,1,0.52832,0.69863,20.17658,1.05824,1,
0,Game,5438,89.33109,4702942053,0.28003,0.77584,89.11758,0.21350,269,1,0.12503,0.78066,1,0.51563,0.79590,0,,0.15432,0.75470,23.14888,1.01842,1,0.51663,0.69766,20.05081,1.01747,1,
0,Game,5461,89.70880,4704119507,0.12858,0.74762,89.39682,0.31198,270,1,0.39024,0.70066,1,0.51719,0.78320,0,,0.15584,0.75592,22.80881,1.01197,1,0.51793,0.69431,19.78696,1.01102,1,
0,Game,5478,89.98804,4704989983,0.52762,0.75598,89.77469,0.21335,271,1,0.77961,0.79198,0,0.51719,0.78320,0,,0.16417,0.74816,14.47232,1.03864,0,0.52520,0.68887,9.69011,1.04326,0,
0,Game,5514,90.57956,4706833844,0.88739,0.25212,90.25092,0.32864,272,1,0.78457,0.28809,1,0.51719,0.78320,0,,0.16292,0.74254,22.39279,0.99989,1,0.52372,0.68098,19.51756,0.99474,1,
0,Game,5533,90.89178,4707807149,0.56395,0.27431,90.64529,0.24649,273,1,0.44248,0.17839,1,0.52500,0.42773,0,,0.14720,0.74487,22.01472,1.03153,1,0.50803,0.67871,18.82373,1.03051,1,
0,Game,5553,91.22028,4708831091,0.34172,0.21453,90.95728,0.26300,274,1,0.26081,0.20418,1,0.50625,0.32715,0,,0.12653,0.74684,20.61395,1.03912,1,0.48660,0.67298,18.49526,1.03809,1,
0,Game,5583,91.71332,4710368046,0.23659,0.21759,91.23651,0.47681,275,1,0.41188,0.29332,1,0.50547,0.33105,0,,0.13779,0.74796,20.11386,1.01212,1,0.49820,0.67512,17.06513,1.01109,1,
0,Game,5605,92.07437,4711493573,0.77978,0.49790,91.77863,0.29575,276,1,0.76332,0.55240,1,0.50547,0.33105,0,,0.14419,0.75639,21.72426,1.00553,1,0.50513,0.68144,16.98681,1.01505,1,
0,Game,5635,92.56711,4713029554,0.77988,0.53239,92.09079,0.47632,277,1,0.61274,0.73128,1,0.50469,0.38184,0,,0.13567,0.76461,22.91966,1.00575,1,0.49545,0.68658,19.12589,1.01036,1,
0,Game,5654,92.87921,4714002499,0.51385,0.67269,92.63300,0.24622,278,1,0.44955,0.59814,1,0.50937,0.41504,0,,0.12453,0.76645,22.39221,1.03571,1,0.48533,0.68423,18.83377,1.03468,1,
0,Game,5671,93.15860,4714873422,0.29717,0.54577,92.94501,0.21359,279,1,0.20702,0.48314,1,0.51172,0.40332,0,,0.11030,0.76915,21.43534,1.03249,1,0.47017,0.68022,19.55251,1.03710,1,
0,Game,5687,93.42148,4715692879,0.17740,0.45469,93.17499,0.24649,280,1,0.14688,0.42885,1,0.51172,0.40332,0,,0.10602,0.76965,21.28922,1.01461,1,0.46588,0.67765,20.15951,1.01849,1,
0,Game,5700,93.63513,4716358824,0.41623,0.46182,93.43784,0.19730,281,1,0.78855,0.49642,1,0.51172,0.40332,0,,0.12537,0.76979,22.56233,0.99249,1,0.48433,0.67808,18.42722,0.98663,1,
0,Game,5719,93.94708,4717331294,0.82215,0.52811,93.70071,0.24637,282,1,0.89338,0.58378,1,0.51172,0.40332,0,,0.13574,0.76684,23.14816,0.96597,1,0.49502,0.68042,18.79180,0.96985,1,
0,Game,5739,94.27560,4718355371,0.86525,0.55398,93.96347,0.31213,283,1,0.82321,0.61827,1,0.51172,0.40332,0,,0.13342,0.76713,23.79167,0.99739,1,0.49329,0.68092,19.19324,0.99637,1,
0,Game,5757,94.57147,4719277627,0.75921,0.57389,94.29208,0.27939,284,1,0.68685,0.55577,1,0.51172,0.40332,0,,0.13392,0.76481,23.41335,0.99029,1,0.49425,0.68077,18.70050,0.98443,1,
0,Game,5778,94.91663,4720353557,0.35503,0.41775,94.68661,0.23001,285,1,0.27266,0.36384,1,0.51250,0.39844,0,,0.12153,0.76456,23.09362,1.05853,1,0.48132,0.67813,19.96757,1.05750,1,
0,Game,5798,95.24481,4721376658,0.19975,0.38996,94.93283,0.31198,286,1,0.15363,0.35724,1,0.51875,0.38477,0,,0.10431,0.77002,22.18388,1.00060,1,0.46338,0.67471,19.35610,1.01013,1,
0,Game,5813,95.49118,4722144643,0.23747,0.39915,95.26120,0.22998,287,1,0.64936,0.41316,1,0.51875,0.38477,0,,0.11520,0.77127,22.96615,1.01476,1,0.47413,0.67515,18.96437,1.01373,1,
0,Game,5830,95.77042,4723015058,0.72138,0.39255,95.55692,0.21350,288,1,0.96136,0.42206,1,0.51875,0.38477,0,,0.13051,0.76794,22.32976,1.02710,1,0.48894,0.67561,18.60621,1.02035,1,
0,Game,5862,96.29617,4724653959,0.91338,0.41196,95.83615,0.46002,289,1,0.87758,0.37855,1,0.51953,0.39160,0,,0.13361,0.76219,22.96958,0.97556,1,0.49251,0.67209,19.21687,0.97454,1,
0,Game,5881,96.60858,4725627831,0.48774,0.20528,96.41144,0.19714,290,1,0.36104,0.10756,1,0.51875,0.39453,0,,0.11301,0.75837,21.86335,1.01465,1,0.47060,0.66625,20.27907,1.01370,1,
0,Game,5902,96.95328,4726702380,0.28381,0.18842,96.67404,0.27924,291,1,0.20273,0.21173,1,0.51875,0.39453,0,,0.10209,0.76450,21.15301,1.01197,1,0.46012,0.66713,19.47795,1.01102,1,
0,Game,5919,97.23251,4727572814,0.20897,0.28733,96.96973,0.26279,292,1,0.39819,0.39827,1,0.51875,0.39453,0,,0.11028,0.76789,21.01413,0.97556,1,0.46842,0.67190,19.28344,0.97461,1,
0,Game,5935,97.49551,4728392689,0.65877,0.25119,97.29828,0.19724,293,1,0.84864,0.12898,1,0.51875,0.39453,0,,0.12943,0.76086,21.35401,1.01461,1,0.48720,0.66916,19.18605,1.01359,1,
0,Game,5959,97.88965,4729621230,0.84660,0.18600,97.56116,0.32849,294,1,0.84369,0.14763,1,0.51875,0.39453,0,,0.14145,0.75587,21.24257,1.02443,1,0.49985,0.67154,19.10206,1.02340,1,
0,Game,5977,98.18552,4730543608,0.83283,0.17413,97.90619,0.27933,295,1,0.75576,0.21369,1,0.51875,0.39453,0,,0.14519,0.75399,21.49180,0.99452,1,0.50395,0.67207,18.80293,0.99782,1,
0,Game,5991,98.41541,4731260226,0.66841,0.21493,98.20187,0.21353,296,1,0.52578,0.29249,1,0.51875,0.39453,0,,0.13310,0.75930,21.43147,1.01736,1,0.49210,0.67474,18.97163,1.01150,1,
0,Game,6009,98.71100,4732181642,0.34287,0.37862,98.48102,0.22998,297,1,0.25810,0.43136,1,0.50937,0.43457,0,,0.11760,0.76505,21.80487,0.97095,1,0.47676,0.67576,19.55575,0.97483,1,
0,Game,6027,99.00671,4733103482,0.18524,0.44297,98.72736,0.27936,298,1,0.13724,0.47298,1,0.48984,0.50488,0,,0.11074,0.76655,21.30617,0.99505,1,0.47034,0.67554,19.35518,0.99893,1,
0,Game,6040,99.22040,4733769517,0.44324,0.46279,99.02325,0.19714,299,1,0.87797,0.47448,1,0.48984,0.50586,0,,0.13305,0.76232,23.40550,0.98274,1,0.49234,0.67410,18.71165,0.98179,1,
0,Game,6056,99.48309,4734588449,0.93194,0.34333,99.28598,0.19711,300,1,0.97941,0.31080,1,0.48984,0.50586,0,,0.14105,0.74613,22.39544,0.95887,1,0.50032,0.66292,19.19029,0.94882,1,
0,Game,6071,99.72946,4735356472,0.92747,0.22022,99.49960,0.22986,301,1,0.90026,0.22382,1,0.48984,0.50586,0,,0.14565,0.73442,22.43603,0.96771,1,0.50539,0.65550,19.47899,0.96668,1,
0,Game,6087,99.99234,4736175875,0.86770,0.24805,99.74612,0.24622,302,1,0.71341,0.47526,1,0.48984,0.50586,0,,0.14313,0.72328,23.53969,0.95045,1,0.50361,0.64882,19.63433,0.94942,1,
0,Game,6103,100.25522,4736995365,0.53325,0.57589,100.05798,0.19724,303,1,0.34927,0.74677,1,0.48984,0.50586,0,,0.12328,0.71345,23.87767,0.96604,1,0.48543,0.63420,20.58063,0.96509,1,
0,Game,6123,100.58398,4738020190,0.25539,0.69008,100.32083,0.26315,304,1,0.20486,0.64555,1,0.47813,0.55957,0,,0.10977,0.72144,23.43510,0.98545,1,0.47189,0.63307,20.97147,0.97959,1,
0,Game,6138,100.83023,4738787773,0.15601,0.57708,100.60034,0.22989,305,1,0.13146,0.53447,1,0.48750,0.52930,0,,0.09435,0.73531,23.50789,1.00238,1,0.45497,0.63790,21.69528,1.00135,1,
0,Game,6158,101.15854,4739811284,0.60481,0.77291,100.94507,0.21347,306,1,0.35046,1.62730,0,0.48750,0.52930,0,,0.10288,0.74578,17.53803,0.98076,0,0.46717,0.63993,9.17656,0.97562,0,
0,Game,6188,101.65155,4741348110,0.87364,0.67175,101.42169,0.22986,307,1,0.88899,0.69764,1,0.48750,0.52930,0,,0.14866,0.74889,24.63797,0.97571,1,0.50850,0.67064,20.30632,0.97959,1,
0,Game,6203,101.89780,4742115727,0.80370,0.64716,101.66791,0.22989,308,1,0.65395,0.58518,1,0.47969,0.53711,0,,0.13915,0.74814,24.06724,0.96604,1,0.49857,0.66789,20.23662,0.96509,1,
0,Game,6220,102.17715,4742986511,0.51005,0.52080,101.96353,0.21362,309,1,0.40683,0.51956,1,0.47969,0.53711,0,,0.12516,0.75372,22.57746,1.01776,1,0.48492,0.66887,20.02687,1.02238,1,
0,Game,6237,102.45639,4743857007,0.22509,0.46108,102.24280,0.21359,310,1,0.11764,0.46024,1,0.50000,0.41309,0,,0.10910,0.75830,21.37843,0.99520,1,0.46767,0.66885,19.13087,0.98934,1,
0,Game,6260,102.83447,4745035587,0.15325,0.43159,102.47278,0.36169,311,1,0.51933,0.38083,1,0.50000,0.41797,0,,0.11490,0.76038,21.96474,0.98194,1,0.47450,0.66908,19.58742,0.98582,1,
0,Game,6301,103.50766,4747134037,0.79941,0.33387,102.89990,0.60776,312,1,0.73438,0.62175,1,0.50000,0.42285,0,,0.13413,0.76254,23.79199,1.00487,1,0.49274,0.67933,19.43008,0.99901,1,
0,Game,6319,103.80365,4748056722,0.62815,0.57483,103.57352,0.23013,313,1,0.51184,0.45585,1,0.50937,0.37695,0,,0.12353,0.76070,23.08632,1.04699,1,0.48323,0.67430,19.65949,1.05161,1,
0,Game,6337,104.09912,4748977769,0.37894,0.38938,103.86917,0.22995,314,1,0.30467,0.39458,1,0.51719,0.28516,0,,0.11606,0.75253,23.20119,0.98538,1,0.47566,0.66509,21.02824,0.98926,1,
0,Game,6354,104.37836,4749848237,0.25994,0.28635,104.11563,0.26273,315,1,0.15808,0.25845,1,0.51797,0.28320,0,,0.11252,0.75225,22.49595,0.99790,1,0.47174,0.66582,20.20096,0.99204,1,
0,Game,6368,104.60837,4750565219,0.28456,0.31169,104.39487,0.21350,316,1,0.85607,0.50850,1,0.51797,0.28320,0,,0.13136,0.76023,23.30364,0.99058,1,0.48981,0.67359,18.80161,0.98472,1,
0,Game,6387,104.92059,4751538535,0.91112,0.47200,104.67410,0.24649,317,1,0.93357,0.40366,1,0.51406,0.31934,0,,0.13270,0.75773,22.96236,0.98120,1,0.49157,0.67233,18.94077,0.98018,1,
0,Game,6409,105.28195,4752665012,0.94379,0.36261,104.93686,0.34509,318,1,0.79801,0.44409,1,0.51406,0.37598,0,,0.12766,0.75734,23.47881,0.97065,1,0.48771,0.67085,20.14036,0.97454,1,
0,Game,6429,105.61047,4753689077,0.54851,0.37792,105.34778,0.26270,319,1,0.49330,0.40156,1,0.51094,0.52344,0,,0.11814,0.76075,23.12790,1.00487,1,0.47777,0.67241,19.88564,1.00948,1,
0,Game,6442,105.82397,4754354575,0.35734,0.55437,105.62683,0.19714,320,1,0.22617,0.75500,1,0.51875,0.71777,0,,0.10996,0.77390,24.45343,0.99520,1,0.46929,0.68368,20.88918,0.99908,1,
0,Game,6466,106.21820,4755583476,0.15305,0.75980,105.88971,0.32849,321,1,0.57947,0.57139,1,0.58438,0.80566,0,,0.10886,0.77210,23.99577,1.02138,1,0.46994,0.67779,20.52108,1.02035,1,
0,Game,6490,106.61258,4756812874,0.80357,0.48098,106.28424,0.32834,322,1,0.90837,0.48206,1,0.58359,0.80176,0,,0.12412,0.76665,22.83421,0.98069,1,0.48348,0.67606,18.87006,0.97967,1,
0,Game,6514,107.00711,4758042692,0.90327,0.46425,106.62903,0.37808,323,1,0.86006,0.41831,1,0.58594,0.55957,0,,0.12030,0.76704,23.54654,1.00978,1,0.48017,0.67761,19.37539,1.00391,1,
0,Game,6531,107.28592,4758911871,0.64566,0.32739,107.07242,0.21350,324,1,0.55872,0.23122,1,0.58750,0.38574,0,,0.10717,0.76578,23.03880,1.02752,1,0.46586,0.67219,20.13580,1.02649,1,
0,Game,6549,107.58185,4759834328,0.38518,0.21581,107.35184,0.23001,325,1,0.32224,0.22517,1,0.57813,0.23730,0,,0.09821,0.76066,21.67056,0.97087,1,0.45687,0.66511,19.31730,0.97476,1,
0,Game,6575,108.00891,4761165637,0.25366,0.19397,107.59833,0.41058,326,1,0.43013,0.39846,1,0.56406,0.28418,0,,0.09998,0.76599,20.46258,0.96098,1,0.45794,0.66908,17.08344,0.96003,1,
0,Game,6596,108.35379,4762240674,0.71511,0.64077,108.07443,0.27936,327,1,0.95715,0.71496,1,0.56875,0.47852,0,,0.11433,0.77424,21.25790,1.00970,1,0.47297,0.67841,18.03823,1.00868,1,
0,Game,6615,108.66589,4763213587,0.91074,0.63840,108.41956,0.24634,328,1,0.79534,0.54970,1,0.57109,0.48926,0,,0.12679,0.76316,22.53142,0.99007,1,0.48623,0.67616,18.34948,0.98904,1,
0,Game,6631,108.92892,4764033530,0.71555,0.31205,108.73178,0.19714,329,1,0.63822,0.17729,1,0.58125,0.49023,0,,0.12573,0.75414,21.92977,1.04135,1,0.48397,0.66904,19.52100,1.04033,1,
0,Game,6641,109.09317,4764545462,0.52021,0.27865,108.99438,0.09879,330,1,0.37704,0.53762,1,0.58281,0.52539,0,,0.11230,0.76872,22.22397,1.05289,1,0.46992,0.67959,19.53589,1.05750,1,
0,Game,6663,109.45438,4765671478,0.29721,0.61753,109.15875,0.29562,331,1,0.22759,0.57781,1,0.57891,0.47363,0,,0.10508,0.77336,21.76331,1.02465,1,0.46556,0.68176,19.58707,1.03417,1,
0,Game,6682,109.76648,4766644426,0.20498,0.51799,109.47092,0.29556,332,1,0.21269,0.45492,1,0.55313,0.37793,0,,0.09845,0.77153,21.89196,1.04135,1,0.45844,0.67786,20.37513,1.04033,1,
0,Game,6695,109.97998,4767309926,0.45529,0.43692,109.78287,0.19711,333,1,0.71745,0.38867,1,0.55313,0.37793,0,,0.11693,0.76516,22.49720,0.98076,1,0.47579,0.67278,18.87496,0.97981,1,
0,Game,6713,110.27588,4768232269,0.79690,0.36309,110.04617,0.22971,334,1,0.91673,0.55213,1,0.57109,0.44727,0,,0.12794,0.76637,23.09928,0.99036,1,0.48659,0.67918,19.19064,0.98450,1,
0,Game,6733,110.60483,4769257699,0.86397,0.56910,110.34167,0.26315,335,1,0.72135,0.73343,1,0.57500,0.45898,0,,0.11972,0.77332,23.82207,1.00084,1,0.47937,0.68543,20.18297,1.00545,1,
0,Game,6751,110.89996,4770177759,0.64920,0.65295,110.66998,0.22998,336,1,0.27272,0.36564,1,0.57500,0.45898,0,,0.10435,0.76698,22.71047,1.02245,1,0.46166,0.67727,21.56409,1.02707,1,
0,Game,6772,111.24509,4771253609,0.21432,0.42293,110.96561,0.27948,337,1,0.13506,0.45577,1,0.56250,0.64258,0,,0.10074,0.77023,22.21153,1.04355,1,0.45900,0.67954,21.63350,1.04743,1,
0,Game,6790,111.54071,4772175153,0.19152,0.47708,111.26132,0.27939,338,1,0.60251,0.57469,1,0.56250,0.64258,0,,0.11312,0.77105,24.39188,1.03153,1,0.47171,0.68012,20.48244,1.03051,1,
0,Game,6801,111.72131,4772738141,0.61654,0.53241,111.60632,0.11499,339,1,0.72807,0.54328,0,0.56250,0.64258,0,,0.11961,0.77868,7.96183,1.03007,0,0.47126,0.66508,7.88380,1.02904,0,
0,Game,6827,112.14844,4774069584,0.76271,0.36091,111.93497,0.21347,340,1,0.65504,0.26797,1,0.57578,0.58496,0,,0.12463,0.75461,22.81472,0.99036,1,0.48296,0.67065,20.73560,0.98450,1,
0,Game,6847,112.47708,4775094065,0.69008,0.30910,112.16483,0.31226,341,1,0.75382,0.41967,1,0.58438,0.52441,0,,0.12550,0.75893,21.39196,0.99036,1,0.48452,0.67547,18.14101,0.98941,1,
0,Game,6863,112.74023,4775914371,0.62107,0.41543,112.49341,0.24683,342,1,0.51546,0.41441,1,0.58438,0.52441,0,,0.12211,0.75947,20.09689,1.00271,1,0.48150,0.67586,17.51081,1.00168,1,
0,Game,6878,112.98618,4776681014,0.44140,0.43279,112.75629,0.22989,343,1,0.34050,0.44580,1,0.58438,0.52441,0,,0.11486,0.76023,20.30943,1.00011,1,0.47377,0.67508,17.50252,1.00399,1,
0,Game,6893,113.23254,4777449000,0.27955,0.41695,113.00266,0.22989,344,1,0.19318,0.41231,1,0.58438,0.52832,0,,0.11310,0.76046,19.36447,1.00003,1,0.47260,0.67521,18.04431,0.99417,1,
0,Game,6907,113.46252,4778165938,0.31189,0.36433,113.24905,0.21347,345,1,0.62348,0.26804,1,0.58438,0.54004,0,,0.13016,0.75193,20.24726,0.96582,1,0.48862,0.67027,18.64487,0.96487,1,
0,Game,6923,113.72556,4778985811,0.77675,0.30959,113.52856,0.19699,346,1,1.18545,0.58296,1,0.58438,0.54004,0,,0.15222,0.75940,20.65243,0.97693,1,0.51012,0.68810,19.08662,0.96687,1,
0,Game,6940,114.00491,4779856654,1.01153,0.53014,113.79117,0.21375,347,1,0.95159,0.47146,1,0.58438,0.54004,0,,0.17034,0.75140,19.71556,1.01461,1,0.52899,0.69409,18.20404,1.01359,1,
0,Game,6953,114.21860,4780522796,0.82335,0.42378,114.02130,0.19730,348,1,0.77195,0.37964,1,0.58438,0.54004,0,,0.17042,0.74487,19.41603,1.00648,1,0.52956,0.69179,17.61702,1.01109,1,
0,Game,6970,114.49762,4781392587,0.74707,0.40200,114.23465,0.26297,349,1,0.69404,0.65745,1,0.58438,0.54004,0,,0.16065,0.75459,21.52029,1.02465,1,0.52038,0.69676,17.43130,1.03417,1,
0,Game,6987,114.77673,4782262666,0.53648,0.68679,114.56326,0.21347,350,1,0.36360,0.72986,1,0.58438,0.54199,0,,0.15015,0.75730,21.84827,1.03007,1,0.51102,0.69766,19.76417,1.02421,1,
0,Game,7009,115.13831,4783389746,0.31491,0.71241,114.84280,0.29550,351,1,0.24959,0.70564,1,0.58281,0.54883,0,,0.13924,0.75927,22.21859,0.98560,1,0.50017,0.69284,19.55427,0.98457,1,
0,Game,7025,115.40100,4784208596,0.18514,0.62673,115.15463,0.24637,352,1,0.12437,0.58948,1,0.58281,0.54883,0,,0.13140,0.75986,21.82310,1.02835,1,0.49202,0.68934,19.58801,1.03787,1,
0,Game,7038,115.61462,4784874571,0.40511,0.51011,115.41766,0.19696,353,1,0.78208,0.30430,1,0.58281,0.54883,0,,0.15071,0.75010,22.31132,0.99520,1,0.50938,0.68043,19.50969,0.99417,1,
0,Game,7065,116.05826,4786257469,0.78868,0.33001,115.68027,0.37799,354,1,0.84119,0.29465,1,0.58281,0.54883,0,,0.16035,0.74506,21.95156,1.01461,1,0.52005,0.68016,19.03956,1.01849,1,
0,Game,7082,116.33762,4787128291,0.84160,0.32726,116.07465,0.26297,355,1,0.74519,0.53709,1,0.58281,0.54883,0,,0.15549,0.75373,22.18395,1.01117,1,0.51542,0.68803,17.66548,1.02069,1,
0,Game,7102,116.66599,4788151875,0.76538,0.57457,116.40311,0.26288,356,1,1.33101,0.95572,1,0.58281,0.54688,0,,0.16842,0.76726,21.08502,1.05853,1,0.52523,0.70178,19.52719,1.05178,1,
0,Game,7128,117.09323,4789483718,-2.41297,1.95607,117.02762,0.06561,357,1,-2.40329,1.97533,0,0.60703,0.25488,0,,0.19408,0.79162,18.09209,0.78358,1,0.54766,0.73346,14.39718,0.78280,1,
0,Game,7171,117.79935,4791684863,0.27786,0.35191,117.75009,0.04926,358,1,0.41537,0.32776,1,0.59297,0.38379,0,,0.14224,0.74635,18.71925,0.99505,1,0.50039,0.68047,17.63838,0.98919,1,
0,Game,7188,118.07880,4792556042,0.75235,0.33179,117.86505,0.21375,359,1,0.91521,0.30096,1,0.59219,0.45508,0,,0.15168,0.74796,20.57343,0.99989,1,0.50928,0.67936,18.19007,1.00377,1,
0,Game,7211,118.45645,4793733260,0.87922,0.31563,118.14432,0.31213,360,1,0.79851,0.39905,1,0.59219,0.45996,0,,0.15312,0.75209,21.41549,0.99989,1,0.51090,0.68499,18.34706,1.00377,1,
0,Game,7228,118.73605,4794604846,0.64497,0.45739,118.52219,0.21387,361,1,0.56706,0.48231,1,0.59141,0.50684,0,,0.14195,0.75446,21.69518,0.99036,1,0.50136,0.68306,18.51583,0.98941,1,
0,Game,7253,119.14642,4795884038,0.17221,0.54702,118.85068,0.29575,362,1,0.12051,0.55679,1,0.56094,0.64844,0,,0.13886,0.75612,21.61891,1.05032,1,0.49899,0.68731,19.81939,1.04937,1,
0,Game,7270,119.42569,4796754594,0.16402,0.58699,119.16281,0.26288,363,1,0.47501,0.54171,1,0.55625,0.68359,0,,0.14819,0.75442,21.94187,1.04699,1,0.50922,0.68680,19.82832,1.05161,1,
0,Game,7288,119.72168,4797677249,0.75879,0.43641,119.49167,0.23001,364,1,0.88048,0.20281,1,0.55859,0.68066,0,,0.15754,0.74470,21.72301,0.99772,1,0.51499,0.67894,19.16827,0.99677,1,
0,Game,7316,120.18127,4799109909,0.88024,0.24581,119.78714,0.39413,365,1,0.81867,0.49503,1,0.55937,0.68262,0,,0.16242,0.75179,22.56618,1.00003,1,0.52136,0.68746,18.35503,0.99417,1,
0,Game,7333,120.46054,4799980456,0.75093,0.63528,120.24701,0.21353,366,1,0.53564,0.76983,1,0.55547,0.68262,0,,0.15377,0.76040,22.00301,1.02443,1,0.51432,0.69652,19.09983,1.02340,1,
0,Game,7350,120.74051,4800853248,0.41970,0.60490,120.52640,0.21411,367,1,0.34310,0.38789,1,0.49687,0.34961,0,,0.14709,0.74910,22.22607,1.02129,1,0.50652,0.68602,19.28798,1.00970,1,
0,Game,7368,121.03552,4801772822,0.22582,0.25405,120.80579,0.22974,368,1,0.18341,0.24719,1,0.47422,0.19238,0,,0.13855,0.74629,21.22424,0.97578,1,0.49748,0.68027,19.06968,0.97483,1,
0,Game,7384,121.29837,4802592234,0.18650,0.23975,121.05200,0.24637,369,1,0.24055,0.59985,1,0.47344,0.28613,0,,0.13623,0.75974,21.17667,0.97564,1,0.49432,0.69191,18.56326,0.97468,1,
0,Game,7403,121.61050,4803565191,0.28440,0.94605,121.36411,0.24640,370,1,0.28311,0.88660,1,0.43281,0.59180,0,,0.13621,0.77103,21.70462,1.03791,1,0.49663,0.70152,19.26447,1.03688,1,
0,Game,7476,122.80969,4807303495,0.27060,0.92544,121.62717,1.18253,371,1,0.32600,0.84334,1,0.27812,0.97266,0,,0.11649,0.77164,23.54014,1.04975,1,0.47591,0.69453,19.99631,1.04873,1,
0,Game,7510,123.36859,4809045666,0.38125,0.17420,122.87549,0.49310,372,1,0.47480,0.13383,1,0.52656,0.23242,0,,0.09414,0.75400,20.39757,1.05827,1,0.45087,0.66955,18.63402,1.05725,1,
0,Game,7532,123.72986,4810171731,0.57262,0.08284,123.43396,0.29590,373,1,0.57066,-0.00897,1,0.54453,0.03320,0,,0.08853,0.75039,20.07353,1.05032,1,0.44422,0.66817,18.04773,1.04937,1,
0,Game,7550,124.02545,4811093268,0.53379,0.05888,123.74622,0.27924,374,1,0.14609,0.25178,1,0.53203,0.05859,0,,0.07731,0.75259,17.16698,1.06981,1,0.43399,0.67549,16.69726,1.07443,1,