MEDIA_ID,MEDIA_NAME,CNT,TIME(2015/11/20 16:16:29.547),TIMETICK(f=3117255),FPOGX,FPOGY,FPOGS,FPOGD,FPOGID,FPOGV,BPOGX,BPOGY,BPOGV,CX,CY,CS,USER,LPCX,LPCY,LPD,LPS,LPV,RPCX,RPCY,RPD,RPS,RPV,
0,Game,17,0.27938,11776123788,0.51335,0.11064,0.00000,0.27938,1,1,0.55899,0.23783,1,0.53203,0.16211,0,,0.24957,0.55477,13.97370,1.04623,1,0.58877,0.55657,13.83344,1.04401,1,
0,Game,41,0.67347,11777352259,0.59859,0.57990,0.34485,0.32862,2,1,0.60466,0.71503,1,0.56328,0.47754,0,,0.23513,0.57726,13.76474,1.03628,1,0.57393,0.57143,12.98591,1.02859,1,
0,Game,84,1.37997,11779554622,0.60487,0.70511,0.73950,0.64047,3,1,0.52803,0.49205,1,0.60469,0.73145,0,,0.22637,0.55844,13.63249,1.05238,1,0.56786,0.53665,12.98753,1.05016,1,
0,Game,136,2.23422,11782217528,0.54187,0.49938,1.44578,0.78844,4,1,0.53593,0.57086,1,0.58594,0.52637,0,,0.21528,0.56251,11.34954,1.04657,1,0.55911,0.55302,11.78200,1.04452,1,
0,Game,169,2.77618,11783906941,0.52959,0.49089,2.25046,0.52572,5,1,0.43879,0.40485,1,0.58594,0.52637,0,,0.21932,0.58504,10.90163,1.04606,1,0.56160,0.56538,11.40911,1.04948,1,
0,Game,182,2.98984,11784572974,0.45494,0.31042,2.79241,0.19742,6,1,0.48982,0.18184,1,0.58594,0.52637,0,,0.22952,0.57322,12.46815,1.06264,1,0.57319,0.56117,11.38004,1.05495,1,
0,Game,211,3.46654,11786058995,0.46696,0.28076,3.00632,0.46023,7,1,0.56837,0.31376,1,0.58594,0.52637,0,,0.21154,0.56612,13.18108,1.04061,1,0.55633,0.54809,12.52561,1.03856,1,
0,Game,238,3.90964,11787440222,0.54507,0.29761,3.48255,0.42708,8,1,0.53003,0.29853,1,0.58594,0.52637,0,,0.20107,0.56608,12.82097,1.05095,1,0.54473,0.54762,11.82617,1.05436,1,
0,Game,254,4.17265,11788260112,0.56755,0.31688,3.92617,0.24648,9,1,0.61773,0.33227,1,0.58594,0.52637,0,,0.20363,0.56717,13.37903,1.05700,1,0.54644,0.55247,11.67643,1.06042,1,
0,Game,270,4.43525,11789078683,0.51697,0.36501,4.18877,0.24648,10,1,0.36617,0.42541,1,0.58594,0.52637,0,,0.20036,0.56992,13.29807,1.00403,1,0.54297,0.55457,12.48389,1.00745,1,
0,Game,302,4.96100,11790717590,0.34203,0.42468,4.50089,0.46011,11,1,0.34174,0.38050,1,0.58594,0.52637,0,,0.20081,0.56280,11.01553,1.07956,1,0.54394,0.54481,11.53596,1.07734,1,
0,Game,317,5.20739,11791485647,0.34492,0.47023,4.97739,0.23000,12,1,0.28053,0.55585,1,0.58594,0.52637,0,,0.19080,0.57424,10.93849,1.04933,1,0.53348,0.55134,11.42212,1.04728,1,
0,Game,361,5.93025,11793738999,0.29752,0.56501,5.22374,0.70651,13,1,0.31805,0.58197,1,0.58594,0.52637,0,,0.17976,0.57510,11.02930,1.00178,1,0.52331,0.54433,11.83000,0.99973,1,
0,Game,378,6.20949,11794609448,0.30541,0.60601,5.94662,0.26287,14,1,0.34378,0.62322,1,0.58594,0.52637,0,,0.17820,0.57343,11.26276,1.04007,1,0.52224,0.54281,11.25258,1.04349,1,
0,Game,393,6.45586,11795377440,0.37943,0.61977,6.22585,0.23000,15,1,0.41385,0.58626,1,0.58594,0.52637,0,,0.17685,0.57062,12.09893,1.04640,1,0.52140,0.53972,11.04940,1.04435,1,
0,Game,407,6.68584,11796094369,0.51068,0.53359,6.47223,0.21362,16,1,0.59451,0.54281,1,0.58594,0.52637,0,,0.18829,0.56545,12.48938,1.05717,1,0.53312,0.53991,11.32658,1.04948,1,
0,Game,454,7.45780,11798500766,0.60216,0.43458,7.09690,0.36091,17,1,0.60798,0.43020,1,0.58594,0.52637,0,,0.20034,0.55556,10.72822,1.08760,1,0.54467,0.53778,9.87641,1.07871,1,
0,Game,470,7.72085,11799320732,0.63371,0.45472,7.47447,0.24638,18,1,0.66142,0.50648,1,0.58594,0.52637,0,,0.19512,0.55517,11.57428,1.01524,1,0.53976,0.53622,10.55785,1.00755,1,
0,Game,486,7.98357,11800139708,0.58040,0.55076,7.73721,0.24636,19,1,0.53798,0.63459,1,0.58594,0.52637,0,,0.18828,0.56245,10.19023,1.04059,1,0.53234,0.54212,10.65948,1.03836,1,
0,Game,504,8.27933,11801061660,0.52932,0.72088,8.00006,0.27927,20,1,0.39624,0.85120,1,0.58594,0.52637,0,,0.18379,0.56870,10.48684,1.05238,1,0.52610,0.54445,10.40006,1.05016,1,
0,Game,523,8.59130,11802034143,0.38603,0.83723,8.34492,0.24637,21,1,0.42973,0.52442,1,0.58594,0.52637,0,,0.18308,0.56118,8.95656,1.07673,1,0.52413,0.53687,9.76376,1.07451,1,
0,Game,553,9.08418,11803570605,0.41059,0.41216,8.65730,0.42688,22,1,0.42863,0.48864,1,0.58594,0.52637,0,,0.19408,0.54908,11.62170,1.05734,1,0.53585,0.52407,9.33559,1.04965,1,
0,Game,557,9.14990,11803775463,0.40821,0.49985,9.10067,0.04923,23,1,0.41056,0.56129,1,0.58594,0.52637,0,,0.19320,0.55051,11.79552,1.02982,1,0.53575,0.52894,10.81280,1.02759,1,
0,Game,577,9.47853,11804799885,0.40302,0.68705,9.21554,0.26299,24,1,0.37879,0.65732,1,0.58594,0.52637,0,,0.18538,0.55554,11.55932,1.02399,1,0.52856,0.53240,11.47516,1.02741,1,
0,Game,590,9.69231,11805466290,0.38442,0.55054,9.49492,0.19739,25,1,0.38496,0.41504,1,0.58594,0.52637,0,,0.18126,0.54471,13.74098,1.01336,1,0.52292,0.52054,10.84301,1.01678,1,
0,Game,606,9.95490,11806284844,0.38912,0.51568,9.70854,0.24636,26,1,0.38213,0.70215,1,0.58594,0.52637,0,,0.18156,0.55503,10.68332,1.05153,1,0.52250,0.53291,10.87860,1.04948,1,
0,Game,629,10.33309,11807463771,0.38551,0.75930,10.02054,0.31255,27,1,0.41342,0.82184,1,0.58594,0.52637,0,,0.18328,0.55725,12.33862,1.01900,1,0.52524,0.53535,11.18864,1.01678,1,
0,Game,657,10.79264,11808896294,0.38100,0.81290,10.34901,0.44362,28,1,0.38997,0.69587,1,0.58594,0.52637,0,,0.18349,0.56063,10.80358,1.07392,1,0.52515,0.53447,11.24038,1.07170,1,
0,Game,674,11.07203,11809767235,0.42611,0.79829,10.80927,0.26277,29,1,0.42646,0.94988,1,0.58594,0.52637,0,,0.18523,0.56596,11.36919,1.08879,1,0.52699,0.54076,10.84052,1.08110,1,
0,Game,710,11.66325,11811610215,0.38828,0.89582,11.08838,0.57487,30,1,0.41649,0.92997,1,0.58594,0.52637,0,,0.18234,0.56635,13.44607,1.02982,1,0.52451,0.53935,11.89076,1.03324,1,
0,Game,730,11.99173,11812634156,0.39128,0.89006,11.67976,0.31197,31,1,0.39148,0.34517,1,0.58594,0.52637,0,,0.19517,0.55342,12.60881,1.05785,1,0.53507,0.53052,11.98182,1.05563,1,
0,Game,751,12.33686,11813710032,0.48390,0.22789,12.05747,0.27939,32,1,0.60264,0.30284,1,0.58594,0.52637,0,,0.20943,0.54770,12.09589,1.07426,1,0.55124,0.52816,11.95793,1.07204,1,
0,Game,774,12.71463,11814887623,0.59069,0.30786,12.35348,0.36115,33,1,0.58925,0.30790,1,0.58594,0.52637,0,,0.20848,0.54806,11.45159,1.08520,1,0.55097,0.52578,11.52520,1.08298,1,
0,Game,789,12.96106,11815655824,0.60257,0.37441,12.73112,0.22994,34,1,0.58200,0.37176,1,0.58594,0.52637,0,,0.19924,0.54727,10.49554,1.03512,1,0.54111,0.52506,10.89843,1.03306,1,
0,Game,805,13.22381,11816474878,0.60143,0.33365,12.97733,0.24648,35,1,0.92331,-1.38481,1,0.58594,0.52637,0,,0.19175,0.54376,8.74342,1.06298,1,0.53380,0.52228,10.45228,1.06640,1,
0,Game,855,14.04518,11819035278,0.48428,0.60571,13.63460,0.41058,36,1,0.44136,0.23831,1,0.58594,0.52637,0,,0.20284,0.54900,10.57317,1.08520,1,0.54323,0.52800,9.81109,1.08298,1,
0,Game,873,14.34094,11819957264,0.46985,0.33748,14.11092,0.23002,37,1,0.44924,0.53147,1,0.58594,0.52637,0,,0.20242,0.55473,9.81845,1.06281,1,0.54323,0.53533,10.61652,1.05512,1,
0,Game,891,14.63654,11820878721,0.45430,0.42898,14.40656,0.22998,38,1,0.44986,0.37224,1,0.58594,0.52637,0,,0.19634,0.55006,10.89249,1.06640,1,0.53781,0.53011,10.43724,1.06435,1,
0,Game,909,14.93229,11821800653,0.45395,0.37294,14.65303,0.27927,39,1,0.44737,0.33373,1,0.58594,0.52637,0,,0.19425,0.55085,11.83393,1.09392,1,0.53613,0.52855,10.59999,1.08503,1,
0,Game,935,15.35945,11823132202,0.46338,0.38424,14.94897,0.41048,40,1,0.50158,0.53866,1,0.58594,0.52637,0,,0.20129,0.55630,11.65598,1.06562,1,0.54120,0.53514,11.03179,1.06904,1,
0,Game,958,15.73728,11824309997,0.46269,0.66064,15.42536,0.31192,41,1,0.45763,0.69830,1,0.58594,0.52637,0,,0.21116,0.56089,10.47208,1.06993,1,0.55202,0.54145,10.81353,1.07334,1,
0,Game,981,16.11531,11825488416,0.47151,0.69685,15.75352,0.36179,42,1,0.51409,0.76265,1,0.58594,0.52637,0,,0.21264,0.56295,10.84441,1.06828,1,0.55368,0.54323,9.86441,1.06606,1,
0,Game,999,16.41063,11826408998,0.47226,0.73180,16.13140,0.27923,43,1,0.45220,0.37671,1,0.58594,0.52637,0,,0.20689,0.55297,12.06056,1.05782,1,0.54640,0.53213,10.92762,1.06770,1,
0,Game,1016,16.69042,11827281175,0.47126,0.47791,16.47684,0.21357,44,1,0.46557,0.75599,1,0.58594,0.52637,0,,0.20528,0.56777,9.56639,1.08323,1,0.54460,0.54511,10.28619,1.06887,1,
0,Game,1053,17.29772,11829174304,0.49037,0.86758,16.75577,0.54196,45,1,0.49562,0.75822,1,0.58594,0.52637,0,,0.20221,0.56790,7.71090,1.07392,1,0.54306,0.54715,9.08445,1.07170,1,
0,Game,1068,17.54425,11829942790,0.47108,0.88103,17.31436,0.22989,46,1,0.45309,0.91793,1,0.58594,0.52637,0,,0.20038,0.57105,8.43438,1.00689,1,0.54255,0.54845,9.44726,1.00466,1,
0,Game,1086,17.84010,11830865017,0.45853,0.89817,17.56212,0.27797,47,1,0.42355,0.49660,1,0.58594,0.52637,0,,0.20110,0.56214,6.53776,1.04640,1,0.54303,0.54569,8.18638,1.04435,1,
0,Game,1102,18.10287,11831684145,0.47317,0.87367,17.85622,0.24665,48,1,0.48686,0.97087,1,0.58594,0.52637,0,,0.20165,0.57097,6.24558,1.02366,0,0.54577,0.54932,7.68326,1.02708,1,
0,Game,1115,18.31651,11832350129,0.46893,0.79683,18.11922,0.19729,49,1,0.48891,0.55163,1,0.58594,0.52637,0,,0.20165,0.57097,6.24558,1.01819,0,0.54548,0.53180,8.76209,1.02808,1,
0,Game,1133,18.61196,11833271105,0.48865,0.36574,18.38198,0.22997,50,1,0.45150,0.40865,1,0.58594,0.52637,0,,0.19185,0.56430,8.85167,1.05187,1,0.53311,0.53726,8.81679,1.04965,1,
0,Game,1165,19.13770,11834909977,0.37671,0.88311,18.67773,0.45997,51,1,0.40438,0.69670,1,0.58594,0.52637,0,,0.18356,0.56657,8.91216,1.07187,1,0.52709,0.53808,9.67967,1.06965,1,
0,Game,1190,19.54833,11836190032,0.48962,0.76439,19.20319,0.34514,52,1,0.42464,0.79301,1,0.58594,0.52637,0,,0.19199,0.56902,11.25284,1.09414,1,0.53501,0.54082,10.27617,1.08645,1,
0,Game,1215,19.95923,11837470887,0.44704,0.43160,19.66347,0.29575,53,1,0.40687,0.64029,1,0.58594,0.52637,0,,0.19857,0.55861,11.52215,1.04059,0,0.54059,0.54054,10.49621,1.03836,1,
0,Game,1252,20.56678,11839364785,0.47560,0.78578,20.07407,0.49271,54,1,0.48700,0.74923,1,0.58594,0.52637,0,,0.19784,0.56444,12.08875,1.05734,1,0.54132,0.53946,11.38417,1.05512,1,
0,Game,1259,20.68180,11839723334,0.45167,0.80693,20.58344,0.09836,55,1,0.45084,0.87568,0,0.58594,0.52637,0,,0.19845,0.56972,8.45545,1.04571,0,0.54058,0.53861,10.72896,1.04349,0,
0,Game,1294,21.25680,11841515745,0.42477,0.81525,20.89529,0.36150,56,1,0.37087,0.80126,1,0.58594,0.52637,0,,0.19289,0.56584,12.99106,1.10460,1,0.53773,0.53973,11.72502,1.10237,1,
0,Game,1308,21.48664,11842232219,0.36821,0.66141,21.27302,0.21362,57,1,0.37380,0.41272,1,0.58594,0.52637,0,,0.19099,0.55610,12.85908,1.06845,1,0.53374,0.52816,12.42004,1.06076,1,
0,Game,1327,21.79878,11843205233,0.38279,0.50373,21.55251,0.24626,58,1,0.35792,0.83998,1,0.58594,0.52637,0,,0.18843,0.56770,11.85189,1.01871,1,0.53098,0.53899,10.93226,1.01665,1,
0,Game,1344,22.07829,11844076566,0.35487,0.67807,21.86482,0.21347,59,1,0.36593,0.38733,1,0.58594,0.52637,0,,0.18657,0.55715,12.70059,1.00369,1,0.52899,0.52632,12.28646,1.00647,1,
0,Game,1368,22.47238,11845305030,0.33229,0.30126,22.14403,0.32835,60,1,0.31732,0.39290,1,0.58594,0.52637,0,,0.18338,0.55647,13.64168,0.97321,1,0.52761,0.52698,12.33442,0.97600,1,
0,Game,1381,22.68606,11845971132,0.35106,0.58052,22.48920,0.19686,61,1,0.34710,0.78796,1,0.58594,0.52637,0,,0.18123,0.56949,13.30087,1.04606,1,0.52486,0.53856,12.20588,1.04401,1,
0,Game,1426,23.42511,11848274918,0.36012,0.77788,22.75178,0.67333,62,1,0.47360,0.81206,1,0.58594,0.52637,0,,0.19127,0.56503,8.81851,1.10172,1,0.53589,0.54095,12.88621,1.10596,1,
0,Game,1443,23.70448,11849145799,0.36595,0.81167,23.44426,0.26022,63,1,0.34752,0.73022,1,0.58594,0.52637,0,,0.19620,0.56837,12.81358,1.02044,1,0.54142,0.54276,12.66043,1.02869,1,
0,Game,1456,23.91808,11849811663,0.51714,0.77490,23.72086,0.19722,64,1,0.57833,0.84315,1,0.58594,0.52637,0,,0.20121,0.56565,12.78969,1.05734,1,0.54600,0.54063,12.03057,1.04965,1,
0,Game,1471,24.16421,11850578886,0.55006,0.73109,23.93448,0.22973,65,1,0.49298,0.17803,1,0.58594,0.52637,0,,0.19814,0.55374,13.53033,1.05204,1,0.54104,0.52683,11.71119,1.04999,1,
0,Game,1497,24.59171,11851911527,0.54440,0.22862,24.23024,0.36147,66,1,0.55418,0.46926,1,0.58594,0.52637,0,,0.19706,0.55466,12.68459,1.05187,1,0.54006,0.52927,10.96484,1.04965,1,
0,Game,1518,24.93647,11852986215,0.58976,0.62479,24.65724,0.27922,67,1,0.58915,0.43441,1,0.58594,0.52637,0,,0.19271,0.55470,13.40566,1.05204,1,0.53652,0.52710,11.55079,1.04435,1,
0,Game,1547,25.41297,11854471577,0.57637,0.40693,25.00217,0.41079,68,1,0.59223,0.39234,1,0.58594,0.52637,0,,0.19019,0.55282,13.25344,1.05833,1,0.53481,0.52558,11.27525,1.05064,1,
0,Game,1561,25.64293,11855188436,0.56824,0.51125,25.42948,0.21345,69,1,0.55119,0.83714,1,0.58594,0.52637,0,,0.19332,0.56449,11.34452,1.06879,1,0.53760,0.53768,11.75573,1.06657,1,
0,Game,1598,26.25068,11857082969,0.53494,0.80391,25.70857,0.54212,70,1,0.53922,0.87886,1,0.58594,0.52637,0,,0.20188,0.56327,12.21215,1.04623,1,0.54685,0.53932,12.21597,1.04965,1,
0,Game,1613,26.49705,11857850940,0.43522,0.78146,26.26705,0.23000,71,1,0.39614,0.78058,1,0.58594,0.52637,0,,0.19537,0.56414,12.10798,1.06770,1,0.54153,0.53860,10.98143,1.06548,1,
0,Game,1621,26.62852,11858260769,0.42238,0.82235,26.51354,0.11497,72,1,0.47367,0.87015,0,0.58594,0.52637,0,,0.19676,0.56387,7.05972,1.02235,0,0.54090,0.53886,9.26239,1.02012,0,
0,Game,1661,27.28582,11860309744,0.39132,0.56286,27.08871,0.19711,73,1,0.35495,0.68625,1,0.58594,0.52637,0,,0.19592,0.56274,11.14345,0.99275,1,0.53993,0.53451,11.62605,0.99617,1,
0,Game,1699,27.90990,11862255168,0.37229,0.61274,27.30190,0.60800,74,1,0.43067,0.72209,1,0.58594,0.52637,0,,0.20391,0.56409,10.70027,1.02640,1,0.54705,0.53751,11.87286,1.01204,1,
0,Game,1723,28.30409,11863483948,0.41127,0.74097,27.97548,0.32860,75,1,0.38760,0.79333,1,0.58594,0.52637,0,,0.20106,0.56591,11.26530,1.04606,1,0.54522,0.53903,11.35760,1.04948,1,
0,Game,1743,28.63275,11864508453,0.44765,0.75044,28.32051,0.31223,76,1,0.47088,0.71306,1,0.58594,0.52637,0,,0.20238,0.56380,12.44896,1.05238,1,0.54575,0.53652,12.22156,1.05016,1,
0,Game,1758,28.87913,11865276490,0.41350,0.60133,28.64886,0.23027,77,1,0.36280,0.49850,1,0.58594,0.52637,0,,0.20037,0.55543,12.47277,1.05453,1,0.54382,0.53051,11.46832,1.04779,1,
0,Game,1771,29.09279,11865942528,0.39346,0.34036,28.89550,0.19728,78,1,0.42448,0.24978,1,0.58594,0.52637,0,,0.20077,0.55147,12.79574,1.06181,1,0.54439,0.52676,10.58764,1.04276,1,
0,Game,1788,29.37186,11866812465,0.39000,0.33669,29.10897,0.26289,79,1,0.40151,0.64009,1,0.58594,0.52637,0,,0.20159,0.56393,12.01620,1.08879,1,0.54382,0.53688,11.19706,1.07990,1,
0,Game,1809,29.71686,11867887916,0.43075,0.68667,29.43746,0.27940,80,1,0.48221,0.76135,1,0.58594,0.52637,0,,0.20387,0.56472,11.36893,1.06828,1,0.54790,0.53985,11.09095,1.07170,1,
0,Game,1857,30.50524,11870345495,0.46227,0.77284,29.73308,0.77216,81,1,0.38495,0.70586,1,0.58594,0.52637,0,,0.19058,0.56821,12.47760,1.02044,1,0.53408,0.53827,12.03662,1.02386,1,
0,Game,1877,30.83383,11871369806,0.34446,0.67751,30.52168,0.31215,82,1,0.33071,0.65221,1,0.58594,0.52637,0,,0.18915,0.56592,12.27572,1.04076,1,0.53283,0.53622,12.00900,1.03307,1,
0,Game,1894,31.11308,11872240285,0.32007,0.60595,30.85020,0.26287,83,1,0.33224,0.22676,1,0.58594,0.52637,0,,0.19682,0.55688,12.68587,1.08685,1,0.53880,0.52934,11.23605,1.09673,1,
0,Game,1939,31.85246,11874545114,0.31342,0.29584,31.17868,0.67378,84,1,0.33623,0.51310,1,0.58594,0.52637,0,,0.19722,0.56162,13.19190,1.06828,1,0.53996,0.53313,11.36444,1.06606,1,
0,Game,1978,32.49304,11876541988,0.35060,0.60036,31.91807,0.57497,85,1,0.36089,0.59218,1,0.58594,0.52637,0,,0.19387,0.56370,12.78386,1.06828,1,0.53688,0.53374,12.26061,1.06606,1,
0,Game,2006,32.95288,11877975410,0.36671,0.58508,32.50942,0.44345,86,1,0.38054,0.56785,1,0.58594,0.52637,0,,0.19434,0.56114,12.85380,1.04059,1,0.53771,0.53254,11.96565,1.03854,1,
0,Game,2029,33.33077,11879153412,0.38081,0.63274,32.96954,0.36123,87,1,0.43794,0.69979,1,0.58594,0.52637,0,,0.19300,0.56622,13.27322,1.05734,1,0.53666,0.53637,11.66878,1.04965,1,
0,Game,2046,33.61003,11880023934,0.47559,0.71399,33.34714,0.26290,88,1,0.50804,0.74942,1,0.58594,0.52637,0,,0.19982,0.56749,11.39504,1.05153,1,0.54287,0.53825,10.53998,1.04948,1,
0,Game,2077,34.11925,11881611282,0.50233,0.75502,33.62666,0.49258,89,1,0.51350,0.77720,1,0.58594,0.52637,0,,0.20159,0.56872,12.36141,1.07187,1,0.54499,0.54177,11.23792,1.06965,1,
0,Game,2091,34.34929,11882328400,0.52152,0.66539,34.13591,0.21338,90,1,0.49762,0.55596,1,0.58594,0.52637,0,,0.19744,0.56328,12.20045,1.08520,1,0.53975,0.53522,11.08767,1.08298,1,
0,Game,2115,34.74366,11883557746,0.50754,0.56089,34.41488,0.32878,91,1,0.57862,0.54512,1,0.58594,0.52637,0,,0.19980,0.56365,13.02235,1.08332,1,0.54258,0.53599,10.69861,1.07563,1,
0,Game,2134,35.05574,11884530561,0.58648,0.56281,34.76001,0.29573,92,1,0.56724,0.53809,1,0.58594,0.52637,0,,0.20408,0.56005,12.24909,1.02999,1,0.54577,0.53444,10.89059,1.02230,1,
0,Game,2158,35.44987,11885759186,0.59292,0.50044,35.07198,0.37790,93,1,0.64746,0.51220,1,0.58594,0.52637,0,,0.20936,0.56089,12.70118,1.06828,1,0.55151,0.53564,11.49752,1.06606,1,
0,Game,2174,35.71289,11886579064,0.60832,0.57459,35.46664,0.24625,94,1,0.54112,0.80396,1,0.58594,0.52637,0,,0.20596,0.56627,9.73923,1.06511,1,0.54697,0.54151,10.46367,1.06289,1,
0,Game,2208,36.27121,11888319487,0.52202,0.72163,35.77848,0.49273,95,1,0.45501,0.63669,1,0.58594,0.52637,0,,0.19902,0.56643,9.39494,1.10724,1,0.54191,0.53946,10.18673,1.09955,1,
0,Game,2225,36.55058,11889190358,0.44108,0.65042,36.28759,0.26299,96,1,0.43798,0.62540,1,0.58594,0.52637,0,,0.19546,0.56255,10.48793,1.08520,1,0.53788,0.53396,9.98622,1.08298,1,
0,Game,2252,36.99558,11890577543,0.43373,0.44499,36.61620,0.37938,97,1,0.47009,0.51706,1,0.58594,0.52637,0,,0.19378,0.56263,10.66203,1.00178,1,0.53544,0.53198,9.65963,0.99973,1,
0,Game,2286,37.55255,11892313765,0.52155,0.70741,37.05982,0.49273,98,1,0.51004,0.76695,1,0.58594,0.52637,0,,0.19235,0.56850,9.16669,1.06879,1,0.53509,0.53940,10.03731,1.06657,1,
0,Game,2331,38.29180,11894618178,0.47098,0.72928,37.81542,0.47638,99,1,0.50263,0.67376,1,0.58594,0.52637,0,,0.18554,0.55529,8.72473,1.03546,1,0.52861,0.52981,9.69906,1.03888,1,
0,Game,2349,38.58766,11895540472,0.48600,0.72792,38.30844,0.27922,100,1,0.51264,0.64944,0,0.58594,0.52637,0,,0.18782,0.56275,10.21749,1.04952,0,0.53124,0.53267,9.95066,1.05941,0,
0,Game,2380,39.09677,11897127496,0.56338,0.77444,38.75194,0.34483,101,1,0.59677,0.72164,1,0.58594,0.52637,0,,0.19961,0.56710,11.21484,1.05700,1,0.54217,0.54096,9.56185,1.06042,1,
0,Game,2412,39.62253,11898766406,0.55840,0.76020,39.11328,0.50925,102,1,0.56362,0.84541,1,0.58594,0.52637,0,,0.19890,0.57086,9.28602,1.05187,1,0.54104,0.54308,9.35892,1.05529,1,
0,Game,2452,40.27935,11900813882,0.56718,0.77747,39.63902,0.64032,103,1,0.57143,0.65974,1,0.58594,0.52637,0,,0.19478,0.56771,9.07110,1.09813,1,0.53809,0.53979,9.17087,1.10238,1,
0,Game,2469,40.55874,11901684829,0.52963,0.68863,40.29586,0.26288,104,1,0.51344,0.45113,1,0.58594,0.52637,0,,0.18919,0.55920,9.76226,1.04691,1,0.53177,0.53025,9.52615,1.03922,1,
0,Game,2474,40.64087,11901940834,0.52137,0.66150,40.57525,0.06561,105,1,0.51881,0.83581,1,0.58594,0.52637,0,,0.18865,0.55469,8.91206,1.08272,1,0.53119,0.52931,9.56072,1.08049,1,
0,Game,2484,40.80512,11902452871,0.45890,0.61608,40.75585,0.04927,106,1,0.55206,0.27211,1,0.58594,0.52637,0,,0.18938,0.55648,10.39415,1.06845,1,0.53235,0.52866,9.69527,1.06076,1,
0,Game,2512,41.26509,11903886707,0.54439,0.30155,40.87086,0.39423,107,1,0.48910,0.56241,1,0.58594,0.52637,0,,0.18782,0.56501,10.84782,1.13160,1,0.53026,0.53481,9.71542,1.11724,1,
0,Game,2559,42.03729,11906293856,0.49138,0.58176,41.33083,0.70647,108,1,0.55691,0.68921,1,0.58594,0.52637,0,,0.17164,0.56801,10.86951,1.03759,1,0.51511,0.53306,10.51139,1.03554,1,
0,Game,2587,42.49735,11907727957,0.59813,0.76432,42.10297,0.39437,109,1,0.59227,0.78198,1,0.58594,0.52637,0,,0.17704,0.56899,11.12246,1.02999,1,0.52031,0.53475,10.54937,1.02230,1,
0,Game,2601,42.72717,11908444379,0.51851,0.71319,42.51357,0.21360,110,1,0.50105,0.55031,1,0.58594,0.52637,0,,0.17754,0.56344,10.85129,1.07238,1,0.52166,0.53042,10.17639,1.06349,1,
0,Game,2620,43.03929,11909417345,0.46793,0.59685,42.74357,0.29572,111,1,0.47379,0.43998,0,0.58594,0.52637,0,,0.17960,0.55887,9.54230,1.02401,0,0.52391,0.52546,10.12926,1.01631,0,
0,Game,2650,43.53205,11910953392,0.61924,0.54565,43.30192,0.23013,112,1,0.64944,0.46224,1,0.58594,0.52637,0,,0.18393,0.56096,10.90153,1.07426,1,0.52785,0.52733,9.05772,1.07204,1,
0,Game,2664,43.76243,11911671539,0.62419,0.56735,43.54856,0.21387,113,1,0.58732,0.85309,1,0.58594,0.52637,0,,0.18433,0.56763,9.45138,1.01820,1,0.52735,0.53698,9.23034,1.01614,1,
0,Game,2681,44.04128,11912540798,0.52554,0.70900,43.82792,0.21336,114,1,0.45439,0.65979,1,0.58594,0.52637,0,,0.18177,0.56661,8.42974,1.03614,1,0.52571,0.53571,10.35266,1.02845,1,
0,Game,2702,44.38627,11913616229,0.47463,0.72604,44.05789,0.32838,115,1,0.52503,0.75007,1,0.58594,0.52637,0,,0.18326,0.56670,10.68900,1.10520,1,0.52767,0.53560,9.48041,1.10298,1,
0,Game,2752,45.20764,11916176637,0.48397,0.36517,44.50126,0.70639,116,1,0.42880,0.57021,1,0.58594,0.52637,0,,0.17181,0.56468,9.83036,1.02367,1,0.51453,0.53121,8.75663,1.02708,1,
0,Game,2779,45.65142,11917560003,0.48897,0.74270,45.27355,0.37787,117,1,0.49614,0.78164,1,0.58594,0.52637,0,,0.16774,0.56904,11.34563,1.02965,1,0.51124,0.53428,10.14619,1.03307,1,
0,Game,2801,46.01286,11918686731,0.47544,0.67247,45.66780,0.34507,118,1,0.43332,0.47953,1,0.58594,0.52637,0,,0.16669,0.56039,11.92661,1.02125,1,0.50937,0.52397,9.27404,1.02950,1,
0,Game,2819,46.30840,11919607960,0.43799,0.18595,46.07825,0.23013,119,1,0.43647,0.13640,1,0.58594,0.52637,0,,0.16349,0.55590,11.16512,1.06511,1,0.50843,0.51909,11.61402,1.06289,1,
0,Game,2835,46.57111,11920426905,0.39557,0.20988,46.32476,0.24635,120,1,0.31155,0.27280,1,0.58594,0.52637,0,,0.15966,0.55848,10.32733,1.02557,1,0.50282,0.52059,10.43922,1.02899,1,
0,Game,2856,46.91595,11921501855,0.31721,0.26472,46.58760,0.32835,121,1,0.33361,0.32426,1,0.58594,0.52637,0,,0.16087,0.56038,10.22153,1.02999,1,0.50294,0.51995,9.32175,1.02794,1,
0,Game,2872,47.17908,11922322132,0.31542,0.32604,46.93266,0.24642,122,1,0.34076,0.64254,1,0.58594,0.52637,0,,0.15929,0.56816,8.18769,1.07426,1,0.50118,0.53001,10.07153,1.06657,1,
0,Game,2900,47.63884,11923755296,0.38027,0.71601,47.24476,0.39408,123,1,0.35405,0.82758,1,0.58594,0.52637,0,,0.16045,0.57176,9.91678,1.04127,1,0.50388,0.53344,9.90245,1.03905,1,
0,Game,2914,47.86897,11924472677,0.43295,0.75670,47.65519,0.21378,124,1,0.55827,0.80672,1,0.58594,0.52637,0,,0.16955,0.57142,9.33637,1.09813,1,0.51239,0.53608,8.59065,1.10238,1,
0,Game,2945,48.37821,11926060102,0.52254,0.72011,47.88537,0.49284,125,1,0.51072,0.59951,1,0.58594,0.52637,0,,0.17547,0.56330,8.92241,1.05187,1,0.51888,0.53238,8.90555,1.04965,1,
0,Game,2985,49.03540,11928108732,0.55773,0.40133,48.44382,0.59158,126,1,0.53661,0.25534,1,0.58594,0.52637,0,,0.16745,0.55931,11.32854,1.08819,1,0.51112,0.52371,8.21172,1.08597,1,
0,Game,2998,49.24881,11928773983,0.45269,0.58694,49.05168,0.19713,127,1,0.34396,0.94554,1,0.58594,0.52637,0,,0.16136,0.57554,12.01311,1.05700,1,0.51013,0.52451,9.88207,1.06042,0,
0,Game,3016,49.54440,11929695424,0.40760,0.85941,49.31444,0.22997,128,1,0.54920,0.90001,1,0.58594,0.52637,0,,0.17370,0.57201,10.11541,1.08172,1,0.51630,0.53872,10.41647,1.08597,1,
0,Game,3032,49.80739,11930515230,0.56483,0.69671,49.61034,0.19705,129,1,0.56150,0.44182,1,0.58594,0.52637,0,,0.17820,0.55927,11.29074,1.04139,1,0.52108,0.52852,9.79562,1.03917,1,
0,Game,3058,50.23429,11931845989,0.58323,0.51149,49.87321,0.36108,130,1,0.59739,0.43441,1,0.58594,0.52637,0,,0.17944,0.56125,11.51313,1.08685,1,0.52273,0.52982,8.42731,1.09673,1,
0,Game,3094,50.82590,11933690228,0.53525,0.84232,50.34964,0.47627,131,1,0.54698,0.79683,1,0.58594,0.52637,0,,0.17604,0.57144,10.00379,1.13753,1,0.51987,0.53858,9.62545,1.14177,1,
0,Game,3113,51.13795,11934662973,0.48964,0.81708,50.84212,0.29583,132,1,0.46289,0.75818,1,0.58594,0.52637,0,,0.17440,0.57206,10.27629,1.08887,1,0.51757,0.53872,9.51118,1.08118,1,
0,Game,3135,51.49924,11935789199,0.39012,0.80034,51.15424,0.34502,133,1,0.40482,0.35708,1,0.58594,0.52637,0,,0.17368,0.56109,12.28350,1.03546,1,0.51580,0.52858,10.03887,1.03888,1,
0,Game,3165,51.99215,11937325676,0.48222,0.37289,51.56512,0.42702,134,1,0.45649,0.43221,1,0.58594,0.52637,0,,0.17589,0.55882,11.78383,0.99402,1,0.51962,0.52571,9.83501,0.99197,1,
0,Game,3179,52.22211,11938042526,0.48711,0.55075,52.00834,0.21377,135,1,0.50969,0.85054,1,0.58594,0.52637,0,,0.17491,0.57299,11.05722,1.07720,1,0.51739,0.53881,10.12555,1.08545,1,
0,Game,3196,52.50135,11938913001,0.48687,0.69458,52.28917,0.21218,136,1,0.48280,0.50548,1,0.58594,0.52637,0,,0.16991,0.56284,12.52384,1.05187,1,0.51334,0.52865,10.53305,1.04965,1,
0,Game,3214,52.79712,11939834966,0.48553,0.54391,52.56725,0.22987,137,1,0.47511,0.74331,1,0.58594,0.52637,0,,0.16671,0.57086,10.70291,1.09426,1,0.50907,0.53513,9.43996,1.09204,1,
0,Game,3240,53.22421,11941166306,0.50562,0.80475,52.86272,0.36149,138,1,0.54582,0.76465,1,0.58594,0.52637,0,,0.17171,0.57088,11.24069,1.02367,1,0.51570,0.53547,10.96404,1.02708,1,
0,Game,3258,53.51985,11942087912,0.53067,0.76556,53.24060,0.27925,139,1,0.53918,0.65345,1,0.58594,0.52637,0,,0.17665,0.56540,11.97591,1.01820,1,0.52020,0.53118,11.38503,1.01614,1,
0,Game,3279,53.86497,11943163763,0.55877,0.62638,53.53649,0.32849,140,1,0.54336,0.41515,1,0.58594,0.52637,0,,0.18138,0.56142,11.80441,1.04008,1,0.52409,0.52834,10.74277,1.04349,1,
0,Game,3297,54.16030,11944084345,0.58404,0.48407,53.93044,0.22985,141,1,0.61720,0.48178,1,0.58594,0.52637,0,,0.17796,0.56145,11.36880,1.00904,1,0.52161,0.52870,10.35831,1.00699,1,
0,Game,3325,54.62045,11945518755,0.60090,0.45059,54.17697,0.44348,142,1,0.58831,0.75001,1,0.58594,0.52637,0,,0.17484,0.56890,10.22112,1.04691,1,0.51744,0.53476,9.42620,1.03922,1,
0,Game,3365,55.27755,11947567113,0.55905,0.74679,54.68619,0.59136,143,1,0.56099,0.79094,1,0.58594,0.52637,0,,0.17803,0.57059,10.31834,1.09913,1,0.52168,0.53713,10.22854,1.09691,1,
0,Game,3383,55.57332,11948489107,0.53597,0.79727,55.29391,0.27941,144,1,0.48569,0.79836,1,0.58594,0.52637,0,,0.17407,0.57212,10.75513,1.08603,1,0.51649,0.53640,10.09820,1.08945,1,
0,Game,3399,55.83603,11949308026,0.46777,0.75031,55.58982,0.24622,145,1,0.42918,0.69744,1,0.58594,0.52637,0,,0.17055,0.56968,8.89982,1.07691,1,0.51371,0.53420,9.94225,1.07468,1,
0,Game,3417,56.13177,11950229955,0.46424,0.76204,55.85269,0.27908,146,1,0.40879,0.79142,1,0.58594,0.52637,0,,0.16720,0.57224,9.08479,1.03495,1,0.51000,0.53651,10.24943,1.03837,1,
0,Game,3441,56.52598,11951458771,0.41150,0.81993,56.14816,0.37782,147,1,0.46808,0.74850,1,0.58594,0.52637,0,,0.16911,0.57207,10.19645,1.12460,1,0.51132,0.53462,10.43812,1.11571,1,
0,Game,3471,57.01913,11952996102,0.41520,0.46776,56.64118,0.37797,148,1,0.33055,0.44897,1,0.58594,0.52637,0,,0.15989,0.56654,11.45416,1.02010,1,0.50359,0.52880,10.49310,1.01805,1,
0,Game,3500,57.49528,11954480335,0.36913,0.49688,57.03538,0.45990,149,1,0.37892,0.53820,1,0.58594,0.52637,0,,0.16270,0.56717,11.44505,1.02625,1,0.50596,0.52885,10.39485,1.02420,1,
0,Game,3514,57.72538,11955197629,0.37505,0.60408,57.51161,0.21377,150,1,0.39330,0.79623,1,0.58594,0.52637,0,,0.16901,0.57375,10.17074,1.02965,1,0.51059,0.53866,9.28286,1.03307,1,
0,Game,3552,58.34949,11957143123,0.42125,0.81162,57.79113,0.55836,151,1,0.34708,0.79826,1,0.58594,0.52637,0,,0.16658,0.57303,10.40012,1.05187,1,0.50951,0.53675,11.05051,1.04965,1,
0,Game,3569,58.62887,11958014026,0.39819,0.78935,58.36588,0.26299,152,1,0.50719,0.75360,1,0.58594,0.52637,0,,0.16694,0.57056,9.55208,1.02418,1,0.50918,0.53511,9.43603,1.03406,1,
0,Game,3583,58.85871,11958730506,0.47232,0.64048,58.64509,0.21362,153,1,0.47000,0.60545,1,0.58594,0.52637,0,,0.16737,0.56787,10.07630,1.07426,1,0.50997,0.53204,10.33094,1.06657,1,
0,Game,3604,59.20373,11959806021,0.45523,0.46950,58.92435,0.27937,154,1,0.47216,0.71443,1,0.58594,0.52637,0,,0.16993,0.57167,9.51586,1.01871,1,0.51115,0.53472,9.79360,1.01666,1,
0,Game,3633,59.68021,11961291312,0.50077,0.72099,59.26949,0.41072,155,1,0.55771,0.76581,1,0.58594,0.52637,0,,0.16971,0.57095,10.61033,1.08767,1,0.51213,0.53429,10.36811,1.08545,1,
0,Game,3655,60.04160,11962417854,0.54155,0.75823,59.69645,0.34515,156,1,0.53700,0.68370,1,0.58594,0.52637,0,,0.16556,0.57080,11.13411,1.06298,1,0.50842,0.53245,10.12539,1.06093,1,
0,Game,3673,60.33721,11963339371,0.52562,0.69329,60.05782,0.27939,157,1,0.48151,0.41762,1,0.58594,0.52637,0,,0.16538,0.56674,11.61197,1.08767,1,0.50787,0.53016,10.24392,1.08545,1,
0,Game,3719,61.09297,11965695240,0.55477,0.34336,60.40298,0.68998,158,1,0.51755,0.43412,1,0.58594,0.52637,0,,0.16158,0.56473,12.23248,1.02384,1,0.50413,0.52738,10.37003,1.02178,1,
0,Game,3759,61.75006,11967743546,0.52063,0.66700,61.15856,0.59150,159,1,0.55985,0.73328,1,0.58594,0.52637,0,,0.15676,0.56945,11.23677,1.04887,1,0.50037,0.53083,10.35487,1.04682,1,
0,Game,3788,62.22612,11969227575,0.49320,0.68710,61.76629,0.45983,160,1,0.44315,0.79404,1,0.58594,0.52637,0,,0.15960,0.56994,11.05662,1.04383,1,0.50277,0.53105,10.99788,1.04161,1,
0,Game,3811,62.60399,11970405487,0.44619,0.66958,62.24277,0.36121,161,1,0.45219,0.60851,1,0.58594,0.52637,0,,0.15779,0.56734,10.61336,1.01272,1,0.50115,0.52832,11.16659,1.01614,1,
0,Game,3838,63.04763,11971788427,0.44132,0.38401,62.66976,0.37787,162,1,0.43136,0.60988,1,0.58594,0.52637,0,,0.15963,0.56604,10.09455,1.02061,0,0.50136,0.52734,9.34935,1.01856,1,
0,Game,3864,63.47475,11973119873,0.43732,0.59642,63.11324,0.36150,163,1,0.38330,0.60853,1,0.58594,0.52637,0,,0.15930,0.56739,10.56415,1.07973,1,0.50295,0.52901,10.72482,1.07204,1,
0,Game,3882,63.77036,11974041377,0.41493,0.58577,63.49112,0.27924,164,1,0.42793,0.31322,1,0.58594,0.52637,0,,0.15953,0.55877,11.69181,1.02948,1,0.50142,0.52065,9.40392,1.02743,1,
0,Game,3902,64.09884,11975065322,0.42604,0.28634,63.83620,0.26263,165,1,0.41976,0.13243,1,0.58594,0.52637,0,,0.15733,0.55826,9.39740,1.04127,1,0.49975,0.51857,10.12724,1.04469,1,
0,Game,3906,64.16447,11975269905,0.43565,0.26849,64.11559,0.04888,166,1,0.43808,0.39271,1,0.58594,0.52637,0,,0.15658,0.55710,9.62356,1.05204,1,0.50020,0.51848,8.32840,1.04435,1,
0,Game,3955,64.96959,11977779663,0.43952,0.60441,64.47673,0.49286,167,1,0.44891,0.63743,1,0.58594,0.52637,0,,0.15308,0.56960,9.74300,1.05785,1,0.49693,0.53008,9.84227,1.05016,1,
0,Game,3969,65.19955,11978496559,0.47777,0.46441,64.98609,0.21348,168,1,0.48626,0.36606,1,0.58594,0.52637,0,,0.15656,0.56213,10.71021,1.07817,1,0.49915,0.52302,10.56723,1.07048,1,
0,Game,3998,65.67606,11979981904,0.48069,0.39615,65.21582,0.46024,169,1,0.45365,0.54956,1,0.58594,0.52637,0,,0.15875,0.56643,11.19577,1.07156,1,0.50079,0.52891,10.24606,1.07434,1,
0,Game,4024,66.10320,11981313444,0.48809,0.58051,65.74170,0.36150,170,1,0.57411,0.71508,1,0.58594,0.52637,0,,0.16308,0.57041,11.88124,1.08520,1,0.50499,0.53311,11.25485,1.08298,1,
0,Game,4048,66.49745,11982542390,0.53818,0.67196,66.11983,0.37762,171,1,0.51794,0.54405,1,0.58594,0.52637,0,,0.16096,0.56561,12.64461,1.06298,1,0.50375,0.52785,11.35799,1.06640,1,
0,Game,4062,66.72746,11983259390,0.53868,0.51574,66.51393,0.21352,172,1,0.52038,0.31433,1,0.58594,0.52637,0,,0.15779,0.55922,10.54188,1.00420,1,0.50041,0.52196,10.54321,0.99651,1,
0,Game,4080,67.02303,11984180774,0.48115,0.39025,66.79288,0.23015,173,1,0.45100,0.51891,1,0.58594,0.52637,0,,0.15602,0.56338,11.43960,1.02235,1,0.49925,0.52659,10.37663,1.03060,1,
0,Game,4099,67.33503,11985153344,0.47927,0.48690,67.03939,0.29564,174,1,0.50480,0.51897,1,0.58594,0.52637,0,,0.16355,0.56383,13.13225,1.02965,1,0.50679,0.52818,11.33810,1.03307,1,
0,Game,4116,67.61456,11986024694,0.47178,0.44276,67.35166,0.26289,175,1,0.43835,0.34098,1,0.58594,0.52637,0,,0.16105,0.55934,13.60016,1.05238,1,0.50388,0.52356,10.83637,1.05016,1,
0,Game,4138,67.97577,11987150692,0.45683,0.33507,67.68005,0.29572,176,1,0.52535,0.54185,1,0.58594,0.52637,0,,0.15532,0.56490,12.50720,1.02914,1,0.49810,0.52655,11.93457,1.03255,1,
0,Game,4183,68.71501,11989455113,0.44669,0.49997,68.04153,0.67348,177,1,0.32295,0.39683,1,0.58594,0.52637,0,,0.15113,0.56279,12.04133,1.05700,1,0.49416,0.52510,11.93414,1.06042,1,
0,Game,4221,69.33908,11991400496,0.35305,0.45085,68.73125,0.60783,178,1,0.32467,0.71397,1,0.58594,0.52637,0,,0.14454,0.57221,12.40041,1.06879,1,0.48617,0.53038,12.09861,1.06657,1,
0,Game,4240,69.65136,11992373933,0.31204,0.65256,69.40496,0.24640,179,1,0.23867,0.36488,1,0.58594,0.52637,0,,0.14748,0.56493,11.81550,1.04606,1,0.48985,0.52409,11.45422,1.04401,1,
0,Game,4258,69.94697,11993295423,0.30797,0.44880,69.71711,0.22986,180,1,0.33055,0.79001,1,0.58594,0.52637,0,,0.15458,0.57480,11.06958,1.03736,1,0.49574,0.53491,10.09424,1.03514,1,
0,Game,4279,70.29198,11994370960,0.33812,0.75534,70.01286,0.27913,181,1,0.36069,0.68469,1,0.58594,0.52637,0,,0.15890,0.57066,11.47161,1.03512,1,0.50188,0.53167,10.53630,1.03307,1,
0,Game,4309,70.78482,11995907226,0.39222,0.64500,70.30849,0.47632,182,1,0.53786,0.66232,1,0.58594,0.52637,0,,0.16455,0.56915,9.75429,1.08412,1,0.50681,0.53474,10.48396,1.06976,1,
0,Game,4340,71.29408,11997494711,0.57190,0.77701,70.85071,0.44337,183,1,0.52551,0.61150,1,0.58594,0.52637,0,,0.16461,0.56515,11.03094,1.02999,1,0.50657,0.53115,10.99311,1.02230,1,
0,Game,4362,71.65570,11998621986,0.45383,0.61984,71.35988,0.29582,184,1,0.42657,0.67850,1,0.58594,0.52637,0,,0.15633,0.57101,11.49772,1.10460,1,0.49856,0.53306,11.13017,1.10238,1,
0,Game,4385,72.03316,11999798639,0.45078,0.68977,71.67181,0.36136,185,1,0.43847,0.68164,1,0.58594,0.52637,0,,0.15300,0.57323,10.82398,1.03736,1,0.49563,0.53267,10.74725,1.02967,1,
0,Game,4401,72.29632,12000618955,0.40026,0.77279,72.04978,0.24654,186,1,0.29127,0.87181,1,0.58594,0.52637,0,,0.15036,0.57801,11.46481,1.05204,1,0.49340,0.53900,10.55259,1.04435,1,
0,Game,4432,72.80527,12002205471,0.34992,0.91001,72.36180,0.44347,187,1,0.36080,0.84162,1,0.58594,0.52637,0,,0.15505,0.57720,10.79046,1.06298,1,0.49573,0.53743,10.22332,1.06640,1,
0,Game,4458,73.23241,12003536969,0.37976,0.68075,72.87103,0.36138,188,1,0.28671,0.44219,1,0.58594,0.52637,0,,0.15522,0.56683,11.85886,1.08520,1,0.49719,0.52924,10.80970,1.08298,1,
0,Game,4478,73.56116,12004561774,0.30979,0.53366,73.29829,0.26287,189,1,0.33704,0.73469,1,0.58594,0.52637,0,,0.15672,0.57345,10.29756,1.04691,1,0.49840,0.53540,10.50199,1.03922,1,
0,Game,4497,73.87288,12005533497,0.34376,0.67232,73.62663,0.24625,190,1,0.34171,0.53963,1,0.58594,0.52637,0,,0.15585,0.56829,11.60471,1.09055,1,0.49850,0.52931,10.90341,1.10043,1,
0,Game,4514,74.15240,12006404822,0.35155,0.64907,73.93891,0.21349,191,1,0.35803,0.85207,1,0.58594,0.52637,0,,0.15755,0.57683,12.87081,0.99292,1,0.49819,0.53726,11.45993,0.99634,1,
0,Game,4528,74.38242,12007121843,0.36301,0.82720,74.16888,0.21354,192,1,0.36012,0.85381,1,0.58594,0.52637,0,,0.15854,0.57613,12.05097,1.03512,1,0.50005,0.53760,11.26335,1.03307,1,
0,Game,4546,74.67811,12008043588,0.37210,0.80526,74.39877,0.27934,193,1,0.38291,0.76466,1,0.58594,0.52637,0,,0.15609,0.57338,12.09322,1.04606,1,0.49887,0.53431,11.22981,1.04401,1,
0,Game,4565,74.99026,12009016668,0.39436,0.68599,74.74389,0.24638,194,1,0.37983,0.71287,1,0.58594,0.52637,0,,0.15453,0.57347,11.01291,1.07956,1,0.49676,0.53388,10.39698,1.07187,1,
0,Game,4586,75.33514,12010091724,0.37545,0.68085,75.00690,0.32823,195,1,0.37829,0.42048,1,0.58594,0.52637,0,,0.15099,0.56479,11.81195,1.05768,1,0.49326,0.52777,10.89804,1.06110,1,
0,Game,4619,75.87723,12011781550,0.37534,0.40435,75.40084,0.47639,196,1,0.35752,0.40484,1,0.58594,0.52637,0,,0.14635,0.56892,8.91731,1.08819,1,0.48840,0.52914,9.17406,1.08596,1,
0,Game,4641,76.23871,12012908395,0.36909,0.73424,75.94314,0.29557,197,1,0.40653,0.66548,1,0.58594,0.52637,0,,0.15060,0.57217,8.91648,1.01592,1,0.49275,0.53216,10.56748,1.00823,1,
0,Game,4672,76.74809,12014496256,0.37596,0.68411,76.25522,0.49287,198,1,0.37444,0.74239,1,0.58594,0.52637,0,,0.15551,0.57161,10.16800,0.98728,1,0.49855,0.53374,10.56215,0.98523,1,
0,Game,4689,77.02722,12015366378,0.37426,0.48287,76.81384,0.21339,199,1,0.38266,0.34008,1,0.58594,0.52637,0,,0.15307,0.56369,11.30098,1.02948,1,0.49567,0.52357,10.55354,1.02743,1,
0,Game,4726,77.63494,12017260783,0.39958,0.35365,77.04357,0.59136,200,1,0.40409,0.51725,1,0.58594,0.52637,0,,0.15016,0.56731,12.50930,1.03040,1,0.49208,0.52731,11.11451,1.03866,1,
0,Game,4746,77.96342,12018284766,0.40488,0.56855,77.70069,0.26273,201,1,0.43372,0.62935,1,0.58594,0.52637,0,,0.15191,0.57048,11.55820,1.06879,1,0.49417,0.53055,10.59584,1.06657,1,
0,Game,4768,78.32504,12019412028,0.43904,0.64615,77.97991,0.34514,202,1,0.51671,0.76153,1,0.58594,0.52637,0,,0.15764,0.57183,11.98414,1.05187,1,0.50002,0.53334,11.31570,1.04965,1,
0,Game,4786,78.62231,12020338707,0.58640,0.77079,78.39067,0.23164,203,1,0.62982,0.77103,1,0.58594,0.52637,0,,0.16042,0.57446,11.62782,1.07426,1,0.50251,0.53616,10.62639,1.06657,1,
0,Game,4807,78.96538,12021408124,0.62014,0.80538,78.63705,0.32832,204,1,0.61658,0.88126,1,0.58594,0.52637,0,,0.15639,0.57539,11.55011,1.11366,1,0.49901,0.53716,10.35475,1.11143,1,
0,Game,4836,79.44188,12022893499,0.66883,0.39202,79.17928,0.26260,205,1,0.64103,0.71028,1,0.58594,0.52637,0,,0.15539,0.57007,11.38999,1.04059,1,0.49647,0.53087,10.32855,1.03837,1,
0,Game,4855,79.75414,12023866895,0.62018,0.75453,79.50904,0.24510,206,1,0.61037,0.86708,1,0.58594,0.52637,0,,0.15765,0.57499,10.32822,1.04283,1,0.49882,0.53713,10.70140,1.03514,1,
0,Game,4888,80.29642,12025557341,0.59007,0.81836,79.77051,0.52592,207,1,0.54666,0.75873,1,0.58594,0.52637,0,,0.15716,0.57351,9.90976,1.04691,1,0.49960,0.53588,11.15462,1.03922,1,
0,Game,4917,80.77260,12027041683,0.57830,0.76460,80.31277,0.45982,208,1,0.56964,0.67330,1,0.58594,0.52637,0,,0.15409,0.57164,9.41118,1.09167,1,0.49615,0.53248,10.59621,1.10155,1,
0,Game,4941,81.16672,12028270245,0.63872,0.36439,80.88749,0.27923,209,1,0.59201,0.52708,1,0.58594,0.52637,0,,0.15303,0.56673,11.18775,1.00405,1,0.49439,0.52739,9.52480,1.01393,1,
0,Game,4959,81.46234,12029191794,0.57552,0.76668,81.23250,0.22984,210,1,0.56892,0.86593,0,0.58594,0.52637,0,,0.14989,0.57456,10.22484,1.13793,0,0.49125,0.53327,10.26946,1.13571,0,
0,Game,4999,82.11960,12031240619,0.32132,0.77611,81.72534,0.39426,211,1,0.31146,0.64380,1,0.58594,0.52637,0,,0.14108,0.57569,10.82193,1.08520,1,0.48294,0.53389,11.59099,1.08298,1,
0,Game,5019,82.44820,12032264939,0.33598,0.73954,82.13607,0.31213,212,1,0.37050,0.44938,1,0.58594,0.52637,0,,0.14013,0.57019,10.41694,1.08520,1,0.48179,0.52803,9.81529,1.08298,1,
0,Game,5044,82.85897,12033545427,0.44974,0.36974,82.51385,0.34512,213,1,0.38373,0.50401,1,0.58594,0.52637,0,,0.13002,0.57199,9.93070,1.08932,1,0.47091,0.52638,10.12090,1.09274,1,
0,Game,5068,83.25306,12034773904,0.33295,0.54989,82.92457,0.32849,214,1,0.28908,0.52060,1,0.58594,0.52637,0,,0.12084,0.57058,10.85559,1.02366,1,0.46307,0.52425,10.88798,1.02708,1,
0,Game,5083,83.49956,12035542315,0.35962,0.55714,83.26942,0.23013,215,1,0.54510,0.75393,1,0.58594,0.52637,0,,0.12836,0.57793,10.43433,1.03512,1,0.46939,0.53131,11.11927,1.03307,1,
0,Game,5125,84.18941,12037692764,0.53836,0.74753,83.56518,0.62424,216,1,0.42644,0.57436,1,0.58594,0.52637,0,,0.14257,0.57309,11.17425,1.08767,1,0.48466,0.53032,10.52549,1.08545,1,
0,Game,5149,84.58383,12038922245,0.42842,0.62457,84.25503,0.32880,217,1,0.43951,0.56070,1,0.58594,0.52637,0,,0.14073,0.56917,10.78792,1.04606,1,0.48271,0.52694,10.23064,1.04401,1,
0,Game,5166,84.86288,12039792176,0.44727,0.53238,84.60017,0.26273,218,1,0.47273,0.40624,1,0.58594,0.52637,0,,0.13825,0.56427,11.37706,1.06281,1,0.47999,0.52260,9.23200,1.06076,1,
0,Game,5197,85.37231,12041380186,0.45070,0.46345,84.87926,0.49306,219,1,0.40140,0.53961,1,0.58594,0.52637,0,,0.13058,0.56944,11.13513,1.03155,1,0.47139,0.52324,10.15474,1.01917,1,
0,Game,5220,85.74987,12042557104,0.42352,0.61906,85.43791,0.31197,220,1,0.43917,0.64721,1,0.58594,0.52637,0,,0.12620,0.57491,12.16042,1.09913,1,0.46689,0.52691,10.71635,1.09143,1,
0,Game,5237,86.02925,12043427996,0.47041,0.64814,85.76624,0.26302,221,1,0.54072,0.72332,1,0.58594,0.52637,0,,0.13328,0.57715,11.03343,1.07773,1,0.47416,0.53236,10.42813,1.07004,1,
0,Game,5280,86.73564,12045629986,0.57732,0.78563,86.09500,0.64064,222,1,0.51781,0.41967,1,0.58594,0.52637,0,,0.13935,0.56792,12.53414,1.01497,1,0.48052,0.52549,10.33342,1.01775,1,
0,Game,5302,87.09698,12046756372,0.58687,0.30468,86.80136,0.29562,223,1,0.60834,0.29633,1,0.58594,0.52637,0,,0.14339,0.56505,11.43752,1.06429,1,0.48431,0.52286,10.17265,1.06206,1,
0,Game,5318,87.35971,12047575380,0.62282,0.41065,87.11349,0.24622,224,1,0.60665,0.52523,1,0.58594,0.52637,0,,0.14356,0.57079,11.32037,1.07126,1,0.48422,0.52862,10.80486,1.06904,1,
0,Game,5344,87.78694,12048907175,0.57595,0.53852,87.42545,0.36149,225,1,0.55263,0.52947,1,0.58594,0.52637,0,,0.14266,0.56922,11.77074,1.10760,1,0.48351,0.52775,10.78254,1.09871,1,
0,Game,5369,88.19759,12050187264,0.57234,0.54557,87.80360,0.39399,226,1,0.57496,0.60824,1,0.58594,0.52637,0,,0.14370,0.56957,11.39415,1.04024,1,0.48436,0.52912,10.35188,1.03255,1,
0,Game,5401,88.72343,12051826454,0.57051,0.76297,88.26332,0.46011,227,1,0.58423,0.82912,1,0.58594,0.52637,0,,0.14004,0.57221,10.90821,1.04691,1,0.48201,0.53018,10.70229,1.03922,1,
0,Game,5427,89.15044,12053157546,0.59866,0.75634,88.73969,0.41075,228,1,0.59229,0.81541,1,0.58594,0.52637,0,,0.14201,0.54226,10.63006,1.08767,1,0.48296,0.50393,10.37005,1.08545,1,
0,Game,5440,89.36390,12053822965,0.58940,0.51069,89.16693,0.19697,229,1,0.57392,0.26917,1,0.58594,0.52637,0,,0.14520,0.52712,10.71855,1.06298,1,0.48663,0.49195,11.13390,1.06640,1,
0,Game,5455,89.61040,12054591411,0.58471,0.30068,89.38042,0.23000,230,1,0.57576,0.21410,1,0.58594,0.52637,0,,0.14571,0.52335,10.00965,1.06879,1,0.48827,0.48842,10.76846,1.06657,1,
0,Game,5473,89.90602,12055512883,0.55976,0.19275,89.62691,0.27911,231,1,0.66545,0.47001,1,0.58594,0.52637,0,,0.15008,0.56238,10.91272,1.01819,1,0.49269,0.53021,10.21085,1.01614,1,
0,Game,5493,90.23481,12056537814,0.65379,0.36076,89.97177,0.26305,232,1,0.60761,0.64278,1,0.58594,0.52637,0,,0.15059,0.57685,11.12825,1.05782,1,0.48980,0.54651,10.14060,1.06770,1,
0,Game,5533,90.89164,12058585309,0.59756,0.75700,90.30044,0.59120,233,1,0.58350,0.73796,1,0.58594,0.52637,0,,0.13843,0.58009,12.21821,1.07785,1,0.47976,0.54456,11.41006,1.07563,1,
0,Game,5568,91.46650,12060377284,0.59292,0.73327,90.90841,0.55809,234,1,0.56637,0.66075,1,0.58594,0.52637,0,,0.13795,0.58224,11.82965,1.12439,1,0.47853,0.54385,10.98359,1.12864,1,
0,Game,5585,91.74605,12061248724,0.53744,0.52215,91.53237,0.21368,235,1,0.68853,0.66677,1,0.58594,0.52637,0,,0.13939,0.58135,11.48455,1.08850,1,0.47988,0.54486,10.80416,1.09274,1,
0,Game,5602,92.02526,12062119068,0.49411,0.69251,91.81179,0.21346,236,1,0.50759,0.75889,1,0.58594,0.52637,0,,0.13169,0.57972,10.45010,1.07044,1,0.47411,0.54205,10.18780,1.08032,1,
0,Game,5629,92.46889,12063502012,0.50771,0.71488,92.04161,0.42728,237,1,0.49564,0.72372,1,0.58594,0.52637,0,,0.12815,0.58062,11.05039,1.05700,1,0.46948,0.53856,10.95952,1.06042,1,
0,Game,5647,92.76434,12064422985,0.40663,0.67303,92.48511,0.27923,238,1,0.42370,0.63499,1,0.58594,0.52637,0,,0.12872,0.58054,10.89424,1.06828,1,0.46985,0.53953,11.28463,1.06606,1,
0,Game,5668,93.10961,12065499296,0.44056,0.67728,92.78073,0.32888,239,1,0.48994,0.71320,1,0.58594,0.52637,0,,0.12959,0.58118,9.79050,1.10052,1,0.47092,0.53976,10.79392,1.09810,1,
0,Game,5682,93.33923,12066215058,0.48289,0.58595,93.12585,0.21336,240,1,0.47950,0.58652,1,0.58594,0.52637,0,,0.12884,0.57794,11.26321,1.08520,1,0.46993,0.53560,10.51663,1.08298,1,
0,Game,5699,93.61872,12067086309,0.52531,0.62329,93.35569,0.26303,241,1,0.56276,0.66056,1,0.58594,0.52637,0,,0.13036,0.57941,10.66043,1.06845,1,0.47188,0.53920,9.46377,1.07187,1,
0,Game,5717,93.91432,12068007794,0.52049,0.68728,93.63499,0.27933,242,1,0.48804,0.72972,1,0.58594,0.52637,0,,0.13187,0.58006,11.26533,1.04623,1,0.47365,0.53998,10.61422,1.04418,1,
0,Game,5734,94.19355,12068878212,0.55427,0.68365,93.93073,0.26283,243,1,0.55993,0.69748,1,0.58594,0.52637,0,,0.12920,0.58112,11.21033,1.06545,1,0.47062,0.54019,10.97132,1.06887,1,
0,Game,5750,94.45646,12069697756,0.57871,0.75652,94.21024,0.24622,244,1,0.55229,0.74268,1,0.58594,0.52637,0,,0.12539,0.58312,11.17175,1.11913,1,0.46594,0.54050,10.53916,1.11690,1,
0,Game,5764,94.68643,12070414634,0.47505,0.75706,94.47294,0.21349,245,1,0.35752,0.71081,1,0.58594,0.52637,0,,0.12204,0.58326,10.96362,1.07426,1,0.46313,0.54010,11.16773,1.06657,1,
0,Game,5783,94.99869,12071388016,0.40123,0.70655,94.70284,0.29585,246,1,0.41976,0.64841,1,0.58594,0.52637,0,,0.12673,0.57998,11.07507,1.07409,1,0.46868,0.53838,10.56076,1.06640,1,
0,Game,5803,95.32706,12072411629,0.41978,0.64579,95.01493,0.31213,247,1,0.37365,0.66092,1,0.58594,0.52637,0,,0.12456,0.58260,9.96568,1.04042,1,0.46663,0.53958,10.49045,1.03819,1,
0,Game,5817,95.55704,12073128591,0.36043,0.58389,95.34365,0.21340,248,1,0.34542,0.39732,1,0.58594,0.52637,0,,0.12326,0.57488,11.87879,1.06332,1,0.46373,0.53108,10.13911,1.05563,1,
0,Game,5840,95.93495,12074306603,0.34741,0.36843,95.62276,0.31218,249,1,0.38213,0.49103,1,0.58594,0.52637,0,,0.12626,0.57935,10.51565,1.04571,1,0.46623,0.53631,10.43961,1.04913,1,
0,Game,5860,96.26340,12075330450,0.39476,0.64373,96.00068,0.26272,250,1,0.36239,0.70282,1,0.58594,0.52637,0,,0.13086,0.58112,9.65911,1.02965,1,0.47285,0.53878,10.29866,1.02760,1,
0,Game,5885,96.67401,12076610413,0.37694,0.69413,96.27975,0.39424,251,1,0.35548,0.60842,1,0.58594,0.52637,0,,0.13013,0.58026,10.20718,1.04059,1,0.47140,0.53733,10.26141,1.04401,1,
0,Game,5908,97.05186,12077788299,0.38649,0.34452,96.73994,0.31192,252,1,0.31498,0.25621,1,0.58594,0.52637,0,,0.12161,0.57123,10.83769,1.05352,1,0.46288,0.52666,9.42490,1.05693,1,
0,Game,5937,97.52851,12079274127,0.34005,0.27235,97.06840,0.46011,253,1,0.50174,0.65447,1,0.58594,0.52637,0,,0.12775,0.58117,10.38943,1.04733,1,0.46436,0.52856,9.41043,1.04510,0,
0,Game,5956,97.84055,12080246827,0.50158,0.68299,97.59429,0.24625,254,1,0.58417,0.73776,1,0.58594,0.52637,0,,0.13530,0.58356,10.86473,1.13366,1,0.47586,0.54068,9.51685,1.12596,1,
0,Game,5975,98.15259,12081219546,0.57006,0.71517,97.90614,0.24645,255,1,0.53471,0.66813,1,0.58594,0.52637,0,,0.13712,0.57939,11.07752,1.09913,1,0.47888,0.54022,10.00273,1.09143,1,
0,Game,5996,98.49761,12082295051,0.57158,0.38592,98.21842,0.27919,256,1,0.57617,0.20549,1,0.58594,0.52637,0,,0.13796,0.56754,9.63098,1.06828,1,0.47954,0.52966,10.63402,1.06606,1,
0,Game,6017,98.84246,12083370046,0.59544,0.32922,98.56322,0.27924,257,1,0.58873,0.47779,1,0.58594,0.52637,0,,0.13314,0.57220,10.28647,1.04249,1,0.47485,0.53294,8.45051,1.04591,1,
0,Game,6038,99.18732,12084445098,0.56456,0.45661,98.90820,0.27914,258,1,0.59075,0.42306,1,0.58594,0.52637,0,,0.14578,0.57028,11.73677,1.02603,1,0.48801,0.53706,10.32410,1.02397,1,
0,Game,6053,99.43381,12085213419,0.57119,0.51295,99.20397,0.22984,259,1,0.55043,0.69538,1,0.58594,0.52637,0,,0.14747,0.57616,11.57423,1.10255,1,0.48963,0.54179,10.70179,1.10596,1,
0,Game,6072,99.74594,12086186411,0.57882,0.64629,99.49957,0.24636,260,1,0.54179,0.50572,1,0.58594,0.52637,0,,0.14193,0.57393,11.88156,1.09639,1,0.48378,0.53794,11.34203,1.08750,1,
0,Game,6095,100.12383,12087364419,0.59447,0.69291,99.76244,0.36140,261,1,0.61950,0.72550,1,0.58594,0.52637,0,,0.13515,0.57871,10.28860,1.06828,1,0.47741,0.54112,10.46694,1.06606,1,
0,Game,6111,100.38671,12088183876,0.56167,0.70485,100.14023,0.24648,262,1,0.47312,0.58458,1,0.58594,0.52637,0,,0.13229,0.57631,8.69597,1.08520,1,0.47456,0.53861,10.42906,1.08298,1,
0,Game,6136,100.79763,12089464806,0.48612,0.66418,100.40306,0.39458,263,1,0.44673,0.55033,1,0.58594,0.52637,0,,0.12720,0.57492,10.90340,1.04059,1,0.46907,0.53541,10.08206,1.04401,1,
0,Game,6149,101.01095,12090129773,0.45848,0.39383,100.81380,0.19714,264,1,0.46830,0.16852,1,0.58594,0.52637,0,,0.12811,0.56670,11.73003,1.04838,1,0.47005,0.52797,10.44771,1.05262,1,
0,Game,6168,101.32318,12091103078,0.45996,0.20101,101.07656,0.24662,265,1,0.45501,0.21503,1,0.58594,0.52637,0,,0.12785,0.56667,11.41208,1.01854,1,0.46963,0.52799,10.94404,1.02195,1,
0,Game,6196,101.78320,12092537081,0.45258,0.22749,101.33941,0.44379,266,1,0.45205,0.37183,1,0.58594,0.52637,0,,0.12446,0.56679,10.50868,1.02401,1,0.46630,0.52788,9.77947,1.01631,1,
0,Game,6210,102.01291,12093253147,0.45476,0.46670,101.79928,0.21363,267,1,0.46853,0.72757,1,0.58594,0.52637,0,,0.12423,0.57882,10.72851,1.05187,1,0.46510,0.53781,10.76597,1.05529,1,
0,Game,6240,102.50592,12094789987,0.49080,0.66522,102.08002,0.42590,268,1,0.51515,0.73194,1,0.58594,0.52637,0,,0.12694,0.57468,11.96358,1.07126,1,0.46921,0.53727,11.23351,1.07468,1,
0,Game,6258,102.80153,12095711482,0.52900,0.62547,102.52217,0.27937,269,1,0.52561,0.60276,1,0.58594,0.52637,0,,0.12978,0.57333,10.48270,1.08572,1,0.47305,0.53433,11.52652,1.07683,1,
0,Game,6287,103.27790,12097196445,0.54226,0.59110,102.81790,0.46001,270,1,0.53311,0.57065,1,0.58594,0.52637,0,,0.13401,0.57092,12.05353,1.07126,1,0.47691,0.53327,11.38208,1.06357,1,
0,Game,6329,103.96786,12099347222,0.52201,0.61928,103.29425,0.67361,271,1,0.55200,0.73822,1,0.58594,0.52637,0,,0.12740,0.57789,11.69171,1.06264,1,0.46877,0.53732,11.44365,1.06606,1,
0,Game,6357,104.42759,12100780318,0.58460,0.71583,103.98421,0.44337,272,1,0.59344,0.77326,1,0.58594,0.52637,0,,0.12322,0.57638,12.48617,1.09414,1,0.46609,0.53565,12.03098,1.09838,1,
0,Game,6373,104.69061,12101600222,0.57852,0.50682,104.54272,0.14789,273,1,0.62581,0.71414,0,0.58594,0.52637,0,,0.12537,0.56869,11.07498,1.07392,0,0.46824,0.53071,7.91500,1.07734,0,
0,Game,6403,105.18347,12103136571,0.61055,0.30565,104.95333,0.23014,274,1,0.60681,0.62371,1,0.58594,0.52637,0,,0.13351,0.57331,10.14715,1.05734,1,0.47381,0.53788,10.66997,1.05512,1,
0,Game,6436,105.72688,12104830525,0.61856,0.72259,105.29848,0.42838,275,1,0.61911,0.67060,1,0.58594,0.52637,0,,0.12948,0.57455,11.44726,1.06298,1,0.47164,0.53671,11.37681,1.06093,1,
0,Game,6464,106.18547,12106260092,0.60814,0.72524,105.74182,0.44365,276,1,0.62357,0.74999,1,0.58594,0.52637,0,,0.13174,0.57643,10.69644,1.04674,1,0.47369,0.53984,10.62635,1.05016,1,
0,Game,6481,106.46469,12107130472,0.58361,0.67949,106.20182,0.26286,277,1,0.56688,0.66264,1,0.58594,0.52637,0,,0.13128,0.57707,12.49971,1.07734,1,0.47316,0.53786,11.58420,1.06965,1,
0,Game,6499,106.76058,12108052817,0.57240,0.66787,106.48133,0.27925,278,1,0.54999,0.60644,1,0.58594,0.52637,0,,0.12889,0.57521,11.88890,1.08932,1,0.47143,0.53652,12.34992,1.09274,1,
0,Game,6512,106.97388,12108717787,0.53008,0.51336,106.77679,0.19711,279,1,0.48995,0.19497,1,0.58594,0.52637,0,,0.13092,0.56659,12.34321,1.08962,1,0.47253,0.52757,11.74194,1.09304,1,
0,Game,6532,107.30255,12109742313,0.53218,0.32216,107.03967,0.26288,280,1,0.50304,0.34435,1,0.58594,0.52637,0,,0.12902,0.56957,12.66400,1.08520,1,0.47152,0.53010,11.74387,1.08298,1,
0,Game,6549,107.58179,12110612750,0.53038,0.43068,107.31877,0.26302,281,1,0.63639,0.68175,1,0.58594,0.52637,0,,0.13076,0.57859,12.34278,1.10500,1,0.47135,0.53954,11.98549,1.10924,1,
0,Game,6582,108.12376,12112302221,0.56766,0.71543,107.64741,0.47635,282,1,0.56148,0.58686,1,0.58594,0.52637,0,,0.13274,0.57377,12.69503,1.01871,1,0.47424,0.53451,12.12984,1.01666,1,
0,Game,6610,108.58376,12113736147,0.54564,0.56602,108.19002,0.39374,283,1,0.52629,0.68120,1,0.58594,0.52637,0,,0.12923,0.57933,11.20654,1.02401,1,0.47111,0.53911,10.54735,1.01632,1,
0,Game,6635,108.99467,12115017055,0.54560,0.73394,108.64965,0.34502,284,1,0.47125,0.69897,1,0.58594,0.52637,0,,0.12359,0.57890,10.43842,1.06828,1,0.46585,0.53965,11.21463,1.07252,1,
0,Game,6656,109.33951,12116092014,0.45165,0.72194,109.01117,0.32834,285,1,0.42775,0.73516,1,0.58594,0.52637,0,,0.12014,0.57991,9.54530,1.05700,1,0.46209,0.53944,11.86048,1.06042,1,
0,Game,6676,109.66800,12117116006,0.58561,0.69090,109.40526,0.26274,286,1,0.61460,0.83582,1,0.58594,0.52637,0,,0.12418,0.58089,10.39176,1.08121,1,0.46556,0.54059,10.34398,1.07899,1,
0,Game,6691,109.91449,12117884369,0.52980,0.75525,109.68465,0.22984,287,1,0.34260,0.70782,1,0.58594,0.52637,0,,0.11969,0.57905,10.49137,1.04258,1,0.46156,0.53947,10.82114,1.04053,1,
0,Game,6708,110.19373,12118754819,0.32166,0.61901,109.98010,0.21362,288,1,0.30477,0.52320,1,0.58594,0.52637,0,,0.12007,0.57535,10.92072,1.06879,1,0.46156,0.53553,11.24265,1.06657,1,
0,Game,6723,110.44022,12119523222,0.42331,0.53719,110.21025,0.22997,289,1,0.48676,0.59442,1,0.58594,0.52637,0,,0.12491,0.57391,9.91664,0.95600,1,0.46640,0.53476,9.09216,0.96426,1,
0,Game,6746,110.81825,12120701652,0.42926,0.70998,110.50569,0.31256,290,1,0.38832,0.75049,1,0.58594,0.52637,0,,0.11997,0.57976,10.54996,1.04674,1,0.46150,0.53745,11.10845,1.04452,1,
0,Game,6760,111.04807,12121418020,0.39688,0.59511,110.83435,0.21371,291,1,0.45681,0.42182,1,0.58594,0.52637,0,,0.12003,0.57342,10.39231,1.08520,1,0.46027,0.53024,9.34024,1.08298,1,
0,Game,6774,111.27798,12122134726,0.43219,0.36290,111.06435,0.21364,292,1,0.41969,0.26319,1,0.58594,0.52637,0,,0.11701,0.56687,10.72241,1.06845,1,0.45863,0.52822,8.71133,1.06076,1,
0,Game,6793,111.59009,12123107651,0.41837,0.38692,111.29434,0.29575,293,1,0.36454,0.63117,1,0.58594,0.52637,0,,0.11351,0.57694,9.50443,1.06298,1,0.45456,0.53497,10.20676,1.06640,1,
0,Game,6812,111.90204,12124080087,0.37185,0.54466,111.65567,0.24637,294,1,0.40820,0.32192,1,0.58594,0.52637,0,,0.11508,0.57109,11.78954,1.05400,1,0.45536,0.52962,11.49469,1.05195,1,
0,Game,6830,112.19778,12125001985,0.41274,0.40926,111.96805,0.22974,295,1,0.36946,0.58752,1,0.58594,0.52637,0,,0.11474,0.57718,11.60128,1.08520,1,0.45666,0.53549,10.78855,1.08298,1,
0,Game,6853,112.57581,12126180382,0.35081,0.54960,112.26357,0.31224,296,1,0.35929,0.52962,1,0.58594,0.52637,0,,0.11593,0.57563,11.79116,1.02044,1,0.45834,0.53327,10.21452,1.01822,1,
0,Game,6880,113.01918,12127562485,0.38240,0.54754,112.59286,0.42632,297,1,0.34771,0.62911,1,0.58594,0.52637,0,,0.10907,0.57857,11.27438,1.07095,1,0.45160,0.53517,11.12792,1.06890,1,
0,Game,6904,113.41339,12128791335,0.36676,0.59523,113.03589,0.37750,298,1,0.40409,0.70979,1,0.58594,0.52637,0,,0.11014,0.58085,11.96227,1.07067,1,0.45216,0.53738,11.15513,1.06179,1,
0,Game,6932,113.87343,12130225405,0.38714,0.68829,113.43005,0.44337,299,1,0.33109,0.64937,1,0.58594,0.52637,0,,0.11151,0.57887,12.14567,1.04059,1,0.45386,0.53648,12.41281,1.04401,1,
0,Game,6951,114.18565,12131198706,0.47450,0.66602,113.88980,0.29585,300,1,0.49361,0.68271,1,0.58594,0.52637,0,,0.11984,0.57840,11.11709,1.06281,1,0.46196,0.53733,12.28120,1.05512,1,
0,Game,6973,114.54689,12132324737,0.50048,0.64725,114.20204,0.34485,301,1,0.53712,0.53040,1,0.58594,0.52637,0,,0.12012,0.57401,11.81251,1.06828,1,0.46160,0.53326,11.35068,1.06606,1,
0,Game,6997,114.94112,12133553675,0.55792,0.54635,114.56340,0.37772,302,1,0.54870,0.50512,1,0.58594,0.52637,0,,0.12434,0.57273,11.87234,1.11793,1,0.46572,0.53319,10.81249,1.10904,1,
0,Game,7024,115.38475,12134936595,0.56511,0.51969,114.95747,0.42728,303,1,0.58215,0.62399,1,0.58594,0.52637,0,,0.12148,0.57415,11.24198,1.05386,1,0.46262,0.53482,10.21852,1.04617,1,
0,Game,7039,115.63112,12135704593,0.57239,0.53850,115.40123,0.22989,304,1,0.56667,0.54393,1,0.58594,0.52637,0,,0.11966,0.57373,11.05605,1.10659,1,0.46082,0.53315,11.64649,1.09890,1,
0,Game,7064,116.04170,12136984459,0.59064,0.56247,115.69688,0.34482,305,1,0.62239,0.60388,1,0.58594,0.52637,0,,0.12487,0.57496,11.24623,1.06332,1,0.46707,0.53570,10.57819,1.05563,1,
0,Game,7079,116.28824,12137752977,0.55575,0.65837,116.05823,0.23001,306,1,0.44263,0.75107,1,0.58594,0.52637,0,,0.12475,0.56342,10.96053,1.05854,1,0.46620,0.52586,11.90216,1.04965,1,
0,Game,7095,116.55128,12138572952,0.52064,0.58691,116.30460,0.24669,307,1,0.50130,0.55073,1,0.58594,0.52637,0,,0.12232,0.57198,11.05301,1.08520,1,0.46417,0.53225,10.99479,1.08298,1,
0,Game,7111,116.81381,12139391353,0.50632,0.55536,116.56760,0.24622,308,1,0.45632,0.71004,1,0.58594,0.52637,0,,0.11955,0.57701,10.56285,1.08121,1,0.46138,0.53631,10.83730,1.07899,1,
0,Game,7126,117.06047,12140160230,0.55458,0.62401,116.83051,0.22997,309,1,0.60120,0.57320,1,0.58594,0.52637,0,,0.12631,0.57498,12.04380,1.05899,1,0.46760,0.53402,10.94791,1.06887,1,
0,Game,7152,117.48914,12141496468,0.60776,0.59076,117.17532,0.31381,310,1,0.62050,0.69451,1,0.58594,0.52637,0,,0.12097,0.57505,11.34748,1.03495,1,0.46315,0.53382,10.76662,1.03837,1,
0,Game,7168,117.75020,12142310306,0.61082,0.66130,117.50383,0.24637,311,1,0.61289,0.82185,1,0.58594,0.52637,0,,0.11813,0.58083,11.01953,1.04207,1,0.45977,0.53886,11.15055,1.04001,1,
0,Game,7198,118.24297,12143846347,0.63974,0.74817,117.76657,0.47639,312,1,0.46817,0.70263,1,0.58594,0.52637,0,,0.10995,0.57919,10.18039,1.05734,1,0.45225,0.53471,9.76737,1.05512,1,
0,Game,7221,118.62091,12145024521,0.43366,0.69341,118.30881,0.31210,313,1,0.40104,0.74003,1,0.58594,0.52637,0,,0.11023,0.57807,10.63210,1.00464,1,0.45282,0.53503,10.34860,0.99695,1,
0,Game,7240,118.93323,12145998111,0.34239,0.41769,118.73579,0.19743,314,1,-0.99867,1.40915,1,0.58594,0.52637,0,,0.11222,0.56452,8.99263,1.08520,1,0.45506,0.52508,9.54733,1.08298,1,
0,Game,7338,120.54301,12151016208,0.46463,0.73883,119.63937,0.90364,315,1,0.49010,0.73799,1,0.58594,0.52637,0,,0.11234,0.57520,9.20361,1.05834,1,0.45536,0.53178,9.99637,1.06822,1,
0,Game,7353,120.78937,12151784141,0.48405,0.62412,120.55923,0.23013,316,1,0.50985,0.40459,1,0.58594,0.52637,0,,0.11667,0.56597,11.96342,1.03041,1,0.45939,0.52482,10.44062,1.03382,1,
0,Game,7373,121.11789,12152808217,0.49164,0.41958,120.85498,0.26291,317,1,0.48623,0.43797,1,0.58594,0.52637,0,,0.12377,0.57049,11.84269,1.05187,1,0.46572,0.53023,10.78528,1.04965,1,
0,Game,7395,121.47920,12153934566,0.38545,0.68625,121.18346,0.29575,318,1,0.35000,0.60365,1,0.58594,0.52637,0,,0.11490,0.57639,11.50548,1.12460,1,0.45697,0.53391,12.00867,1.11571,1,
0,Game,7413,121.77486,12154856182,0.32844,0.67915,121.49561,0.27925,319,1,0.33366,0.44870,1,0.58594,0.52637,0,,0.11075,0.56543,9.71427,1.03563,1,0.45365,0.52586,11.97066,1.02794,1,
0,Game,7428,122.02136,12155624585,0.20782,0.49026,121.84087,0.18050,320,1,-1.11516,1.41565,1,0.58594,0.52637,0,,0.10985,0.56424,9.49129,1.05187,1,0.45315,0.52471,10.55721,1.05529,1,
0,Game,7441,122.23482,12156290001,-0.41834,-0.22917,122.18573,0.04909,321,1,-0.16574,-0.97055,1,0.58594,0.52637,0,,0.10785,0.56571,9.49500,1.08480,1,0.45175,0.52510,10.36096,1.08904,1,
0,Game,7449,122.36624,12156699657,0.04392,-1.10455,122.30074,0.06551,322,1,-0.03019,-0.96451,1,0.58594,0.52637,0,,0.10826,0.56531,9.86230,1.03512,1,0.45176,0.52506,10.40207,1.03307,1,
0,Game,7467,122.66197,12157621536,0.33479,0.54898,122.43196,0.23001,323,1,0.32888,0.50628,1,0.58594,0.52637,0,,0.10610,0.57845,12.12683,1.13793,1,0.44861,0.53234,12.04640,1.13571,1,
0,Game,7495,123.12212,12159055903,0.32968,0.59500,122.67833,0.44379,324,1,0.32021,0.68230,1,0.58594,0.52637,0,,0.06811,0.62161,14.57077,1.00950,1,0.41059,0.55564,13.03491,1.00181,1,
0,Game,7510,123.36859,12159824268,0.35236,0.57399,123.13838,0.23021,325,1,0.41045,0.41863,1,0.58594,0.52637,0,,0.03598,0.61892,15.00122,1.08520,1,0.37969,0.54406,12.35736,1.08298,1,
0,Game,7531,123.71315,12160898346,0.43124,0.45219,123.38470,0.32845,326,1,0.47699,0.40270,1,0.52344,0.33984,0,,0.06121,0.60738,13.88087,1.04093,1,0.40415,0.54638,12.64725,1.03324,1,
0,Game,7545,123.94344,12161616201,0.57926,0.40255,123.72969,0.21375,327,1,0.79235,0.79729,1,0.55391,0.08203,0,,0.09910,0.57495,11.59620,1.04059,1,0.44202,0.53720,13.78051,1.04401,1,
0,Game,7552,124.05847,12161974790,0.70609,1.19408,124.00891,0.04956,328,1,0.46347,0.07545,1,0.55625,0.07324,0,,0.10563,0.56912,10.57276,1.05700,1,0.44863,0.53563,12.29982,1.06042,1,
0,Game,7562,124.22256,12162486322,0.57854,0.58613,124.17357,0.04900,329,1,0.56745,0.60497,1,0.53203,0.07910,0,,0.10950,0.56629,9.38056,1.03284,1,0.45406,0.53571,11.88669,1.03062,1,
0,Game,7571,124.37029,12162946796,0.83009,1.74716,124.28879,0.08150,330,1,0.82882,1.76432,1,0.53203,0.07910,0,,0.10909,0.56686,9.98441,1.00822,1,0.45383,0.53556,12.11180,1.02294,1,