MEDIA_ID,MEDIA_NAME,CNT,TIME(2015/11/20 16:11:09.807),TIMETICK(f=3117255),FPOGX,FPOGY,FPOGS,FPOGD,FPOGID,FPOGV,BPOGX,BPOGY,BPOGV,CX,CY,CS,USER,LPCX,LPCY,LPD,LPS,LPV,RPCX,RPCY,RPD,RPS,RPV,
0,Game,0,0.00000,10778441797,-0.13808,1.75370,0.00000,0.00000,1,0,0.00101,1.50267,0,0.52188,0.07813,0,,0.13492,0.91855,8.91200,1.04289,0,0.48912,0.87180,10.79213,1.04751,0,
0,Game,42,0.69019,10780592651,0.52223,0.10042,0.19727,0.49292,2,1,0.49790,0.42067,1,0.51797,0.38281,0,,0.16389,0.87947,18.38560,1.08103,1,0.51653,0.85199,16.02985,1.08564,1,
0,Game,60,0.98560,10781514203,0.48143,0.47655,0.75586,0.22974,3,1,0.48887,0.39525,1,0.48906,0.56543,0,,0.16160,0.88054,17.09007,1.09838,1,0.51652,0.85391,16.51948,1.09162,1,
0,Game,77,1.26489,10782384208,0.50870,0.48430,1.00220,0.26270,4,1,0.58496,0.64641,1,0.56172,0.63672,0,,0.17427,0.88511,18.48401,1.05872,1,0.52989,0.86109,16.26055,1.05197,1,
0,Game,135,2.21777,10785354558,0.58147,0.58857,1.33057,0.88721,5,1,0.52728,0.52333,1,0.68750,0.73535,0,,0.16534,0.89286,17.49606,1.05846,1,0.52237,0.86119,16.46967,1.05744,1,
0,Game,158,2.59546,10786532012,0.52370,0.52081,2.23413,0.36133,6,1,0.47188,0.77684,1,0.63906,0.99902,0,,0.15875,0.89964,18.83247,1.05274,1,0.51405,0.86589,17.11785,1.05171,1,
0,Game,178,2.92407,10787556921,0.06183,2.03061,2.71094,0.21313,7,1,-0.03030,2.07236,1,0.63906,0.99902,0,,0.15657,0.92883,17.89982,1.01536,1,0.50699,0.89841,17.52297,1.00861,1,
0,Game,182,2.98975,10787761306,0.06846,2.09134,2.94043,0.04932,8,1,0.29667,2.11148,1,0.63906,0.99902,0,,0.16273,0.92475,16.53457,1.00963,1,0.51471,0.89513,16.82475,1.01352,1,
0,Game,199,3.26929,10788632334,0.85963,2.02389,3.05542,0.21387,9,1,0.76133,1.70431,1,0.63906,0.99902,0,,0.16757,0.90253,18.31513,1.03685,1,0.52207,0.87066,16.80705,1.04147,1,
0,Game,221,3.63062,10789758708,0.43812,0.28407,3.33472,0.29590,10,1,0.47357,0.21252,1,0.63906,0.99902,0,,0.16191,0.86135,17.91787,1.04128,1,0.51706,0.83151,17.39738,1.04026,1,
0,Game,232,3.81128,10790322272,0.44386,0.27484,3.64697,0.16431,11,1,0.46225,0.40858,0,0.63906,0.99902,0,,0.15698,0.86539,13.73988,1.00011,0,0.51295,0.83102,12.51576,1.00399,0,
0,Game,263,4.32056,10791909611,0.33334,0.24351,4.02490,0.29565,12,1,0.27756,0.20447,1,0.63906,0.99902,0,,0.13796,0.88084,18.97834,1.08839,1,0.49371,0.83774,17.44343,1.08728,1,
0,Game,289,4.74756,10793240659,0.29747,0.25481,4.33691,0.41064,13,1,0.35739,0.37497,1,0.63906,0.99902,0,,0.13690,0.89822,19.13183,1.04968,1,0.49250,0.85683,17.19668,1.05430,1,
0,Game,306,5.02686,10794111319,0.36565,0.45645,4.81323,0.21362,14,1,0.38735,0.80153,1,0.63906,0.99902,0,,0.14256,0.91433,19.48775,1.08692,1,0.49833,0.87815,17.61122,1.08590,1,
0,Game,344,5.65088,10796056918,0.37626,0.84903,5.09253,0.55835,15,1,0.39515,0.59547,1,0.63906,0.99902,0,,0.14224,0.91278,19.66855,1.08709,1,0.49821,0.87753,16.82241,1.08034,1,
0,Game,370,6.07813,10797388550,0.43348,0.40356,5.71655,0.36157,16,1,0.40776,0.45399,1,0.63906,0.99902,0,,0.13748,0.90937,17.42780,1.05519,1,0.49375,0.87233,16.08148,1.05408,1,
0,Game,392,6.43970,10798515781,0.42317,0.83545,6.14380,0.29590,17,1,0.58047,0.88601,1,0.63906,0.99902,0,,0.14049,0.92159,18.88400,1.03581,1,0.49764,0.88255,15.73947,1.03479,1,
0,Game,424,6.96509,10800153374,0.58529,0.82096,6.50537,0.45972,18,1,0.58600,0.76014,1,0.63906,0.99902,0,,0.13166,0.92082,19.53696,1.09013,1,0.48831,0.87691,15.63272,1.08902,1,
0,Game,456,7.49097,10801792664,0.59244,0.36067,7.03076,0.46021,19,1,0.58139,0.41701,1,0.63906,0.99902,0,,0.13112,0.91268,16.80902,1.06427,1,0.48670,0.86614,15.18454,1.06316,1,
0,Game,497,8.16455,10803892580,0.58876,0.76647,7.60571,0.55884,20,1,0.55906,0.32850,1,0.63906,0.99902,0,,0.13702,0.90569,17.79123,1.05846,1,0.49247,0.86532,16.54630,1.05744,1,
0,Game,520,8.54199,10805069281,0.57118,0.13547,8.22998,0.31201,21,1,0.63968,0.21038,1,0.63906,0.99902,0,,0.13883,0.90735,17.20466,1.06991,1,0.49355,0.86720,16.06808,1.06880,1,
0,Game,550,9.03516,10806606021,0.59912,0.18744,8.55859,0.47656,22,1,0.62340,0.18515,1,0.63906,0.99902,0,,0.13991,0.90872,17.33449,1.06131,1,0.49573,0.87059,16.21973,1.05455,1,
0,Game,596,9.79053,10808960943,0.55961,0.81124,9.10059,0.68994,23,1,0.51733,0.80994,1,0.63906,0.99902,0,,0.14320,0.92555,17.90341,1.10966,1,0.50038,0.89055,15.17961,1.10855,1,
0,Game,629,10.33276,10810651691,0.50570,0.76528,9.80737,0.52539,24,1,0.46603,0.77923,1,0.63906,0.99902,0,,0.13829,0.92936,18.60835,1.11632,1,0.49435,0.89129,15.59166,1.12188,1,
0,Game,651,10.69434,10811778124,0.45815,0.79121,10.34937,0.34497,25,1,0.43796,0.76121,1,0.63906,0.99902,0,,0.13590,0.92802,18.66532,1.06402,1,0.49280,0.88841,15.94493,1.06291,1,
0,Game,670,11.00635,10812751133,0.46377,0.76876,10.71069,0.29565,26,1,0.48409,0.77820,1,0.63906,0.99902,0,,0.13981,0.92632,18.27438,1.05299,1,0.49696,0.88851,15.98781,1.04624,1,
0,Game,684,11.23608,10813467568,0.38599,0.80546,11.02271,0.21338,27,1,0.25401,0.83133,1,0.63906,0.99902,0,,0.13342,0.92698,19.07671,1.07000,1,0.48975,0.88881,16.42164,1.07461,1,
0,Game,703,11.54810,10814440238,0.31678,0.81752,11.25293,0.29517,28,1,0.48567,0.62225,1,0.63906,0.99902,0,,0.13342,0.92191,18.61535,1.05273,1,0.48956,0.87973,15.30058,1.04598,1,
0,Game,729,11.97559,10815772787,0.54318,0.43379,11.61401,0.36157,29,1,0.51736,0.72008,1,0.63906,0.99902,0,,0.13417,0.92611,18.64468,1.11935,1,0.48978,0.88305,15.32279,1.11147,1,
0,Game,755,12.40259,10817103449,0.52139,0.70887,12.04150,0.36108,30,1,0.55299,0.74211,1,0.63906,0.99902,0,,0.13432,0.92663,18.11945,1.06847,1,0.49010,0.88198,15.85649,1.06744,1,
0,Game,771,12.66528,10817922493,0.56200,0.66798,12.41943,0.24585,31,1,0.54088,0.49269,1,0.63906,0.99902,0,,0.13398,0.91849,17.95506,1.07555,1,0.48813,0.87361,15.37143,1.07444,1,
0,Game,797,13.09253,10819253950,0.55731,0.23774,12.73120,0.36133,32,1,0.58445,0.29385,1,0.63906,0.99902,0,,0.13752,0.91102,17.99007,1.05273,1,0.49209,0.86868,16.64948,1.05171,1,
0,Game,817,13.42188,10820280758,0.56587,0.28059,13.10889,0.31299,33,1,0.58099,0.46867,1,0.63906,0.99902,0,,0.14064,0.91640,18.40586,1.05935,1,0.49494,0.87521,15.90720,1.06397,1,
0,Game,838,13.76636,10821354616,0.56623,0.66263,13.48682,0.27954,34,1,0.52478,0.72413,1,0.63906,0.99902,0,,0.13827,0.92679,19.05490,1.06983,1,0.49426,0.88451,16.22549,1.07444,1,
0,Game,862,14.15991,10822581895,0.48756,0.71426,13.78247,0.37744,35,1,0.47374,0.70544,1,0.63906,0.99902,0,,0.13401,0.92884,18.63226,1.09273,1,0.49092,0.88629,15.26080,1.08598,1,
0,Game,883,14.50537,10823658584,0.43696,0.73874,14.17700,0.32837,36,1,0.28838,0.86434,1,0.63906,0.99902,0,,0.13178,0.93286,19.18353,1.07259,1,0.48766,0.89087,16.82313,1.06584,1,
0,Game,912,14.98169,10825143072,0.28057,0.82348,14.57080,0.41089,37,1,0.51028,0.76950,1,0.63906,0.99902,0,,0.13082,0.92960,19.39462,1.06427,1,0.48668,0.88498,15.59864,1.05752,1,
0,Game,931,15.29395,10826116710,0.51175,0.69835,15.04761,0.24634,38,1,0.56849,0.70035,1,0.63906,0.99902,0,,0.13054,0.92885,19.02929,1.05299,1,0.48697,0.88328,14.66308,1.05188,1,
0,Game,948,15.57324,10826986966,0.54949,0.62706,15.31006,0.26318,39,1,0.52968,0.31565,1,0.63906,0.99902,0,,0.12859,0.91908,16.81905,1.08145,1,0.48368,0.87373,15.02612,1.07470,1,
0,Game,971,15.95093,10828164436,0.50346,0.33645,15.63867,0.31226,40,1,0.47128,0.29729,1,0.63906,0.99902,0,,0.13115,0.91769,17.08820,1.08709,1,0.48655,0.87244,15.12436,1.08034,1,
0,Game,1021,16.77222,10830724904,0.54454,0.65394,16.06567,0.70654,41,1,0.47837,0.72957,1,0.63906,0.99902,0,,0.12362,0.92824,18.47684,1.08137,1,0.47987,0.87838,14.90993,1.08598,1,
0,Game,1052,17.28174,10832312776,0.47285,0.67296,16.78882,0.49292,42,1,0.45502,0.62515,1,0.63906,0.99902,0,,0.12120,0.92885,18.22769,1.08226,1,0.47695,0.87661,14.05419,1.07067,1,
0,Game,1057,17.36353,10832568231,0.43696,0.69323,17.29810,0.06543,43,1,0.42737,0.71634,1,0.63906,0.99902,0,,0.12114,0.92986,15.44503,1.01825,1,0.47742,0.87814,12.83477,1.01150,1,
0,Game,1100,18.07007,10834770870,0.50136,0.61769,17.62646,0.44360,44,1,0.49254,0.56578,1,0.63906,0.99902,0,,0.11486,0.93050,17.40646,1.10643,1,0.47012,0.87208,14.61084,1.09967,1,
0,Game,1128,18.53003,10836204483,0.50135,0.60018,18.08643,0.44360,45,1,0.56101,0.58315,1,0.63906,0.99902,0,,0.11428,0.93262,17.10244,1.07017,1,0.46989,0.87236,14.74212,1.06342,1,
0,Game,1142,18.76001,10836921010,0.46389,0.69214,18.54639,0.21362,46,1,0.27176,0.83873,1,0.63906,0.99902,0,,0.10799,0.93987,17.58531,1.08560,1,0.46365,0.87872,14.07349,1.09688,1,
0,Game,1164,19.12134,10838047933,0.28482,0.86216,18.82544,0.29590,47,1,0.32193,0.93947,1,0.63906,0.99902,0,,0.10915,0.93964,17.65080,1.03333,1,0.46509,0.87865,14.15790,1.03238,1,
0,Game,1177,19.33496,10838713342,0.38503,0.78135,19.13770,0.19727,48,1,0.51409,0.53624,1,0.63906,0.99902,0,,0.11457,0.93317,17.45105,1.12996,1,0.46904,0.87113,14.04461,1.12885,1,
0,Game,1213,19.92627,10840556758,0.53632,0.60813,19.40063,0.52563,49,1,0.53837,0.65475,1,0.63906,0.99902,0,,0.11432,0.93370,17.51368,1.05566,1,0.46868,0.87262,14.17544,1.05455,1,
0,Game,1259,20.68164,10842911831,0.55371,0.59707,19.94263,0.73901,50,1,0.49726,0.63854,1,0.63906,0.99902,0,,0.11662,0.93410,17.28837,1.10966,1,0.47307,0.87678,14.58800,1.10855,1,
0,Game,1278,20.99414,10843885616,0.26397,0.87531,20.74756,0.24658,51,1,0.30725,0.84095,1,0.63906,0.99902,0,,0.11089,0.94131,18.24134,1.09273,1,0.46715,0.88493,15.90998,1.09162,1,
0,Game,1310,21.52002,10845524876,0.30360,0.83290,21.01074,0.50928,52,1,0.34203,0.59797,1,0.63906,0.99902,0,,0.11603,0.92804,17.86492,1.08684,1,0.47249,0.87474,14.68618,1.08008,1,
0,Game,1322,21.71680,10846138088,0.32332,0.57031,21.58545,0.13135,53,1,0.51418,1.00232,1,0.63906,0.99902,0,,0.11947,0.92422,6.87179,1.03245,1,0.47333,0.87109,14.89606,1.03134,0,
0,Game,1356,22.27539,10847879473,0.28187,0.45981,21.97974,0.29565,54,1,0.25370,0.79058,1,0.63906,0.99902,0,,0.12523,0.91081,19.23910,1.08120,1,0.48168,0.86790,16.31107,1.08008,1,
0,Game,1386,22.76831,10849416234,0.27203,0.80321,22.34106,0.42725,55,1,0.28350,0.70061,1,0.63906,0.99902,0,,0.13165,0.88693,18.49242,1.04929,1,0.49104,0.84977,14.53121,1.04254,1,
0,Game,1400,22.99805,10850132388,0.31395,0.62640,22.78467,0.21338,56,1,0.34807,0.32804,1,0.63906,0.99902,0,,0.12817,0.88470,16.83475,1.08102,1,0.48522,0.84840,14.02505,1.08564,1,
0,Game,1428,23.45801,10851566290,0.31857,0.35375,23.06396,0.39404,57,1,0.40090,0.54787,1,0.63906,0.99902,0,,0.13450,0.91314,17.53485,1.02091,1,0.49028,0.87574,14.15681,1.02553,1,
0,Game,1450,23.82007,10852694492,0.40887,0.54358,23.52539,0.29468,58,1,0.39760,0.60084,1,0.63906,0.99902,0,,0.12618,0.92490,18.08563,1.08137,1,0.48291,0.88075,15.31137,1.08598,1,
0,Game,1472,24.18262,10853825166,0.43234,0.51242,23.83618,0.34644,59,1,0.57283,0.47223,1,0.63906,0.99902,0,,0.12938,0.93276,18.65993,1.10402,1,0.48530,0.88595,15.49816,1.09726,1,
0,Game,1510,24.80493,10855765126,0.58650,0.52648,24.24683,0.55811,60,1,0.56063,0.55123,1,0.63906,0.99902,0,,0.13339,0.93658,18.71021,1.09248,1,0.49041,0.89105,15.22706,1.09137,1,
0,Game,1538,25.26514,10857199458,0.55072,0.53445,24.82178,0.44336,61,1,0.54924,0.53474,1,0.63906,0.99902,0,,0.13352,0.94072,18.23011,1.09538,1,0.49054,0.89569,15.31032,1.08863,1,
0,Game,1556,25.56079,10858121038,0.54437,0.53492,25.28296,0.27783,62,1,0.48310,0.48752,1,0.63906,0.99902,0,,0.13857,0.93997,18.16814,1.12966,1,0.49577,0.89925,15.41969,1.12855,1,
0,Game,1573,25.84009,10858991887,0.46316,0.54919,25.57739,0.26270,63,1,0.40729,0.66640,1,0.63906,0.99902,0,,0.13395,0.94403,18.14385,1.05493,1,0.49165,0.90107,15.18083,1.05382,1,
0,Game,1588,26.08643,10859759438,0.35716,0.64054,25.85645,0.22998,64,1,0.25591,0.71373,1,0.63906,0.99902,0,,0.13117,0.94719,18.65792,1.05290,1,0.48869,0.90565,16.33120,1.05188,1,
0,Game,1616,26.54639,10861193683,0.29534,0.73767,26.10278,0.44360,65,1,0.32526,0.62608,1,0.63906,0.99902,0,,0.13380,0.94359,18.24802,1.05541,1,0.49109,0.90128,15.01298,1.04865,1,
0,Game,1634,26.84204,10862115284,0.33906,0.63416,26.56299,0.27905,66,1,0.35195,0.53296,1,0.63906,0.99902,0,,0.12677,0.94217,17.74206,1.09248,1,0.48366,0.89642,14.65814,1.09709,1,
0,Game,1657,27.21997,10863293171,0.32536,0.60888,26.85864,0.36133,67,1,0.33262,0.68851,1,0.63906,0.99902,0,,0.12757,0.94014,17.51511,1.02100,1,0.48436,0.89533,14.49399,1.01425,1,
0,Game,1709,28.07446,10865956428,0.30541,0.63707,27.23657,0.83789,68,1,0.39539,0.65935,1,0.63906,0.99902,0,,0.12584,0.94144,7.15426,1.06410,1,0.47959,0.89167,6.19976,1.06872,1,
0,Game,1751,28.76587,10868111702,0.42954,0.57702,28.38623,0.37964,69,1,0.42865,0.63081,1,0.63906,0.99902,0,,0.13354,0.93505,17.77476,1.05846,1,0.49049,0.88880,14.77805,1.05743,1,
0,Game,1771,29.09277,10869130874,0.47152,0.56173,28.78076,0.31201,70,1,0.56460,0.48888,1,0.63906,0.99902,0,,0.14086,0.93355,16.80900,1.09594,1,0.49760,0.88992,14.43912,1.09492,1,
0,Game,1817,29.84839,10871486228,0.52852,0.51832,29.10913,0.73926,71,1,0.62876,0.80580,1,0.63906,0.99902,0,,0.14981,0.93116,8.74216,1.06652,1,0.50697,0.89348,15.08720,1.05977,0,
0,Game,1872,30.75195,10874303087,0.51740,0.49005,30.16040,0.59155,72,1,0.51284,0.53983,1,0.63906,0.99902,0,,0.15005,0.93094,16.41220,1.05846,1,0.50714,0.89107,14.60062,1.05743,1,
0,Game,1887,30.99805,10875070636,0.42557,0.51492,30.76831,0.22974,73,1,0.31318,0.58992,1,0.63906,0.99902,0,,0.14534,0.93695,16.99077,1.08102,1,0.50246,0.89664,14.67731,1.08564,1,
0,Game,1913,31.42505,10876401761,0.32458,0.60718,31.06396,0.36108,74,1,0.41224,0.52913,1,0.63906,0.99902,0,,0.14966,0.93401,16.90204,1.04912,1,0.50611,0.89421,15.02919,1.05864,1,
0,Game,1941,31.88525,10877835603,0.42289,0.48472,31.49194,0.39331,75,1,0.35056,0.64203,1,0.63906,0.99902,0,,0.14571,0.93749,17.54924,0.99014,1,0.50195,0.89475,15.27778,0.98919,1,
0,Game,1963,32.24658,10878962080,0.32381,0.61119,31.95117,0.29541,76,1,0.37321,0.52223,1,0.63906,0.99902,0,,0.13833,0.94110,17.83491,1.10393,1,0.49497,0.89497,15.97369,1.09807,1,
0,Game,1981,32.54224,10879884019,0.33007,0.54977,32.26318,0.27905,77,1,0.30985,0.59417,1,0.63906,0.99902,0,,0.12767,0.94582,17.78302,1.06105,1,0.48408,0.89356,15.73065,1.05994,1,
0,Game,1999,32.83813,10880806329,0.29567,0.58814,32.55884,0.27930,78,1,0.32316,0.86091,0,0.63906,0.99902,0,,0.12246,0.95130,10.44210,1.03000,0,0.48055,0.89496,10.18948,1.02897,0,
0,Game,2041,33.52808,10882956801,0.29292,0.58437,33.10083,0.42725,79,1,0.31766,0.51084,1,0.63906,0.99902,0,,0.12556,0.94415,17.53741,1.02190,1,0.48245,0.89219,15.81360,1.02579,1,
0,Game,2054,33.74170,10883622755,0.34203,0.34197,33.54468,0.19702,80,1,0.38681,0.18180,1,0.63906,0.99902,0,,0.12398,0.93591,17.63800,1.04154,1,0.47889,0.88392,15.84217,1.04051,1,
0,Game,2077,34.11914,10884799829,0.36553,0.19864,33.80713,0.31201,81,1,0.37105,0.17880,1,0.63906,0.99902,0,,0.12352,0.93713,17.15633,1.04430,1,0.47897,0.88399,15.55268,1.04818,1,
0,Game,2105,34.57935,10886234099,0.35884,0.19709,34.13574,0.44360,82,1,0.32764,0.35480,1,0.63906,0.99902,0,,0.12157,0.94105,17.71785,1.04145,1,0.47719,0.88634,15.65541,1.04607,1,
0,Game,2133,35.03931,10887668036,0.32728,0.46939,34.64526,0.39404,83,1,0.32070,0.52355,1,0.63906,0.99902,0,,0.12070,0.94595,17.83054,1.10966,1,0.47730,0.88976,16.00193,1.10854,1,
0,Game,2152,35.35156,10888641420,0.36732,0.51600,35.05566,0.29590,84,1,0.46221,0.48778,1,0.63906,0.99902,0,,0.12665,0.94394,17.22607,1.05067,1,0.48244,0.88855,14.85316,1.04956,1,
0,Game,2172,35.67993,10889664575,0.42598,0.49637,35.36792,0.31201,85,1,0.30454,0.53056,1,0.63906,0.99902,0,,0.12646,0.94441,16.87942,1.05282,1,0.48235,0.89006,15.86897,1.05179,1,
0,Game,2185,35.89380,10890331618,0.32108,0.51623,35.69629,0.19751,86,1,0.30956,0.45952,0,0.63906,0.99902,0,,0.12665,0.94367,15.56912,1.05265,0,0.48312,0.88896,14.49689,1.05154,0,
0,Game,2264,37.19141,10894376620,0.31747,0.44573,36.15649,1.03491,87,1,0.31319,0.39244,1,0.63906,0.99902,0,,0.11819,0.94377,17.92521,1.05403,1,0.47413,0.88609,15.26605,1.05864,1,
0,Game,2301,37.79907,10896270700,0.31693,0.37804,37.20776,0.59131,88,1,0.33343,0.38619,1,0.63906,0.99902,0,,0.12633,0.94701,16.54725,1.03581,1,0.48298,0.89633,15.65562,1.02906,1,
0,Game,2335,38.35791,10898012521,0.34031,0.40269,37.81543,0.54248,89,1,0.46187,0.41480,1,0.63906,0.99902,0,,0.13955,0.94451,17.53343,1.08709,1,0.49559,0.89879,15.49442,1.08598,1,
0,Game,2354,38.66968,10898985066,0.52330,0.45876,38.42310,0.24658,90,1,0.58210,0.47638,1,0.63906,0.99902,0,,0.14011,0.94341,18.38939,1.09256,1,0.49669,0.89778,15.86032,1.08581,1,
0,Game,2372,38.96509,10899905998,0.56025,0.46380,38.68604,0.27905,91,1,0.49884,0.46399,1,0.63906,0.99902,0,,0.13214,0.94492,18.08835,1.07555,1,0.48843,0.89614,15.37457,1.07444,1,
0,Game,2408,39.55664,10901749807,0.50541,0.44670,38.98218,0.57446,92,1,0.52498,0.39967,1,0.63906,0.99902,0,,0.13094,0.94485,17.28284,1.11304,1,0.48713,0.89478,14.39963,1.10516,1,
0,Game,2455,40.32886,10904156792,0.54197,0.41466,39.57324,0.75562,93,1,0.52778,0.44755,1,0.63906,0.99902,0,,0.12851,0.94302,16.99992,1.08102,1,0.48451,0.89066,14.96567,1.08564,1,
0,Game,2472,40.60815,10905027230,0.47319,0.43248,40.34521,0.26294,94,1,0.40041,0.45056,1,0.63906,0.99902,0,,0.11869,0.94205,16.49024,1.05846,1,0.47448,0.88656,14.96557,1.05743,1,
0,Game,2521,41.41309,10907536697,0.39647,0.37287,40.62476,0.78833,95,1,0.39912,0.46063,0,0.63906,0.99902,0,,0.12438,0.94191,13.28601,1.10675,0,0.48191,0.88959,11.80763,1.10564,0,
0,Game,2550,41.88940,10909021545,0.38581,0.59323,41.67603,0.21338,96,1,0.37787,0.97025,1,0.63906,0.99902,0,,0.13555,0.94274,19.13042,1.04937,1,0.49079,0.89749,16.41682,1.05399,1,
0,Game,2567,42.16870,10909892014,0.37238,0.83920,41.95508,0.21362,97,1,0.36015,0.75060,1,0.63906,0.99902,0,,0.13746,0.93666,18.46165,1.09586,1,0.49275,0.89237,16.04508,1.10047,1,
0,Game,2597,42.66162,10911428371,0.38659,0.74935,42.18506,0.47656,98,1,0.36914,0.63872,1,0.63906,0.99902,0,,0.14313,0.92948,16.69929,1.04864,1,0.49865,0.88648,13.65653,1.04189,1,
0,Game,2628,43.17065,10913015413,0.37767,0.62836,42.67798,0.49268,99,1,0.34082,0.60773,1,0.63906,0.99902,0,,0.12894,0.93944,17.43535,1.03564,1,0.48609,0.89020,15.03275,1.04025,1,
0,Game,2665,43.77856,10914910310,0.36302,0.60638,43.18726,0.59131,100,1,0.36078,0.71756,1,0.63906,0.99902,0,,0.13908,0.95252,18.96700,1.04128,1,0.49758,0.90984,17.32908,1.04589,1,
0,Game,2718,44.64941,10917624913,0.36742,0.73034,43.84424,0.80518,101,1,0.40758,0.69581,1,0.63906,0.99902,0,,0.13809,0.95975,18.74501,1.09837,1,0.49735,0.91587,17.12727,1.09162,1,
0,Game,2749,45.15845,10919212038,0.37740,0.76555,44.66553,0.49292,102,1,0.32294,0.82355,1,0.63906,0.99902,0,,0.13940,0.96385,18.31743,1.06983,1,0.49785,0.91991,16.19293,1.06307,1,
0,Game,2778,45.63477,10920696996,0.36785,0.81883,45.17627,0.45850,103,1,0.43923,0.76740,1,0.63906,0.99902,0,,0.14279,0.96226,18.01634,1.10739,1,0.50189,0.91765,15.65383,1.10064,1,
0,Game,2808,46.12793,10922233736,0.55902,0.82025,45.70068,0.42725,104,1,0.59300,0.82540,1,0.63906,0.99902,0,,0.14655,0.96389,18.85196,1.10965,1,0.50533,0.91839,15.71790,1.10854,1,
0,Game,2841,46.66968,10923922902,0.54209,0.80925,46.14404,0.52563,105,1,0.54755,0.74404,1,0.63906,0.99902,0,,0.14714,0.96286,17.88288,1.10965,1,0.50566,0.91872,15.48486,1.10854,1,
0,Game,2867,47.09692,10925254333,0.53031,0.75006,46.68628,0.41064,106,1,0.45709,0.74481,1,0.63906,0.99902,0,,0.14498,0.96301,17.31733,1.09918,1,0.50404,0.91796,14.61084,1.08759,1,
0,Game,2890,47.47510,10926433166,0.50517,0.76797,47.11353,0.36157,107,1,0.57666,0.75419,1,0.63906,0.99902,0,,0.14836,0.96376,17.25596,1.09273,1,0.50731,0.91922,15.25714,1.09162,1,
0,Game,2909,47.78687,10927405188,0.51614,0.78721,47.49121,0.29565,108,1,0.47632,0.77001,1,0.63906,0.99902,0,,0.13984,0.96330,17.07850,1.09940,1,0.49881,0.91742,15.22549,1.10495,1,
0,Game,2926,48.06616,10928276071,0.39473,0.74463,47.80347,0.26270,109,1,0.25163,0.78692,1,0.63906,0.99902,0,,0.13391,0.96239,17.68782,1.08701,1,0.49237,0.91719,15.96678,1.09162,1,
0,Game,2968,48.75586,10930426073,0.29549,0.76516,48.13184,0.62402,110,1,0.29685,0.70652,1,0.63906,0.99902,0,,0.14447,0.96033,18.02754,1.08111,1,0.50369,0.92180,14.84286,1.08572,1,
0,Game,2974,48.85449,10930733541,0.32825,0.77068,48.77246,0.08203,111,1,0.34306,0.74994,1,0.63906,0.99902,0,,0.14369,0.96201,16.60025,1.08128,1,0.50257,0.92435,14.50661,1.08025,1,
0,Game,3025,49.69238,10933345362,0.33436,0.75946,49.16675,0.52563,112,1,0.45749,0.80869,1,0.63906,0.99902,0,,0.15042,0.96139,17.11736,1.08474,1,0.50913,0.92408,14.74614,1.07799,1,
0,Game,3047,50.05396,10934472183,0.47692,0.81028,49.70898,0.34497,113,1,0.52773,0.85626,1,0.63906,0.99902,0,,0.15070,0.96226,16.98550,1.09021,1,0.50950,0.92394,14.27698,1.07669,1,
0,Game,3095,50.84229,10936929749,0.55245,0.76587,50.07031,0.77197,114,1,0.54267,0.48364,1,0.63906,0.99902,0,,0.14992,0.95613,16.10292,1.06410,1,0.50715,0.91472,14.76819,1.06299,1,
0,Game,3130,51.41724,10938722482,0.56524,0.30924,50.95728,0.45996,115,1,0.56461,0.41935,1,0.63906,0.99902,0,,0.14770,0.95649,16.61209,1.06418,1,0.50369,0.91322,15.35066,1.06880,1,
0,Game,3163,51.95947,10940412055,0.53298,0.73233,51.48291,0.47656,116,1,0.52288,0.74062,1,0.63906,0.99902,0,,0.15372,0.96323,17.76765,1.11642,1,0.51219,0.92270,15.05712,1.10967,1,
0,Game,3186,52.33716,10941589850,0.43995,0.74065,52.02539,0.31177,117,1,0.48899,0.74951,1,0.63906,0.99902,0,,0.15585,0.96117,17.30820,1.02681,1,0.51403,0.92180,14.45903,1.02578,1,
0,Game,3216,52.83008,10943125975,0.48355,0.72951,52.35352,0.47656,118,1,0.56738,0.68388,1,0.63906,0.99902,0,,0.15741,0.96148,17.29587,1.08145,1,0.51531,0.92132,14.45193,1.07470,1,
0,Game,3237,53.17480,10944200868,0.58040,0.67647,52.84668,0.32813,119,1,0.54349,0.33219,1,0.63906,0.99902,0,,0.15363,0.95424,16.07053,1.08119,1,0.50983,0.91344,14.75232,1.08008,1,
0,Game,3272,53.75000,10945993759,0.56151,0.36610,53.24072,0.50928,120,1,0.55788,0.48107,1,0.63906,0.99902,0,,0.14813,0.96199,17.86412,1.03219,1,0.50515,0.91773,15.72124,1.03681,1,
0,Game,3301,54.22632,10947478722,0.54632,0.68608,53.81543,0.41089,121,1,0.56508,0.66533,1,0.63906,0.99902,0,,0.14944,0.96420,18.61793,1.04916,1,0.50802,0.92337,15.07763,1.04128,1,
0,Game,3320,54.53833,10948451539,0.54551,0.69955,54.24268,0.29565,122,1,0.48036,0.78450,1,0.63906,0.99902,0,,0.14694,0.96360,17.36015,1.08709,1,0.50551,0.92337,14.70154,1.08034,1,
0,Game,3338,54.83398,10949373161,0.46273,0.71477,54.55469,0.27930,123,1,0.49730,0.65480,1,0.63906,0.99902,0,,0.14740,0.95935,18.58565,1.07555,1,0.50553,0.91949,15.15791,1.07444,1,
0,Game,3358,55.16260,10950397553,0.48788,0.62805,54.85059,0.31201,124,1,0.59584,0.58933,1,0.63906,0.99902,0,,0.15247,0.95744,18.59409,1.06393,1,0.51076,0.91950,15.40666,1.05718,1,
0,Game,3390,55.68823,10952035579,0.57046,0.57460,55.17896,0.50928,125,1,0.57734,0.44087,1,0.63906,0.99902,0,,0.15142,0.95113,17.57125,1.08119,1,0.50909,0.91716,15.85573,1.07444,1,
0,Game,3436,56.44409,10954392268,0.55459,0.48384,55.70508,0.73901,126,1,0.52152,0.54571,1,0.63906,0.99902,0,,0.15620,0.95519,19.74081,1.04201,1,0.51480,0.92265,16.23761,1.04589,1,
0,Game,3460,56.83813,10955620782,0.55207,0.56855,56.46045,0.37769,127,1,0.53802,0.63800,1,0.63906,0.99902,0,,0.15158,0.95402,18.16563,1.03228,1,0.51070,0.91885,15.56270,1.02553,1,
0,Game,3502,57.52808,10957771244,0.44498,0.77441,57.24878,0.27930,128,1,0.45189,0.70405,1,0.63906,0.99902,0,,0.14717,0.95807,19.01608,1.08210,1,0.50623,0.92082,16.55885,1.09162,1,
0,Game,3535,58.07007,10959460727,0.30164,0.71024,57.59399,0.47607,129,1,0.26805,0.65009,1,0.63906,0.99902,0,,0.13238,0.96062,18.24579,1.04799,1,0.49046,0.91532,16.06104,1.05188,1,
0,Game,3548,58.28418,10960127895,0.29114,0.48761,58.08691,0.19727,130,1,0.31168,0.36813,1,0.63906,0.99902,0,,0.13422,0.95368,17.61529,1.07146,1,0.49168,0.90662,15.80615,1.07035,1,
0,Game,3579,58.79346,10961715454,0.31127,0.42770,58.30029,0.49316,131,1,0.30573,0.45368,1,0.63906,0.99902,0,,0.13611,0.95605,17.61471,1.01699,1,0.49433,0.90967,15.89683,1.02088,1,
0,Game,3605,59.22021,10963045925,0.30471,0.42578,58.80933,0.41089,132,1,0.25813,0.63116,1,0.63906,0.99902,0,,0.13406,0.96195,18.16752,1.04937,1,0.49190,0.91356,15.21261,1.05890,1,
0,Game,3630,59.63086,10964325896,0.30659,0.66563,59.28589,0.34497,133,1,0.43362,0.73632,1,0.63906,0.99902,0,,0.13963,0.96675,18.74457,1.09273,1,0.49800,0.92104,16.10125,1.09162,1,
0,Game,3653,60.00903,10965505271,0.43690,0.72758,59.69678,0.31226,134,1,0.27306,0.50135,1,0.63906,0.99902,0,,0.14051,0.95892,18.64219,1.08370,1,0.49767,0.91573,16.34754,1.07695,1,
0,Game,3692,60.64941,10967501078,0.31322,0.53023,60.07471,0.57471,135,1,0.54962,0.53143,1,0.63906,0.99902,0,,0.15140,0.95827,19.25187,1.08883,1,0.50858,0.91759,16.26965,1.09345,1,
0,Game,3723,61.15869,10969089020,0.53892,0.52977,60.71509,0.44360,136,1,0.61518,0.53533,1,0.63906,0.99902,0,,0.15545,0.95590,18.91265,1.08145,1,0.51340,0.91816,16.16186,1.07470,1,
0,Game,3746,61.53662,10970266586,0.55911,0.55725,61.17505,0.36157,137,1,0.45685,0.79925,1,0.63906,0.99902,0,,0.15499,0.96381,17.84081,1.08128,1,0.51252,0.92701,15.60602,1.08017,1,
0,Game,3765,61.84863,10971239481,0.46547,0.73358,61.60229,0.24634,138,1,0.48161,0.60340,1,0.63906,0.99902,0,,0.15412,0.95999,18.47061,1.01747,1,0.51196,0.92168,15.22081,1.02208,1,
0,Game,3788,62.22632,10972416984,0.48312,0.64108,61.86499,0.36133,139,1,0.49937,0.66555,1,0.63906,0.99902,0,,0.15537,0.95973,18.10306,1.06083,1,0.51356,0.92112,14.82403,1.05972,1,
0,Game,3810,62.58789,10973544008,0.52000,0.54493,62.24268,0.34521,140,1,0.31895,0.63442,1,0.63906,0.99902,0,,0.14650,0.95908,17.53973,1.05837,1,0.50321,0.91838,15.44424,1.05726,1,
0,Game,3835,62.99829,10974823374,0.29230,0.58429,62.65356,0.34473,141,1,0.43144,0.46618,1,0.63906,0.99902,0,,0.15376,0.95474,16.91941,1.08700,1,0.51105,0.91553,14.82973,1.09162,1,
0,Game,3853,63.29419,10975745303,0.48700,0.40541,63.06445,0.22974,142,1,0.43861,0.22066,1,0.63906,0.99902,0,,0.15692,0.94681,16.75933,1.10965,1,0.51219,0.91012,15.38759,1.10854,1,
0,Game,3878,63.70483,10977025746,0.45387,0.24359,63.35986,0.34497,143,1,0.41689,0.31034,1,0.63906,0.99902,0,,0.15402,0.94879,17.34043,1.04373,1,0.50982,0.91030,16.83040,1.03698,1,
0,Game,3909,64.21411,10978613171,0.37902,0.32058,63.72119,0.49292,144,1,0.30464,0.33623,1,0.63906,0.99902,0,,0.14603,0.95513,18.23673,1.08119,1,0.50239,0.91197,16.70115,1.08008,1,
0,Game,3927,64.50977,10979534702,0.32744,0.36579,64.23047,0.27930,145,1,0.33090,0.37826,1,0.63906,0.99902,0,,0.14665,0.95679,18.17964,1.04153,1,0.50324,0.91382,16.67567,1.04051,1,
0,Game,3943,64.77246,10980354006,0.35002,0.41503,64.52612,0.24634,146,1,0.37436,0.52342,1,0.63906,0.99902,0,,0.16199,0.95600,17.58881,1.08675,1,0.51918,0.92315,16.24354,1.08564,1,
0,Game,3960,65.05176,10981224608,0.42146,0.72539,64.83813,0.21362,147,1,0.44149,0.66692,1,0.63906,0.99902,0,,0.16783,0.96079,18.38952,1.09837,1,0.52491,0.93191,17.38069,1.09162,1,
0,Game,3983,65.42969,10982402868,0.42486,0.76675,65.11743,0.31226,148,1,0.36155,0.75477,1,0.63906,0.99902,0,,0.15205,0.96372,18.80864,1.07530,1,0.50893,0.92499,17.15920,1.07991,1,
0,Game,4055,66.61255,10986089838,0.38404,0.76529,65.44629,1.16626,149,1,0.38164,0.76480,1,0.63906,0.99902,0,,0.14485,0.96866,18.25471,1.09273,1,0.50215,0.92254,16.51040,1.09162,1,
0,Game,4101,67.36792,10988444832,0.40484,0.77501,66.62866,0.73926,150,1,0.37827,0.77704,1,0.63906,0.99902,0,,0.13959,0.97028,18.47048,1.08145,1,0.49671,0.92110,17.76273,1.07470,1,
0,Game,4131,67.86108,10989981548,0.45652,0.75158,67.38428,0.47681,151,1,0.43358,0.53370,1,0.63906,0.99902,0,,0.14175,0.96025,17.13007,1.11850,1,0.49770,0.91297,16.47418,1.12312,1,
0,Game,4149,68.15674,10990903528,0.47622,0.33090,67.92651,0.23022,152,1,0.45361,0.28887,1,0.63906,0.99902,0,,0.14309,0.95297,16.59020,1.07017,1,0.49861,0.90670,16.21997,1.06341,1,
0,Game,4179,68.64941,10992438990,0.49201,0.31141,68.17310,0.47632,153,1,0.43842,0.59294,1,0.63906,0.99902,0,,0.14517,0.96145,17.85231,1.04332,1,0.49982,0.91533,16.64311,1.03173,1,
0,Game,4252,69.84863,10996177496,0.43558,0.74433,68.71509,1.13354,154,1,0.37536,0.69003,1,0.63906,0.99902,0,,0.15205,0.95978,16.71476,1.11642,1,0.50928,0.91539,14.49919,1.10854,1,
0,Game,4270,70.14429,10997098841,0.42677,0.71914,69.86499,0.27930,155,1,0.48813,0.54181,1,0.63906,0.99902,0,,0.14687,0.95844,16.26750,1.11859,1,0.50282,0.91072,13.96265,1.12320,1,
0,Game,4289,70.45630,10998071829,0.55317,0.57389,70.20996,0.24634,156,1,0.66463,0.48582,1,0.63906,0.99902,0,,0.15528,0.95332,8.38611,1.05871,1,0.51029,0.91174,14.08563,1.05196,0,
0,Game,4334,71.19531,11000375770,0.27553,0.61379,70.81787,0.37744,157,1,0.34529,0.56904,1,0.63906,0.99902,0,,0.14755,0.95829,16.21118,1.09247,1,0.50489,0.91589,14.22781,1.09136,1,
0,Game,4347,71.40918,11001042001,0.33113,0.44874,71.21216,0.19702,158,1,0.32215,0.29618,1,0.63906,0.99902,0,,0.14837,0.94954,16.16654,1.04153,1,0.50410,0.90923,15.21992,1.04051,1,
0,Game,4377,71.90186,11002577719,0.32470,0.31765,71.47485,0.42700,159,1,0.27579,0.29348,1,0.63906,0.99902,0,,0.14403,0.93281,15.69922,1.07000,1,0.50126,0.89548,15.64159,1.06897,1,
0,Game,4392,72.14844,11003346874,0.30319,0.42330,71.91846,0.22998,160,1,0.31260,0.60388,1,0.63906,0.99902,0,,0.14578,0.94125,17.57053,1.04365,1,0.50344,0.90509,14.24777,1.04254,1,
0,Game,4413,72.49365,11004422797,0.35228,0.62674,72.21411,0.27954,161,1,0.47712,0.67599,1,0.63906,0.99902,0,,0.14939,0.94684,18.03937,1.10965,1,0.50799,0.91130,15.24324,1.10854,1,
0,Game,4438,72.90405,11005701844,0.43683,0.66803,72.50977,0.39429,162,1,0.43536,0.43437,1,0.63906,0.99902,0,,0.15114,0.94249,18.79407,1.06243,1,0.50839,0.90764,15.66069,1.04891,1,
0,Game,4463,73.31494,11006982674,0.43174,0.27398,72.96973,0.34521,163,1,0.53360,0.58708,1,0.63906,0.99902,0,,0.14486,0.95300,18.33816,1.07555,1,0.50089,0.91221,14.59656,1.08017,1,
0,Game,4492,73.79102,11008467229,0.48757,0.59228,73.38037,0.41064,164,1,0.48287,0.63996,1,0.63906,0.99902,0,,0.14795,0.95354,18.36188,1.06686,1,0.50539,0.91460,15.20150,1.06100,1,
0,Game,4509,74.07031,11009337697,0.51935,0.57323,73.80737,0.26294,165,1,0.61912,0.48984,1,0.63906,0.99902,0,,0.14871,0.95359,17.65968,1.09047,1,0.50499,0.91181,15.11464,1.08372,1,
0,Game,4535,74.49756,11010669128,0.56592,0.52209,74.08667,0.41089,166,1,0.50319,0.53355,1,0.63906,0.99902,0,,0.14290,0.95487,17.65604,1.06105,1,0.49958,0.91136,14.93707,1.05993,1,
0,Game,4587,75.35181,11013332459,0.49722,0.56109,74.51367,0.83813,167,1,0.47154,0.58530,1,0.63906,0.99902,0,,0.15079,0.95436,17.31925,1.08145,1,0.50767,0.91160,14.86349,1.08034,1,
0,Game,4611,75.74585,11014560922,0.47695,0.58578,75.36816,0.37769,168,1,0.51754,0.54295,1,0.63906,0.99902,0,,0.15820,0.95563,17.48166,1.04153,1,0.51498,0.91553,15.15049,1.04051,1,
0,Game,4659,76.53418,11017018406,0.48899,0.56304,75.76221,0.77197,169,1,0.43005,0.58489,1,0.63906,0.99902,0,,0.14780,0.96110,16.93202,1.08128,1,0.50393,0.91782,14.78197,1.08589,1,
0,Game,4674,76.78101,11017787137,0.34790,0.58122,76.55078,0.23022,170,1,0.23797,0.59480,1,0.63906,0.99902,0,,0.14463,0.96166,16.91712,1.04976,1,0.50109,0.91898,15.70406,1.04865,1,
0,Game,4705,77.29004,11019374286,0.30303,0.55963,76.79736,0.49268,171,1,0.37239,0.52814,1,0.63906,0.99902,0,,0.14059,0.96021,17.01196,1.04993,1,0.49685,0.91561,15.54078,1.04318,1,
0,Game,4728,77.66797,11020552100,0.30838,0.47844,77.30664,0.36133,172,1,0.29549,0.50197,1,0.63906,0.99902,0,,0.13840,0.95731,16.66315,1.04373,1,0.49471,0.91231,15.88433,1.04271,1,
0,Game,4747,77.98022,11021525509,0.34013,0.43794,77.68408,0.29614,173,1,0.44925,0.63280,1,0.63906,0.99902,0,,0.14429,0.92941,17.99092,1.04726,1,0.50091,0.89239,14.94493,1.05188,1,
0,Game,4783,78.57129,11023368091,0.45119,0.60594,78.04565,0.52563,174,1,0.46002,0.58322,1,0.63906,0.99902,0,,0.12421,0.96359,16.59854,1.00671,1,0.48454,0.91449,14.53826,1.01133,1,
0,Game,4799,78.83423,11024187639,0.54521,0.51712,78.58789,0.24634,175,1,0.55907,0.49533,1,0.63906,0.99902,0,,0.12189,0.96847,16.68889,1.07564,1,0.48285,0.91675,14.88286,1.06888,1,
0,Game,4813,79.06421,11024904577,0.46951,0.63217,78.85059,0.21362,176,1,0.16066,1.01998,1,0.63906,0.99902,0,,0.13101,0.96424,16.75760,0.98509,0,0.49001,0.93350,16.00601,0.98413,1,
0,Game,4835,79.42554,11026031397,-0.07013,2.07077,79.22852,0.19702,177,1,-0.02799,2.12914,1,0.63906,0.99902,0,,0.12691,0.97848,17.92220,0.98047,1,0.48267,0.93717,16.81054,0.97461,1,
0,Game,4844,79.57324,11026491960,0.00898,1.96502,79.44214,0.13110,178,1,0.31838,0.98755,1,0.63906,0.99902,0,,0.14204,0.93836,18.45859,0.96792,1,0.50118,0.90053,15.96294,0.97181,1,
0,Game,4867,79.95117,11027669466,0.47083,0.49811,79.63916,0.31201,179,1,0.49731,0.64967,1,0.63906,0.99902,0,,0.15703,0.92792,19.24273,1.05035,1,0.51531,0.89561,16.02858,1.04924,1,
0,Game,4893,80.37817,11029000913,0.49319,0.54868,79.96753,0.41064,180,1,0.49990,0.45934,1,0.63906,0.99902,0,,0.16335,0.93245,18.70611,1.10739,1,0.52046,0.90214,16.00593,1.10064,1,
0,Game,4912,80.69043,11029974167,0.51017,0.50514,80.39502,0.29541,181,1,0.54228,0.36351,1,0.63906,0.99902,0,,0.16456,0.93107,16.81342,1.07017,1,0.52018,0.90172,15.60614,1.06341,1,
0,Game,4936,81.08472,11031203612,0.48908,0.24630,80.75635,0.32837,182,1,0.47480,0.24572,0,0.63906,0.99902,0,,0.16501,0.93239,16.85854,1.06991,0,0.52132,0.90483,14.92978,1.06880,0,
0,Game,4967,81.59424,11032791423,0.53565,0.46433,81.34766,0.24658,183,1,0.52695,0.43267,1,0.63906,0.99902,0,,0.17280,0.93757,19.29413,1.05863,1,0.52960,0.91390,15.97151,1.05752,1,
0,Game,4982,81.84033,11033559012,0.59670,0.40870,81.61035,0.22998,184,1,0.67896,0.41675,1,0.63906,0.99902,0,,0.17429,0.93735,18.92053,1.05846,1,0.53052,0.91261,15.50204,1.05170,1,
0,Game,4997,82.08667,11034326599,0.56688,0.44063,81.85669,0.22998,185,1,0.52244,0.42316,1,0.63906,0.99902,0,,0.17023,0.94035,18.05453,1.13278,1,0.52664,0.91629,14.94435,1.12490,1,
0,Game,5026,82.56323,11035812388,0.56346,0.44304,82.10327,0.45996,186,1,0.58151,0.38545,1,0.63906,0.99902,0,,0.17302,0.93936,17.06630,1.12996,1,0.52928,0.91439,14.59038,1.12885,1,
0,Game,5064,83.18774,11037758594,0.57820,0.42474,82.57959,0.60815,187,1,0.46841,0.46529,1,0.63906,0.99902,0,,0.16894,0.94290,17.76654,1.09247,1,0.52494,0.91602,15.08713,1.09136,1,
0,Game,5089,83.59814,11039038288,0.46601,0.47118,83.25317,0.34497,188,1,0.41049,0.50428,1,0.63906,0.99902,0,,0.16404,0.94622,17.38082,1.09247,1,0.52063,0.91559,14.54284,1.08572,1,
0,Game,5109,83.92651,11040062144,0.34772,0.49662,83.61450,0.31201,189,1,0.33449,0.51545,1,0.63906,0.99902,0,,0.16115,0.94569,16.88935,1.08709,1,0.51756,0.91507,14.96978,1.08034,1,
0,Game,5133,84.32104,11041291620,0.34172,0.47902,83.94336,0.37769,190,1,0.43099,0.54518,1,0.63906,0.99902,0,,0.15479,0.95017,16.55700,1.05501,1,0.51101,0.91296,14.80564,1.05963,1,
0,Game,5165,84.84668,11042930520,0.43539,0.53075,84.33740,0.50928,191,1,0.39626,0.56414,1,0.63906,0.99902,0,,0.14977,0.95650,16.94812,1.07581,1,0.50585,0.91346,15.13127,1.07470,1,
0,Game,5242,86.11157,11046873350,0.41354,0.55974,84.86304,1.24854,192,1,0.42557,0.63957,1,0.63906,0.99902,0,,0.14317,0.96319,16.66409,1.08136,1,0.49911,0.91439,14.35132,1.08034,1,
0,Game,5258,86.37622,11047698325,0.42032,0.66154,86.12793,0.24829,193,1,0.40195,0.71690,1,0.63906,0.99902,0,,0.13816,0.96757,16.44152,1.03826,1,0.49390,0.91625,14.16602,1.04214,1,
0,Game,5277,86.68652,11048665739,0.43857,0.67553,86.39087,0.29565,194,1,0.47927,0.66457,1,0.63906,0.99902,0,,0.13889,0.96957,17.02547,1.06597,1,0.49473,0.91685,14.00083,1.06010,1,
0,Game,5299,87.04761,11049791308,0.50483,0.64195,86.70288,0.34473,195,1,0.52701,0.59280,1,0.63906,0.99902,0,,0.14437,0.96876,17.22704,1.08136,1,0.49974,0.91776,14.64498,1.08598,1,
0,Game,5312,87.26123,11050457243,0.46056,0.47254,87.06445,0.19678,196,1,0.43063,0.43773,1,0.63906,0.99902,0,,0.14205,0.96441,16.48873,1.05299,1,0.49712,0.91404,15.21642,1.04623,1,
0,Game,5333,87.60645,11051533304,0.46953,0.40145,87.27808,0.32837,197,1,0.45645,0.57800,1,0.63906,0.99902,0,,0.13945,0.96961,17.50057,1.07564,1,0.49506,0.91807,14.83739,1.06888,1,
0,Game,5351,87.90210,11052454595,0.39213,0.63893,87.67212,0.22998,198,1,0.31730,0.62799,1,0.63906,0.99902,0,,0.13508,0.97087,18.25645,1.02672,1,0.49066,0.91750,14.98100,1.03134,1,
0,Game,5372,88.24683,11053529669,0.35119,0.67972,87.91846,0.32837,199,1,0.37349,0.70195,1,0.63906,0.99902,0,,0.13708,0.97182,18.56020,1.12769,1,0.49349,0.91946,15.21452,1.11418,1,
0,Game,5386,88.47705,11054247024,0.38041,0.57047,88.26318,0.21387,200,1,0.37096,0.56135,1,0.63906,0.99902,0,,0.13568,0.96677,17.54428,1.03826,1,0.49089,0.91207,14.71237,1.03151,1,
0,Game,5403,88.75635,11055117466,0.44232,0.53153,88.49365,0.26270,201,1,0.70404,0.62508,1,0.63906,0.99902,0,,0.14091,0.97046,17.33788,1.05846,1,0.49616,0.91388,15.00559,1.05743,1,
0,Game,5421,89.05200,11056039474,0.83177,0.50029,88.82227,0.22974,202,1,0.85747,0.54233,1,0.63906,0.99902,0,,0.14737,0.96569,17.81076,1.05839,1,0.50142,0.91017,14.85799,1.06301,1,
0,Game,5441,89.38062,11057063452,0.86385,0.60102,89.11768,0.26294,203,1,0.36100,0.74402,1,0.63906,0.99902,0,,0.13738,0.97094,17.37433,1.09247,1,0.49294,0.91740,14.44042,1.09709,1,
0,Game,5468,89.82422,11058446193,0.41183,0.78765,89.44653,0.37769,204,1,0.56050,0.83477,1,0.63906,0.99902,0,,0.14617,0.97239,17.99183,1.06410,1,0.50224,0.92232,14.93587,1.06299,1,
0,Game,5513,90.56323,11060750270,0.50759,1.37566,90.48120,0.08203,205,1,0.45044,1.28120,1,0.63906,0.99902,0,,0.17728,0.97851,6.85092,0.51256,1,0.56426,0.96971,12.53794,0.51205,1,
0,Game,5547,91.12183,11062491220,0.44715,0.81044,90.92456,0.19727,206,1,0.43188,0.68061,1,0.63906,0.99902,0,,0.16368,0.96058,18.61597,1.09772,1,0.51913,0.92425,15.85843,1.09097,1,
0,Game,5561,91.35181,11063208137,0.44549,0.60395,91.13818,0.21362,207,1,0.49541,0.35966,1,0.63906,0.99902,0,,0.16376,0.95037,17.96668,1.06991,1,0.51646,0.91299,15.90906,1.06316,1,
0,Game,5580,91.66382,11064180691,0.51178,0.33161,91.41772,0.24609,208,1,0.37982,0.60100,1,0.63906,0.99902,0,,0.15440,0.96040,18.49611,1.07564,1,0.50850,0.91630,14.01365,1.07461,1,
0,Game,5608,92.12378,11065614561,0.42540,0.74610,91.72949,0.39429,209,1,0.28732,0.82967,1,0.63906,0.99902,0,,0.15573,0.96624,19.22292,1.09386,1,0.51108,0.92676,15.97622,1.09275,1,
0,Game,5640,92.64966,11067254288,0.29674,0.82221,92.18970,0.45996,210,1,0.26900,0.78724,1,0.63906,0.99902,0,,0.15107,0.96565,18.89518,1.09247,1,0.50716,0.92380,15.93629,1.09136,1,
0,Game,5655,92.89600,11068021867,0.28443,0.99731,92.66577,0.23022,211,1,0.50258,3.27842,0,0.63906,0.99902,0,,0.14810,0.96480,10.03528,1.08145,0,0.49901,0.91437,12.58146,1.07470,0,
0,Game,5690,93.47119,11069815172,0.33770,0.32682,93.20801,0.26318,212,1,0.26962,0.72298,1,0.63906,0.99902,0,,0.13305,0.96909,18.30338,1.06435,1,0.48578,0.91341,14.13756,1.06324,1,
0,Game,5734,94.19385,11072067980,0.29858,0.78400,93.53662,0.65723,213,1,0.41694,0.73764,1,0.63906,0.99902,0,,0.14224,0.96922,17.51839,1.09247,1,0.49810,0.91516,14.67432,1.08572,1,
0,Game,5759,94.60425,11073347198,0.52330,0.71491,94.25928,0.34497,214,1,0.59385,0.75619,1,0.63906,0.99902,0,,0.14582,0.96827,17.76735,1.02970,1,0.50158,0.91468,14.30344,1.02295,1,
0,Game,5773,94.83496,11074066047,0.43881,0.73377,94.62085,0.21411,215,1,0.41226,0.75004,1,0.63906,0.99902,0,,0.13924,0.97027,16.97736,1.09273,1,0.49517,0.91421,14.26712,1.09162,1,
0,Game,5796,95.21216,11075242138,0.43632,0.73091,94.85059,0.36157,216,1,0.50295,0.73823,1,0.63906,0.99902,0,,0.13876,0.97238,17.35891,1.11867,1,0.49482,0.91426,14.61613,1.11756,1,
0,Game,5823,95.65601,11076625439,0.47544,0.70127,95.22876,0.42725,217,1,0.49975,0.49060,1,0.63906,0.99902,0,,0.13658,0.96834,16.55478,1.09837,1,0.49105,0.91027,14.49056,1.09162,1,
0,Game,5844,96.00073,11077699973,0.49809,0.52877,95.72144,0.27930,218,1,0.51540,0.67447,1,0.63906,0.99902,0,,0.13514,0.97641,18.05895,1.08974,1,0.49043,0.91683,14.48554,1.08871,1,
0,Game,5889,96.73975,11080003922,0.50354,0.66392,96.06616,0.67358,219,1,0.45548,0.57126,1,0.63906,0.99902,0,,0.13709,0.97243,18.08410,1.08909,1,0.49226,0.91398,15.10322,1.08121,1,
0,Game,5916,97.18335,11081386808,0.47391,0.57099,96.75635,0.42700,220,1,0.55267,0.66968,1,0.63906,0.99902,0,,0.14201,0.97285,18.44076,1.08145,1,0.49771,0.91598,13.73781,1.07470,1,
0,Game,5947,97.69287,11082975033,0.53621,0.63979,97.24902,0.44385,221,1,0.51003,0.63983,1,0.63906,0.99902,0,,0.13768,0.97118,18.05885,1.10739,1,0.49315,0.91215,14.29032,1.10064,1,
0,Game,5962,97.93921,11083742642,0.45084,0.54915,97.70898,0.23022,222,1,0.38995,0.48476,1,0.63906,0.99902,0,,0.12842,0.97204,17.29224,1.15026,1,0.48354,0.90879,14.82847,1.14351,1,
0,Game,5976,98.16919,11084459568,0.34317,0.59125,97.95557,0.21362,223,1,0.32956,0.60164,1,0.63906,0.99902,0,,0.12365,0.97666,17.44040,1.11867,1,0.47902,0.91195,15.10859,1.11756,1,
0,Game,5990,98.39941,11085177817,0.28746,0.73760,98.18555,0.21387,224,1,0.24487,0.81551,1,0.63906,0.99902,0,,0.12513,0.98007,18.29459,1.05837,1,0.48049,0.91646,15.91713,1.06299,1,
0,Game,6003,98.61255,11085841751,0.44241,0.68003,98.41553,0.19702,225,1,0.57579,0.64370,1,0.63906,0.99902,0,,0.13592,0.97265,18.16564,1.07555,1,0.49130,0.91074,14.63237,1.07444,1,
0,Game,6056,99.48340,11088556562,0.55208,0.61636,98.63062,0.85278,226,1,0.58702,0.57707,1,0.63906,0.99902,0,,0.14321,0.96928,17.37999,1.06965,1,0.49840,0.91414,13.94461,1.06863,1,
0,Game,6089,100.02515,11090245396,0.55181,0.54730,99.49951,0.52563,227,1,0.60883,0.56936,1,0.63906,0.99902,0,,0.14165,0.97094,18.11913,1.06435,1,0.49663,0.91643,15.03164,1.06324,1,
0,Game,6143,100.91235,11093010884,0.57078,0.56217,100.38672,0.52563,228,1,0.45493,0.49946,1,0.63906,0.99902,0,,0.14559,0.96757,17.73142,1.08709,1,0.50068,0.91616,14.60084,1.08034,1,
0,Game,6169,101.33936,11094342170,0.47815,0.55856,100.92896,0.41040,229,1,0.46236,0.52086,1,0.63906,0.99902,0,,0.13568,0.97069,17.42063,1.10965,1,0.49069,0.91416,14.16412,1.10854,1,
0,Game,6188,101.65186,11095316006,0.43367,0.53744,101.35596,0.29590,230,1,0.33953,0.63908,1,0.63906,0.99902,0,,0.13020,0.97647,17.81631,1.12965,1,0.48507,0.91788,14.95805,1.12854,1,
0,Game,6205,101.93091,11096186077,0.29439,0.74374,101.71729,0.21362,231,1,0.24117,0.84537,1,0.63906,0.99902,0,,0.12900,0.97837,17.88212,1.08418,1,0.48375,0.92258,15.07053,1.08307,1,
0,Game,6219,102.16089,11096903076,0.34922,0.71031,101.94751,0.21338,232,1,0.56312,0.50811,1,0.63906,0.99902,0,,0.14176,0.96773,17.86891,1.09030,1,0.49585,0.91451,15.52724,1.09491,1,
0,Game,6252,102.70288,11098592551,0.58700,0.46781,102.22656,0.47632,233,1,0.62831,0.43090,1,0.63906,0.99902,0,,0.14306,0.96404,16.86008,1.10965,1,0.49755,0.91070,14.23173,1.10854,1,
0,Game,6282,103.19580,11100128849,0.59728,0.44536,102.71924,0.47656,234,1,0.53269,0.39241,1,0.63906,0.99902,0,,0.14174,0.96348,17.81313,1.09837,1,0.49647,0.90914,15.08513,1.09162,1,
0,Game,6300,103.49121,11101050318,0.53702,0.45084,103.21216,0.27905,235,1,0.48954,0.55197,1,0.63906,0.99902,0,,0.13961,0.96717,17.83589,1.05299,1,0.49434,0.91204,15.36941,1.04623,1,
0,Game,6317,103.77075,11101921778,0.51023,0.48726,103.50781,0.26294,236,1,0.52128,0.40118,1,0.63906,0.99902,0,,0.14005,0.96304,18.16526,1.08225,1,0.49422,0.90684,15.46109,1.07067,1,
0,Game,6332,104.01709,11102689251,0.49273,0.52039,103.78711,0.22998,237,1,0.28176,0.73313,1,0.63906,0.99902,0,,0.13283,0.96211,18.25865,1.06965,1,0.48679,0.90535,15.31614,1.06863,1,
0,Game,6360,104.47705,11104122799,0.31397,0.75782,104.08301,0.39404,238,1,0.36226,0.60747,1,0.63906,0.99902,0,,0.12942,0.90025,17.34909,1.08145,1,0.48480,0.84105,15.02366,1.07469,1,
0,Game,6430,105.62695,11107707543,0.35545,0.58557,104.54297,1.08398,239,1,0.42231,0.56466,1,0.63906,0.99902,0,,0.13209,0.94663,17.56502,1.06444,1,0.48790,0.88782,15.95122,1.06333,1,
0,Game,6449,105.93945,11108681637,0.58270,0.43003,105.69263,0.24683,240,1,0.56197,0.36721,1,0.63906,0.99902,0,,0.14174,0.94454,17.73167,1.09021,1,0.49421,0.88997,16.10922,1.08919,1,
0,Game,6479,106.43213,11110217215,0.58834,0.35183,105.95557,0.47656,241,1,0.53929,0.41406,1,0.63906,0.99902,0,,0.13716,0.95563,17.48029,1.10739,1,0.49020,0.89809,15.05271,1.09387,1,
0,Game,6501,106.79346,11111343748,0.29918,0.70606,106.49780,0.29565,242,1,0.46709,0.43234,1,0.63906,0.99902,0,,0.13602,0.95982,17.26902,1.08119,1,0.48858,0.90278,14.91542,1.08008,1,
0,Game,6522,107.13843,11112419218,0.44657,0.50538,106.85913,0.27930,243,1,0.37168,0.66317,1,0.63906,0.99902,0,,0.13287,0.96479,17.91932,1.08692,1,0.48672,0.90630,14.90204,1.09153,1,
0,Game,6542,107.46680,11113442721,0.37023,0.63589,107.20410,0.26270,244,1,0.27534,0.64271,1,0.63906,0.99902,0,,0.12673,0.96730,18.38046,1.12996,1,0.48064,0.90614,14.89723,1.12884,1,
0,Game,6590,108.25513,11115900638,0.28253,0.63656,107.48340,0.77173,245,1,0.29126,0.57952,1,0.63906,0.99902,0,,0.11812,0.97126,18.14353,1.12319,1,0.47190,0.90339,14.93658,1.12208,1,
0,Game,6625,108.83032,11117693396,0.31787,0.60383,108.27173,0.55859,246,1,0.27474,0.63965,1,0.63906,0.99902,0,,0.12447,0.96981,18.03645,1.09273,1,0.47807,0.90541,14.63105,1.09162,1,
0,Game,6642,109.10938,11118563542,0.33801,0.59777,108.84668,0.26270,247,1,0.36633,0.60920,1,0.63906,0.99902,0,,0.12637,0.96944,18.09171,1.05549,1,0.48009,0.90515,15.33836,1.05446,1,
0,Game,6675,109.65186,11120254326,0.44078,0.52552,109.12622,0.52563,248,1,0.44832,0.45234,1,0.63906,0.99902,0,,0.12932,0.96656,17.93599,1.09837,1,0.48314,0.90149,14.96068,1.09162,1,
0,Game,6691,109.91504,11121074556,0.45158,0.39609,109.66797,0.24707,249,1,0.47137,0.33581,1,0.63906,0.99902,0,,0.12853,0.95997,17.58267,1.04115,1,0.48127,0.89479,15.38301,1.04004,1,
0,Game,6720,110.39087,11122558193,0.47140,0.32969,109.93091,0.45996,250,1,0.44318,0.41668,1,0.63906,0.99902,0,,0.13000,0.95577,16.89108,1.02108,1,0.48397,0.89491,15.42759,1.01433,1,
0,Game,6760,111.04785,11124606185,0.43757,0.45868,110.70313,0.34473,251,1,0.34835,0.57991,1,0.63906,0.99902,0,,0.13126,0.96396,18.92486,1.07555,1,0.48632,0.90607,16.55475,1.06880,1,
0,Game,6783,111.42651,11125786091,0.34859,0.56507,111.11377,0.31274,252,1,0.41707,0.44518,1,0.63906,0.99902,0,,0.13005,0.96465,16.36674,1.09273,1,0.48544,0.90708,15.45636,1.09162,1,
0,Game,6808,111.83667,11127064997,0.40109,0.49399,111.44238,0.39429,253,1,0.41341,0.62608,1,0.63906,0.99902,0,,0.13322,0.96817,18.29817,1.04815,1,0.48873,0.90943,14.81081,1.04704,1,
0,Game,6832,112.23071,11128293441,0.37170,0.61697,111.90234,0.32837,254,1,0.32981,0.75073,1,0.63906,0.99902,0,,0.13213,0.97277,18.89818,1.06444,1,0.48832,0.91611,16.16198,1.06333,1,
0,Game,6886,113.11768,11131058372,0.33522,0.73086,112.29663,0.82104,255,1,0.36598,0.74984,1,0.63906,0.99902,0,,0.13756,0.97408,16.93287,1.07017,1,0.49485,0.91973,14.06695,1.05858,1,
0,Game,6906,113.44653,11132083227,0.38961,0.20748,113.23315,0.21338,256,1,0.38852,0.14218,1,0.63906,0.99902,0,,0.13828,0.95728,17.21446,1.08102,1,0.49271,0.90419,14.83099,1.08564,1,
0,Game,6937,113.95557,11133670219,0.39630,0.17470,113.46265,0.49292,257,1,0.36923,0.22527,1,0.63906,0.99902,0,,0.13917,0.96066,17.54179,1.05290,1,0.49434,0.90766,16.03856,1.05752,1,
0,Game,6966,114.43188,11135154767,0.35041,0.72597,114.02148,0.41040,258,1,0.34620,0.75569,1,0.63906,0.99902,0,,0.13971,0.97134,18.14066,1.08102,1,0.49647,0.91768,15.17806,1.08563,1,
0,Game,6987,114.77686,11136230569,0.32384,0.76580,114.44849,0.32837,259,1,0.28693,0.86243,1,0.63906,0.99902,0,,0.13725,0.97494,17.94336,1.06991,1,0.49331,0.92167,15.73351,1.06316,1,
0,Game,7007,115.10547,11137254557,0.29562,0.82324,114.79346,0.31201,260,1,0.44804,0.71537,1,0.63906,0.99902,0,,0.14095,0.97152,17.33265,1.08709,1,0.49725,0.91710,15.02299,1.08034,1,
0,Game,7029,115.46704,11138381470,0.42229,0.71264,115.17114,0.29590,261,1,0.34428,0.75875,1,0.63906,0.99902,0,,0.13742,0.97299,17.28156,1.06427,1,0.49416,0.91750,15.02383,1.06316,1,
0,Game,7061,115.99268,11140020342,0.35211,0.68266,115.48315,0.50952,262,1,0.33278,0.61937,1,0.63906,0.99902,0,,0.13410,0.97315,17.20249,1.07581,1,0.49091,0.91428,14.61091,1.07469,1,
0,Game,7076,116.23877,11140787515,0.31695,0.71242,116.00903,0.22974,263,1,0.31758,0.74090,1,0.63906,0.99902,0,,0.13392,0.97606,17.48890,1.08709,1,0.49045,0.91870,15.60798,1.08034,1,
0,Game,7096,116.56763,11141812806,0.32611,0.74895,116.25537,0.31226,264,1,0.45708,0.63348,1,0.63906,0.99902,0,,0.13594,0.97589,17.80560,1.06982,1,0.49219,0.91695,15.19037,1.06880,1,
0,Game,7121,116.97803,11143091835,0.45319,0.70331,116.58398,0.39404,265,1,0.52537,0.67100,1,0.63906,0.99902,0,,0.13855,0.97412,17.69271,1.10626,1,0.49451,0.91532,14.11945,1.10515,1,
0,Game,7147,117.40552,11144424237,0.51245,0.66846,116.99512,0.41040,266,1,0.47458,0.58922,1,0.63906,0.99902,0,,0.13682,0.97245,17.02777,1.09377,1,0.49198,0.91201,13.98477,1.09839,1,
0,Game,7171,117.79956,11145652695,0.50020,0.55973,117.47095,0.32861,267,1,0.57562,0.65960,1,0.63906,0.99902,0,,0.14035,0.97454,16.80751,1.07581,1,0.49595,0.91494,14.24008,1.07469,1,
0,Game,7182,117.98022,11146216242,0.51925,0.53468,117.81592,0.16431,268,1,0.08617,-0.20659,0,0.63906,0.99902,0,,0.14135,0.96342,15.67965,1.10965,0,0.48821,0.90531,10.41483,1.10854,0,
0,Game,7221,118.62085,11148213090,0.38549,0.64472,118.19385,0.42700,269,1,0.43014,0.45687,1,0.63906,0.99902,0,,0.13415,0.97085,16.25846,1.10965,1,0.48967,0.91149,14.59986,1.10854,1,
0,Game,7258,119.22876,11150107948,0.38801,0.23218,118.73608,0.49268,270,1,0.38240,0.45822,1,0.63906,0.99902,0,,0.13655,0.97350,16.61231,1.04145,1,0.49116,0.91658,14.83491,1.04034,1,
0,Game,7298,119.88599,11152156336,0.41481,0.61430,119.29590,0.59009,271,1,0.38330,0.58640,1,0.63906,0.99902,0,,0.14005,0.97656,16.69994,1.09273,1,0.49686,0.92202,14.45619,1.09162,1,
0,Game,7312,120.11621,11152874144,0.35995,0.64720,119.90234,0.21387,272,1,0.21021,0.82611,1,0.63906,0.99902,0,,0.13633,0.98338,18.01489,1.08136,1,0.49224,0.93034,15.92541,1.08034,1,
0,Game,7335,120.49365,11154050807,0.21833,0.77703,120.18164,0.31201,273,1,0.27610,0.76334,1,0.63906,0.99902,0,,0.13414,0.98209,18.38085,1.06652,1,0.49125,0.92743,16.14144,1.05300,1,
0,Game,7368,121.03589,11155741258,0.27938,0.70307,120.51001,0.52588,274,1,0.30275,0.61347,1,0.63906,0.99902,0,,0.13137,0.98104,17.09727,1.09247,1,0.48875,0.92305,14.59492,1.09136,1,
0,Game,7403,121.61060,11157532652,0.28268,0.67137,121.05225,0.55835,275,1,0.31770,0.72850,1,0.63906,0.99902,0,,0.12790,0.98239,17.14467,1.05299,1,0.48511,0.92191,14.98128,1.04623,1,
0,Game,7418,121.85718,11158301030,0.37486,0.66428,121.62720,0.22998,276,1,0.42691,0.58331,1,0.63906,0.99902,0,,0.13323,0.98098,17.69032,1.12431,1,0.49022,0.92098,14.66867,1.11756,1,
0,Game,7437,122.16895,11159273630,0.44855,0.60858,121.87354,0.29541,277,1,0.48458,0.30692,1,0.63906,0.99902,0,,0.13315,0.97098,17.27155,1.06410,1,0.48810,0.91076,16.12423,1.06871,1,
0,Game,7456,122.48120,11160246553,0.49763,0.35918,122.23486,0.24634,278,1,0.46721,0.58744,1,0.63906,0.99902,0,,0.13397,0.98021,18.26737,1.09924,1,0.48973,0.91868,15.38940,1.09813,1,
0,Game,7478,122.84302,11161374666,0.43335,0.58727,122.54688,0.29614,279,1,0.28369,0.61950,1,0.63906,0.99902,0,,0.12956,0.98288,17.75727,1.09273,1,0.48585,0.92236,17.02232,1.09162,1,
0,Game,7508,123.33545,11162909439,0.29824,0.67668,122.90845,0.42700,280,1,0.32332,0.78428,1,0.63906,0.99902,0,,0.13124,0.98008,16.05330,1.04373,1,0.48881,0.92009,14.38064,1.04761,1,
0,Game,7544,123.92700,11164753617,0.27892,0.67267,123.69702,0.22998,281,1,0.24906,0.29434,1,0.63906,0.99902,0,,0.13362,0.96689,17.48376,1.09273,1,0.48881,0.90968,16.86173,1.09162,1,
0,Game,7562,124.22241,11165674742,0.28670,0.38530,123.99268,0.22974,282,1,0.27530,0.51561,1,0.63906,0.99902,0,,0.11189,0.96794,18.34782,1.02435,1,0.46665,0.90268,15.82334,1.02333,1,
0,Game,7585,124.60059,11166853321,0.19495,0.93858,124.28857,0.31201,283,1,0.12653,0.79358,1,0.42812,0.88281,0,,0.07803,0.98827,17.51552,1.13889,1,0.43117,0.88950,16.77069,1.14351,1,
0,Game,7617,125.12622,11168491467,0.18420,0.85503,124.61694,0.50928,284,1,0.30686,0.69925,1,0.26250,0.97852,0,,0.09415,0.98130,19.84409,1.10102,1,0.45057,0.89189,17.13279,1.10563,1,
0,Game,7638,125.47119,11169567390,0.51769,0.21460,125.19189,0.27930,285,1,0.51355,0.11240,1,0.55313,0.12207,0,,0.09557,0.92736,19.57458,1.09247,1,0.44779,0.85416,18.10135,1.09136,1,
0,Game,7665,125.91479,11170950227,0.52914,0.09702,125.48755,0.42725,286,1,0.54066,0.06903,1,0.52266,0.07031,0,,0.11278,0.91424,18.51436,1.07555,1,0.46615,0.85437,17.29783,1.07444,1,
0,Game,7675,126.07935,11171462932,0.53101,0.10764,125.93115,0.14819,287,1,0.53589,0.10670,1,0.52031,0.07227,0,,0.11971,0.91484,18.19333,1.06965,1,0.47350,0.85726,17.10326,1.06854,1,