MEDIA_ID,MEDIA_NAME,CNT,TIME(2015/11/18 16:22:57.100),TIMETICK(f=3117216),FPOGX,FPOGY,FPOGS,FPOGD,FPOGID,FPOGV,BPOGX,BPOGY,BPOGV,CX,CY,CS,USER,LPCX,LPCY,LPD,LPS,LPV,RPCX,RPCY,RPD,RPS,RPV,
0,Games,17,0.27911,55640020747,0.47365,0.00271,0.00000,0.27911,1,1,0.48846,-0.06179,1,0.50625,0.07227,0,,0.38782,0.73274,16.92819,1.09553,1,0.72970,0.73657,15.51145,1.10189,1,
0,Games,30,0.49261,55640686304,0.46064,0.10884,0.29547,0.19714,2,1,0.44991,0.29182,1,0.50937,0.08496,0,,0.38569,0.73946,16.91115,1.07742,1,0.72795,0.74228,15.04164,1.07203,1,
0,Games,47,0.77185,55641556721,0.47842,0.43397,0.55850,0.21335,3,1,0.47033,0.49840,1,0.50234,0.42383,0,,0.38276,0.74590,17.61727,1.05735,1,0.72596,0.74585,15.05800,1.05098,1,
0,Games,69,1.13400,55642685698,0.50118,0.47197,0.78821,0.34579,4,1,0.52780,0.54477,1,0.52734,0.59570,0,,0.38068,0.75249,17.65783,1.06371,1,0.72475,0.75071,14.25938,1.06371,1,
0,Games,103,1.69186,55644424674,0.57034,0.53834,1.15012,0.54175,5,1,0.55858,0.60209,1,0.54375,0.72559,0,,0.38016,0.75401,16.92405,1.05098,1,0.72454,0.75240,13.74492,1.05098,1,
0,Games,150,2.46408,55646831835,0.57949,0.55905,1.70822,0.75586,6,1,0.56196,0.49822,1,0.64297,0.99316,0,,0.37191,0.75659,17.02939,1.08916,1,0.71633,0.75131,14.20964,1.09553,1,
0,Games,177,2.90729,55648213437,0.55554,0.54839,2.48032,0.42697,7,1,0.45887,0.53982,1,0.61250,0.99902,0,,0.35722,0.76013,16.38861,1.07644,1,0.70124,0.74898,13.91256,1.07644,1,
0,Games,196,3.21954,55649186822,0.48621,0.61004,2.92401,0.29553,8,1,0.67338,1.00238,1,0.60469,0.99805,0,,0.36412,0.77259,17.31810,1.08916,1,0.70740,0.76427,13.64695,1.08916,1,
0,Games,215,3.53186,55650160226,0.59215,1.93369,3.33472,0.19714,9,1,0.19472,1.86780,1,0.60469,0.99805,0,,0.34203,0.79313,16.38114,1.00581,1,0.68297,0.78036,16.29414,1.00581,1,
0,Games,225,3.69592,55650671757,0.18940,1.79225,3.59747,0.09845,10,1,0.28907,1.16779,1,0.60469,0.99805,0,,0.33673,0.75859,16.90475,0.99175,1,0.68150,0.73808,14.10974,0.99714,1,
0,Games,248,4.07404,55651850312,0.38796,0.24913,3.81110,0.26294,11,1,0.39130,0.24772,1,0.60469,0.99805,0,,0.33428,0.71158,16.08138,1.03483,1,0.68161,0.69492,14.96918,1.03483,1,
0,Games,270,4.43506,55652975769,0.42717,0.24513,4.09045,0.34460,12,1,0.46266,0.30116,1,0.60469,0.99805,0,,0.30792,0.70029,15.80488,1.03483,1,0.65640,0.68391,14.03211,1.03483,1,
0,Games,288,4.73108,55653898454,0.43444,0.27680,4.45166,0.27942,13,1,0.44135,0.36063,1,0.60469,0.99805,0,,0.30000,0.73401,16.37693,1.03483,1,0.64624,0.69826,14.16867,1.02944,1,
0,Games,336,5.51959,55656356412,0.43520,0.34523,4.74731,0.77228,14,1,0.60870,0.67637,1,0.60469,0.99805,0,,0.37109,0.75161,18.00427,1.07007,1,0.71570,0.74566,14.42249,1.07007,1,
0,Games,356,5.84808,55657380384,0.80913,1.86366,5.63446,0.21362,15,1,0.78478,1.51841,1,0.60469,0.99805,0,,0.37616,0.77063,17.64773,1.06469,1,0.72075,0.76731,14.72355,1.06469,1,
0,Games,379,6.22632,55658559480,0.41393,0.44943,5.91382,0.31250,16,1,0.43164,0.44427,1,0.60469,0.99805,0,,0.37114,0.74759,15.10170,1.07007,1,0.71595,0.74615,14.19615,1.07007,1,
0,Games,397,6.52155,55659479804,0.38875,0.44692,6.24219,0.27936,17,1,0.31348,0.41407,1,0.60469,0.99805,0,,0.37102,0.74882,16.41312,1.08916,1,0.71590,0.74864,14.38546,1.08916,1,
0,Games,412,6.76801,55660247972,0.33444,0.50881,6.53778,0.23022,18,1,0.27063,0.79895,0,0.60469,0.99805,0,,0.37290,0.73336,18.99083,1.01868,0,0.71097,0.73126,20.90386,1.01868,0,
0,Games,453,7.44141,55662347258,0.29099,0.63295,7.03082,0.41058,19,1,0.33374,0.67228,1,0.60469,0.99805,0,,0.37603,0.75078,16.65952,1.07742,1,0.72139,0.75280,12.66372,1.07203,1,
0,Games,471,7.73718,55663269221,0.44047,0.84488,7.50702,0.23016,20,1,0.62713,0.56204,1,0.60469,0.99805,0,,0.38080,0.75099,16.83307,1.06665,1,0.72570,0.75267,13.53635,1.07203,1,
0,Games,488,8.01642,55664139606,0.59382,0.40612,7.80292,0.21350,21,1,0.57296,0.26388,1,0.60469,0.99805,0,,0.39157,0.74145,16.56027,1.06028,1,0.73564,0.75192,13.35955,1.06028,1,
0,Games,505,8.29565,55665010127,0.58212,0.27606,8.03278,0.26288,22,1,0.58794,0.22394,1,0.60469,0.99805,0,,0.39369,0.74191,15.77269,1.07203,1,0.73836,0.75430,13.18587,1.06665,1,
0,Games,523,8.59137,55665931976,0.56687,0.31354,8.31213,0.27924,23,1,0.39526,0.79393,1,0.60469,0.99805,0,,0.38300,0.75642,15.15139,1.04756,1,0.72562,0.76276,11.37548,1.05392,1,
0,Games,544,8.93658,55667007981,0.36361,0.87360,8.65717,0.27942,24,1,0.28811,0.89485,1,0.60469,0.99805,0,,0.37986,0.75963,15.79097,1.07007,1,0.72469,0.76624,13.64994,1.07007,1,
0,Games,565,9.28125,55668082398,0.32163,0.83935,8.95331,0.32794,25,1,0.40602,0.80520,1,0.60469,0.99805,0,,0.37842,0.75964,15.56172,1.07203,1,0.72408,0.76322,12.51164,1.07742,1,
0,Games,581,9.54431,55668902354,0.37582,0.74183,9.29779,0.24652,26,1,0.32169,0.40969,1,0.60469,0.99805,0,,0.37659,0.74944,14.83308,1.03483,1,0.71983,0.75308,13.17170,1.03483,1,
0,Games,617,10.13550,55670745301,0.35795,0.25509,9.65924,0.47626,27,1,0.30597,0.39364,1,0.60469,0.99805,0,,0.37311,0.75259,14.98242,1.09553,1,0.71692,0.75440,13.37142,1.08916,1,
0,Games,647,10.62854,55672282191,0.33692,0.88110,10.20123,0.42731,28,1,0.32162,0.83334,1,0.60469,0.99805,0,,0.36992,0.76549,16.53724,1.09014,1,0.71551,0.76434,13.72836,1.09553,1,
0,Games,682,11.20337,55674074061,0.34057,0.86601,10.64459,0.55878,29,1,0.32653,0.87960,1,0.60469,0.99805,0,,0.36958,0.76614,15.37263,1.08916,1,0.71584,0.76520,12.15611,1.08916,1,
0,Games,701,11.51550,55675047067,0.33478,0.86234,11.21960,0.29590,30,1,0.34611,0.87616,1,0.60469,0.99805,0,,0.36861,0.76881,15.36456,1.08916,1,0.71542,0.76842,12.31100,1.08916,1,
0,Games,739,12.13977,55676992985,0.34176,0.86071,11.53174,0.60803,31,1,0.33081,0.91966,1,0.60469,0.99805,0,,0.36411,0.77349,16.56874,1.07007,1,0.70950,0.76977,14.07910,1.07007,1,
0,Games,760,12.48462,55678067998,0.35179,0.84212,12.15613,0.32849,32,1,0.33846,0.79492,1,0.60469,0.99805,0,,0.35997,0.77177,17.47620,1.01867,1,0.70518,0.76510,14.30361,1.01867,1,
0,Games,767,12.59967,55678426551,0.35792,0.68672,12.50208,0.09760,33,1,0.37295,0.38946,1,0.60469,0.99805,0,,0.36037,0.76044,16.62931,1.04560,1,0.70469,0.75320,13.30027,1.04560,1,
0,Games,800,13.14178,55680116496,0.35706,0.17550,12.66522,0.47656,34,1,0.36985,0.22657,1,0.60469,0.99805,0,,0.35933,0.75725,16.15737,1.05735,1,0.70298,0.74978,13.91262,1.05098,1,
0,Games,822,13.50366,55681244464,0.40349,0.88378,13.20764,0.29602,35,1,0.37767,0.80982,1,0.60469,0.99805,0,,0.35752,0.77231,16.04614,1.05098,1,0.70236,0.76375,12.77580,1.05098,1,
0,Games,854,14.02899,55682882064,0.37783,0.81259,13.52008,0.50891,36,1,0.50776,0.84412,1,0.60469,0.99805,0,,0.35843,0.77411,14.96945,1.11462,1,0.70332,0.76475,12.18953,1.11462,1,
0,Games,878,14.42328,55684111153,0.48478,0.82501,14.04547,0.37781,37,1,0.60050,0.82787,1,0.60469,0.99805,0,,0.35957,0.77399,15.48690,1.07644,1,0.70426,0.76378,12.73186,1.07007,1,
0,Games,892,14.65308,55684827616,0.51089,0.70621,14.43964,0.21344,38,1,0.43782,0.23028,1,0.60469,0.99805,0,,0.35768,0.75870,15.05975,1.10189,1,0.69998,0.74964,13.02497,1.10826,1,
0,Games,912,14.98145,55685851174,0.43936,0.32362,14.71887,0.26257,39,1,0.49421,0.75658,1,0.60469,0.99805,0,,0.35902,0.77140,14.96496,1.05098,1,0.70142,0.76119,12.46608,1.05098,1,
0,Games,962,15.80298,55688411961,0.48907,0.82995,15.04724,0.75574,40,1,0.46613,0.83044,1,0.60469,0.99805,0,,0.35208,0.77606,15.85221,1.10571,1,0.69652,0.76202,12.87527,1.11207,1,
0,Games,975,16.01660,55689077895,0.48364,0.65109,15.81964,0.19696,41,1,0.50774,0.19199,1,0.60469,0.99805,0,,0.36047,0.75983,15.12786,1.08280,1,0.70209,0.75022,13.07332,1.08280,1,
0,Games,995,16.34509,55690101910,0.50123,0.27600,16.08234,0.26276,42,1,0.51362,0.29247,1,0.60469,0.99805,0,,0.36376,0.76176,15.16437,1.02944,1,0.70704,0.75374,12.82184,1.04119,1,
0,Games,1026,16.85431,55691689281,0.58376,0.80493,16.41071,0.44360,43,1,0.63570,0.79584,1,0.60469,0.99805,0,,0.36507,0.77805,16.36735,1.10189,1,0.70960,0.76860,13.45683,1.10189,1,
0,Games,1044,17.15009,55692611210,0.61117,0.82102,16.87097,0.27911,44,1,0.50986,0.73990,1,0.60469,0.99805,0,,0.35966,0.77761,16.56673,1.12353,1,0.70373,0.76630,13.38697,1.12353,1,
0,Games,1072,17.61066,55694046892,0.52537,0.79990,17.16632,0.44434,45,1,0.49820,0.77121,1,0.60469,0.99805,0,,0.35567,0.77769,16.05338,1.11207,1,0.70061,0.76534,12.87082,1.11207,1,
0,Games,1087,17.85657,55694813557,0.52806,0.69899,17.62628,0.23029,46,1,0.54540,0.61148,1,0.60469,0.99805,0,,0.35718,0.77343,15.80050,1.11462,1,0.70143,0.75994,12.61606,1.10825,1,
0,Games,1111,18.25067,55696042040,0.50372,0.64820,17.87280,0.37787,47,1,0.55708,0.76811,1,0.60469,0.99805,0,,0.35409,0.77790,16.01857,1.06371,1,0.69842,0.76339,12.67741,1.05735,1,
0,Games,1133,18.61194,55697168194,0.53023,0.72638,18.26709,0.34485,48,1,0.54051,0.79179,1,0.60469,0.99805,0,,0.35387,0.77707,15.77021,1.07007,1,0.69826,0.76249,12.42511,1.07007,1,
0,Games,1165,19.13794,55698807856,0.55716,0.78366,18.62860,0.50934,49,1,0.57458,0.71955,1,0.60469,0.99805,0,,0.35429,0.77635,15.25593,1.07839,1,0.69834,0.76010,12.33487,1.07839,1,
0,Games,1178,19.35144,55699473352,0.54642,0.56203,19.15417,0.19727,50,1,0.52005,0.25082,1,0.60469,0.99805,0,,0.35442,0.76394,14.75613,1.05490,1,0.69618,0.75025,12.69140,1.05490,1,
0,Games,1198,19.67999,55700497448,0.50992,0.34194,19.41724,0.26276,51,1,0.33430,0.66983,1,0.60469,0.99805,0,,0.35067,0.77160,14.95393,1.02406,1,0.69219,0.75685,11.78706,1.01867,1,
0,Games,1222,20.07428,55701726685,0.39548,0.80207,19.74542,0.32886,52,1,0.44363,0.68064,1,0.60469,0.99805,0,,0.34823,0.77780,15.07716,1.09298,1,0.69213,0.75973,12.67011,1.09298,1,
0,Games,1239,20.35352,55702597019,0.31574,0.76204,20.09058,0.26294,53,1,0.35473,0.87961,1,0.60469,0.99805,0,,0.34478,0.77960,15.76848,1.07007,1,0.68837,0.76095,12.90382,1.06371,1,
0,Games,1254,20.59979,55703364808,0.39817,0.77913,20.36981,0.22998,54,1,0.54994,0.72349,1,0.60469,0.99805,0,,0.34972,0.77798,15.74692,1.03483,1,0.69352,0.75901,12.64680,1.03483,1,
0,Games,1288,21.15845,55705106213,0.52615,0.66131,20.66553,0.49292,55,1,0.51995,0.40926,1,0.60469,0.99805,0,,0.35470,0.77255,15.34491,1.07007,1,0.69691,0.75653,13.29799,1.07007,1,
0,Games,1309,21.50330,55706181122,0.53104,0.38382,21.22388,0.27942,56,1,0.61267,0.80308,1,0.60469,0.99805,0,,0.35737,0.78265,16.39328,1.09553,1,0.69919,0.76703,12.53065,1.08916,1,
0,Games,1333,21.89764,55707410458,0.57367,0.75398,21.56921,0.32843,57,1,0.57732,0.59244,1,0.60469,0.99805,0,,0.35793,0.77625,17.13397,1.07644,1,0.70058,0.76214,12.50985,1.07644,1,
0,Games,1361,22.35754,55708843982,0.55010,0.57545,21.96356,0.39398,58,1,0.57406,0.35528,1,0.60469,0.99805,0,,0.36257,0.76391,16.47740,1.07105,1,0.70524,0.75404,13.02873,1.07741,1,
0,Games,1397,22.94891,55710687422,0.53386,0.14484,22.42334,0.52557,59,1,0.55724,0.26556,1,0.60469,0.99805,0,,0.36254,0.76367,15.92241,1.05734,1,0.70524,0.75398,13.74312,1.05734,1,
0,Games,1420,23.32684,55711865481,0.59944,0.67897,23.01471,0.31213,60,1,0.62115,0.67531,1,0.60469,0.99805,0,,0.36119,0.77569,16.90732,1.09406,1,0.70517,0.76404,14.28209,1.07467,1,
0,Games,1445,23.73749,55713145675,0.60908,0.69890,23.34314,0.39435,61,1,0.58639,0.74540,1,0.60469,0.99805,0,,0.35869,0.77647,16.23930,1.01965,1,0.70274,0.76316,13.27411,1.00790,1,
0,Games,1459,23.96735,55713862211,0.49806,0.75336,23.75391,0.21344,62,1,0.28279,0.81122,1,0.60469,0.99805,0,,0.35171,0.77926,15.55821,1.07203,1,0.69549,0.76503,12.74459,1.06567,1,
0,Games,1479,24.29590,55714886251,0.32570,0.79469,24.03314,0.26276,63,1,0.57826,0.50265,1,0.60469,0.99805,0,,0.35863,0.76973,14.48306,1.04755,1,0.70175,0.75755,12.37239,1.05294,1,
0,Games,1506,24.73950,55716269089,0.60487,0.37605,24.36176,0.37775,64,1,0.63397,0.39865,1,0.60469,0.99805,0,,0.35979,0.76736,15.50745,1.04560,1,0.70261,0.75471,12.81323,1.04021,1,
0,Games,1552,25.49512,55718624479,0.57680,0.38507,24.75598,0.73914,65,1,0.60641,0.69922,1,0.60469,0.99805,0,,0.35682,0.77818,16.06216,1.08280,1,0.69992,0.76368,12.61649,1.08916,1,
0,Games,1588,26.08649,55720467940,0.62232,0.66602,25.56085,0.52563,66,1,0.41103,0.73572,1,0.60469,0.99805,0,,0.34950,0.78339,15.22582,1.04755,1,0.69242,0.76602,12.03214,1.05392,1,
0,Games,1620,26.61243,55722107407,0.33720,0.80458,26.15240,0.46002,67,1,0.36867,0.92488,1,0.60469,0.99805,0,,0.34349,0.78322,15.23559,1.06371,1,0.68740,0.76425,12.84811,1.06371,1,
0,Games,1645,27.02313,55723387617,0.37906,0.77229,26.62872,0.39441,68,1,0.36667,0.80984,1,0.60469,0.99805,0,,0.34478,0.78270,16.07587,1.08280,1,0.68871,0.76315,13.22784,1.08916,1,
0,Games,1671,27.45007,55724718617,0.37201,0.76867,27.03949,0.41058,69,1,0.52060,0.62462,1,0.60469,0.99805,0,,0.34638,0.77932,15.56175,1.12098,1,0.68858,0.75812,11.97243,1.11462,1,
0,Games,1711,28.10712,55726766693,0.49653,0.60600,27.51575,0.59137,70,1,0.39716,0.73422,1,0.60469,0.99805,0,,0.34190,0.78067,15.41717,1.08280,1,0.68506,0.75912,12.55675,1.08916,1,
0,Games,1743,28.63281,55728405448,0.32800,0.79311,28.17297,0.45984,71,1,0.36633,0.94097,1,0.60469,0.99805,0,,0.34642,0.78019,9.80731,1.07007,1,0.69067,0.76198,8.27095,1.07007,1,
0,Games,1780,29.24066,55730300100,0.59072,0.54487,28.99420,0.24646,72,1,0.62212,0.59231,1,0.60469,0.99805,0,,0.35444,0.77557,15.88911,1.08280,1,0.69756,0.75821,12.23558,1.07643,1,
0,Games,1813,29.78271,55731989900,0.56670,0.53138,29.25726,0.52545,73,1,0.54341,0.53333,1,0.60469,0.99805,0,,0.35925,0.77278,15.62289,1.05098,1,0.70231,0.75997,12.25262,1.05098,1,
0,Games,1828,30.02917,55732758245,0.49465,0.60668,29.79938,0.22980,74,1,0.32918,0.71576,1,0.60469,0.99805,0,,0.34954,0.77762,15.88678,1.06224,1,0.69222,0.76316,12.20618,1.06762,1,
0,Games,1848,30.35767,55733782222,0.28870,0.77123,30.09485,0.26282,75,1,0.28510,0.78963,1,0.60469,0.99805,0,,0.34612,0.78091,15.99959,1.07007,1,0.68955,0.76546,12.56394,1.07007,1,
0,Games,1867,30.66980,55734755188,0.32176,0.79671,30.37408,0.29572,76,1,0.31901,0.81342,1,0.60469,0.99805,0,,0.34561,0.78006,15.53706,1.07643,1,0.68904,0.76348,11.43845,1.08280,1,
0,Games,1881,30.89984,55735472258,0.36516,0.67522,30.68622,0.21362,77,1,0.40984,0.63357,1,0.60469,0.99805,0,,0.34778,0.77760,14.38337,1.10189,1,0.69146,0.76046,11.22463,1.09552,1,
0,Games,1894,31.11353,55736138307,0.51278,0.52937,30.91638,0.19714,78,1,0.56736,0.47599,1,0.60469,0.99805,0,,0.35672,0.77095,14.23192,1.15025,1,0.69935,0.75705,11.37162,1.15025,1,
0,Games,1929,31.68829,55737930037,0.56730,0.45071,31.12994,0.55835,79,1,0.63111,0.49557,1,0.60469,0.99805,0,,0.36324,0.76769,13.73813,1.08280,1,0.70633,0.75767,10.52464,1.07643,1,
0,Games,1944,31.93481,55738698405,0.53294,0.54706,31.70490,0.22992,80,1,0.44247,0.70670,1,0.60469,0.99805,0,,0.35377,0.77404,14.50215,1.09552,1,0.69707,0.76045,11.55190,1.09552,1,
0,Games,1960,32.19781,55739518202,0.45080,0.61170,32.00061,0.19720,81,1,0.59865,0.46159,1,0.60469,0.99805,0,,0.35613,0.76884,14.35511,1.08475,1,0.69857,0.75519,12.08611,1.09650,1,
0,Games,1986,32.62469,55740848881,0.53448,0.46026,32.26331,0.36139,82,1,0.41895,0.68783,1,0.60469,0.99805,0,,0.35120,0.77469,14.56073,1.08280,1,0.69414,0.75895,11.47946,1.08280,1,
0,Games,2007,32.96967,55741924374,0.40884,0.74234,32.69067,0.27899,83,1,0.42871,0.66241,1,0.60469,0.99805,0,,0.34925,0.77567,14.82245,1.08916,1,0.69261,0.75929,11.66077,1.08916,1,
0,Games,2027,33.29846,55742949210,0.42156,0.63996,32.98608,0.31238,84,1,0.34704,0.75266,1,0.60469,0.99805,0,,0.34460,0.77893,14.73599,1.08701,1,0.68800,0.76118,12.16192,1.08701,1,
0,Games,2064,33.90588,55744842762,0.32193,0.72184,33.36407,0.54181,85,1,0.39092,0.69439,1,0.60469,0.99805,0,,0.34421,0.78147,14.85097,1.08916,1,0.68728,0.76203,11.70333,1.09552,1,
0,Games,2083,34.21814,55745816122,0.39401,0.70332,33.92261,0.29553,86,1,0.43208,0.71787,1,0.60469,0.99805,0,,0.34333,0.78087,15.57032,1.06371,1,0.68664,0.76088,12.54031,1.07007,1,
0,Games,2100,34.49744,55746686721,0.40188,0.74313,34.23444,0.26300,87,1,0.45179,0.83371,1,0.60469,0.99805,0,,0.34952,0.78075,14.97500,1.10825,1,0.69295,0.76359,11.45723,1.10189,1,
0,Games,2124,34.89178,55747915979,0.42842,0.75490,34.51379,0.37799,88,1,0.37261,0.62158,1,0.60469,0.99805,0,,0.35177,0.77737,15.59589,1.10189,1,0.69492,0.76190,12.20340,1.09552,1,
0,Games,2141,35.17102,55748786440,0.40282,0.65537,34.90790,0.26312,89,1,0.45405,0.56102,1,0.60469,0.99805,0,,0.35184,0.77473,15.38258,1.12480,1,0.69524,0.75937,11.16102,1.11843,1,
0,Games,2163,35.53217,55749912088,0.45145,0.66256,35.18726,0.34491,90,1,0.48459,0.68301,1,0.60469,0.99805,0,,0.34922,0.77712,15.61691,1.12098,1,0.69299,0.75999,12.12698,1.11461,1,
0,Games,2177,35.76233,55750629602,0.47453,0.74783,35.54895,0.21338,91,1,0.46686,0.81578,1,0.60469,0.99805,0,,0.34674,0.78047,14.69614,1.07007,1,0.69061,0.76160,12.05749,1.07007,1,
0,Games,2220,36.46863,55752831390,0.46732,0.76499,35.77930,0.68933,92,1,0.44672,0.77780,1,0.60469,0.99805,0,,0.34490,0.78147,14.70910,1.10189,1,0.68879,0.76208,11.24798,1.09552,1,
0,Games,2243,36.84650,55754009288,0.42424,0.80825,36.48499,0.36151,93,1,0.40005,0.79177,1,0.60469,0.99805,0,,0.34588,0.78168,14.46503,1.07007,1,0.68986,0.76231,11.35989,1.07643,1,
0,Games,2258,37.09277,55754776882,0.36460,0.79929,36.86304,0.22974,94,1,0.30200,0.76234,1,0.60469,0.99805,0,,0.34303,0.78104,14.68253,1.08407,1,0.68685,0.76203,12.04005,1.09043,1,
0,Games,2280,37.45441,55755904163,0.34091,0.75740,37.11084,0.34357,95,1,0.53264,0.65551,1,0.60469,0.99805,0,,0.35111,0.77768,15.57915,1.08378,1,0.69401,0.75989,11.98244,1.07203,1,
0,Games,2301,37.79926,55756979143,0.55244,0.68446,37.52014,0.27911,96,1,0.53399,0.56272,1,0.60469,0.99805,0,,0.34998,0.77601,15.46993,1.07643,1,0.69355,0.75782,12.57899,1.07643,1,
0,Games,2335,38.35797,55758720898,0.57008,0.57953,37.81598,0.54199,97,1,0.65922,0.53858,1,0.60469,0.99805,0,,0.35482,0.77315,14.45776,1.10189,1,0.69803,0.75796,11.78387,1.10189,1,
0,Games,2357,38.71924,55759847040,0.60098,0.58689,38.37421,0.34503,98,1,0.55391,0.48136,1,0.60469,0.99805,0,,0.36036,0.77120,14.54002,1.14389,1,0.70340,0.76056,11.76646,1.13752,1,
0,Games,2392,39.29437,55761639814,0.55173,0.57404,38.73566,0.55872,99,1,0.51758,0.61346,1,0.60469,0.99805,0,,0.35956,0.77319,14.73704,1.08279,1,0.70337,0.76295,11.60315,1.08279,1,
0,Games,2399,39.40924,55761997864,0.49884,0.65494,39.31091,0.09833,100,1,0.49903,0.69319,0,0.60469,0.99805,0,,0.35762,0.77330,11.97961,1.05098,0,0.70353,0.76510,11.08860,1.05098,0,
0,Games,2446,40.18127,55764404352,0.48679,0.65956,39.72137,0.45990,101,1,0.47389,0.65974,1,0.60469,0.99805,0,,0.36004,0.77388,14.87412,1.08916,1,0.70530,0.76557,12.32922,1.08916,1,
0,Games,2459,40.39490,55765070358,0.40987,0.82541,40.19788,0.19702,102,1,0.39306,0.94913,1,0.60469,0.99805,0,,0.35691,0.77911,15.52876,1.04119,1,0.70205,0.77044,11.53467,1.04119,1,
0,Games,2479,40.72363,55766095122,0.37881,0.87023,40.41138,0.31226,103,1,0.28420,0.87900,1,0.60469,0.99805,0,,0.36638,0.77074,14.69756,1.11461,1,0.71069,0.77324,11.96132,1.12098,1,
0,Games,2500,41.06836,55767169659,0.31882,0.80080,40.78912,0.27924,104,1,0.34226,0.81176,1,0.60469,0.99805,0,,0.36189,0.77466,15.18070,1.10189,1,0.70774,0.77297,11.11323,1.10825,1,
0,Games,2536,41.65973,55769013087,0.31706,0.79918,41.08496,0.57477,105,1,0.31158,0.68585,1,0.60469,0.99805,0,,0.35817,0.77274,14.62651,1.07937,1,0.70285,0.76796,12.69776,1.07300,1,
0,Games,2551,41.90619,55769781455,0.28493,0.62979,41.67609,0.23010,106,1,0.27170,0.56190,1,0.60469,0.99805,0,,0.35833,0.77287,15.44647,1.12480,1,0.70410,0.76857,12.73022,1.12480,1,
0,Games,2570,42.21844,55770754829,0.33339,0.59335,42.02112,0.19733,107,1,0.28837,0.47645,1,0.60469,0.99805,0,,0.35809,0.76649,15.01558,1.02405,1,0.70188,0.76243,14.18117,1.02944,1,
0,Games,2587,42.49756,55771624865,0.33018,0.53730,42.28400,0.21356,108,1,0.36596,0.73904,1,0.60469,0.99805,0,,0.36035,0.77838,15.41846,1.10189,1,0.70596,0.77379,12.85719,1.09552,1,
0,Games,2621,43.05609,55773365859,0.34808,0.78832,42.56323,0.49286,109,1,0.30467,0.81374,1,0.60469,0.99805,0,,0.35735,0.77795,14.88626,1.09552,1,0.70275,0.77199,12.40133,1.09552,1,
0,Games,2656,43.63123,55775158651,0.31914,0.77203,43.07233,0.55890,110,1,0.55053,0.77790,1,0.60469,0.99805,0,,0.36473,0.77428,15.27243,1.06664,1,0.70899,0.77074,13.97633,1.06664,1,
0,Games,2680,44.02533,55776387186,0.49892,0.67944,43.69672,0.32861,111,1,0.40453,0.83504,1,0.60469,0.99805,0,,0.36146,0.77734,14.99699,1.10189,1,0.70662,0.77223,12.63455,1.09552,1,
0,Games,2700,44.35370,55777410759,0.41206,0.77706,44.09106,0.26263,112,1,0.34343,0.68952,1,0.60469,0.99805,0,,0.36176,0.77444,14.59130,1.07007,1,0.70693,0.77034,12.32679,1.07007,1,
0,Games,2741,45.02747,55779510995,0.35337,0.74480,44.37042,0.65704,113,1,0.39347,0.76271,1,0.60469,0.99805,0,,0.36256,0.77379,14.40252,1.07105,1,0.71037,0.77844,12.84848,1.07643,1,
0,Games,2768,45.47107,55780893904,0.41470,0.84469,45.09308,0.37799,114,1,0.44957,0.81872,1,0.60469,0.99805,0,,0.36823,0.77727,15.20014,1.03482,1,0.71407,0.78414,13.06850,1.03482,1,
0,Games,2784,45.73383,55781712845,0.45885,0.73352,45.48730,0.24652,115,1,0.54304,0.61844,1,0.60469,0.99805,0,,0.37478,0.77382,15.10303,1.07643,1,0.72025,0.78442,12.96025,1.08280,1,
0,Games,2805,46.07867,55782787913,0.49531,0.69034,45.75006,0.32861,116,1,0.51424,0.60043,1,0.60469,0.99805,0,,0.37584,0.77122,16.06471,1.07007,1,0.72049,0.78101,13.06303,1.07007,1,
0,Games,2822,46.35803,55783658819,0.52183,0.66571,46.09521,0.26282,117,1,0.28983,0.68152,1,0.60469,0.99805,0,,0.36903,0.77110,15.82893,1.05734,1,0.71394,0.78046,13.36846,1.05734,1,
0,Games,2883,47.36121,55786785811,0.30192,0.67735,46.42383,0.93738,118,1,0.34305,0.58892,1,0.60469,0.99805,0,,0.37069,0.76997,15.91356,1.07007,1,0.71639,0.77722,13.66558,1.07007,1,
0,Games,2903,47.68866,55787806621,0.33708,0.61927,47.37659,0.31207,119,1,0.43229,0.66387,1,0.60469,0.99805,0,,0.37101,0.77112,16.43336,1.09552,1,0.71658,0.77629,14.04058,1.08916,1,
0,Games,2921,47.98419,55788727847,0.37730,0.66980,47.75427,0.22992,120,1,0.33717,0.68327,1,0.60469,0.99805,0,,0.36872,0.77104,15.66700,1.07007,1,0.71425,0.77626,13.72842,1.07007,1,
0,Games,2944,48.36243,55789906766,0.35466,0.67475,48.00067,0.36176,121,1,0.47703,0.70768,1,0.60469,0.99805,0,,0.37178,0.77542,15.65551,1.11716,1,0.71771,0.78103,13.15559,1.13116,1,
0,Games,2961,48.64148,55790776647,0.43984,0.76258,48.37842,0.26306,122,1,0.41394,0.81505,1,0.60469,0.99805,0,,0.37009,0.77710,15.71592,1.08279,1,0.71644,0.78303,13.29358,1.08279,1,
0,Games,2974,48.85492,55791442036,0.49455,0.66857,48.65778,0.19714,123,1,0.52289,0.60853,1,0.60469,0.99805,0,,0.37335,0.77300,15.96695,1.07203,1,0.71845,0.77890,13.45066,1.06566,1,
0,Games,2997,49.23279,55792619922,0.56170,0.62335,48.87128,0.36151,124,1,0.61619,0.68260,1,0.60469,0.99805,0,,0.37565,0.77568,16.10367,1.05098,1,0.72062,0.78152,13.54158,1.05098,1,
0,Games,3015,49.52850,55793541858,0.57754,0.59583,49.24927,0.27924,125,1,0.53390,0.53720,1,0.60469,0.99805,0,,0.37452,0.77357,15.20460,1.07144,1,0.71889,0.78011,12.74513,1.06605,1,
0,Games,3056,50.20203,55795641252,0.55536,0.54718,49.54492,0.65710,126,1,0.52332,0.44910,1,0.60469,0.99805,0,,0.37405,0.77078,14.57775,1.08916,1,0.71887,0.77877,11.87929,1.08916,1,
0,Games,3074,50.49780,55796563213,0.51123,0.50160,50.21838,0.27942,127,1,0.47641,0.42573,0,0.60469,0.99805,0,,0.37520,0.77062,15.00514,1.05098,0,0.71998,0.77848,12.27407,1.05098,0,
0,Games,3104,50.99152,55798102284,0.45749,0.50927,50.76050,0.23102,128,1,0.39358,0.66902,1,0.60469,0.99805,0,,0.36907,0.77296,15.75391,1.09777,1,0.71382,0.77890,13.18179,1.10316,1,
0,Games,3119,51.23676,55798866754,0.40139,0.67902,51.00714,0.22961,129,1,0.41866,0.82696,1,0.60469,0.99805,0,,0.36853,0.77853,16.55391,1.07007,1,0.71328,0.78350,13.09676,1.07007,1,
0,Games,3148,51.71338,55800352519,0.42913,0.80327,51.25342,0.45996,130,1,0.36439,0.76615,1,0.60469,0.99805,0,,0.36879,0.77859,15.98074,1.09807,1,0.71411,0.78247,12.82837,1.11207,1,
0,Games,3169,52.05823,55801427509,0.40395,0.76200,51.72992,0.32831,131,1,0.46122,0.55875,1,0.60469,0.99805,0,,0.36795,0.77197,15.35953,1.07007,1,0.71191,0.77431,12.72413,1.07007,1,
0,Games,3186,52.33777,55802298781,0.41508,0.42830,52.12402,0.21375,132,1,0.36801,0.37412,1,0.60469,0.99805,0,,0.36846,0.76743,15.24487,1.05097,1,0.71218,0.77085,13.14866,1.05097,1,
0,Games,3200,52.56763,55803015409,0.41074,0.49344,52.35425,0.21338,133,1,0.43174,0.74326,1,0.60469,0.99805,0,,0.36819,0.77743,14.90444,1.04118,1,0.71322,0.77982,12.86614,1.04755,1,
0,Games,3230,53.06042,55804551519,0.41825,0.72371,52.63324,0.42719,134,1,0.42286,0.77254,1,0.60469,0.99805,0,,0.36573,0.77779,15.85184,1.05734,1,0.71084,0.77795,13.04442,1.05734,1,
0,Games,3253,53.43829,55805729414,0.45616,0.75347,53.07690,0.36139,135,1,0.53403,0.73083,1,0.60469,0.99805,0,,0.37014,0.77850,14.73801,1.09552,1,0.71496,0.77993,12.89524,1.09552,1,
0,Games,3272,53.75049,55806702570,0.56846,0.78063,53.45459,0.29590,136,1,0.60526,0.77784,1,0.60469,0.99805,0,,0.37143,0.77953,15.91197,1.08406,1,0.71633,0.78037,13.30364,1.08406,1,
0,Games,3288,54.01324,55807521664,0.59629,0.70655,53.76678,0.24646,137,1,0.57885,0.62818,1,0.60469,0.99805,0,,0.37388,0.77644,16.13616,1.10443,1,0.71822,0.77821,12.42267,1.11079,1,
0,Games,3317,54.48975,55809007113,0.58740,0.64213,54.02972,0.46002,138,1,0.57008,0.57775,1,0.60469,0.99805,0,,0.36940,0.77621,15.33559,1.07643,1,0.71310,0.77588,12.71946,1.07006,1,
0,Games,3362,55.22888,55811311014,0.57493,0.55004,54.50604,0.72284,139,1,0.56832,0.51222,1,0.60469,0.99805,0,,0.36879,0.77423,15.85050,1.07006,1,0.71272,0.77379,12.79579,1.07643,1,
0,Games,3422,56.21436,55814382982,0.58925,0.54801,55.24524,0.96912,140,1,0.62944,0.59243,1,0.60469,0.99805,0,,0.36814,0.77522,16.90181,1.06370,1,0.71249,0.77399,13.64993,1.06370,1,
0,Games,3440,56.50995,55815304521,0.57074,0.58845,56.23096,0.27899,141,1,0.47305,0.66381,1,0.60469,0.99805,0,,0.36579,0.77768,16.65134,1.06497,1,0.71051,0.77682,13.53974,1.07897,1,
0,Games,3468,56.96997,55816738393,0.42056,0.81421,56.57599,0.39398,142,1,0.34793,0.60869,1,0.60469,0.99805,0,,0.36105,0.77655,16.10212,1.05097,1,0.70555,0.77359,13.46419,1.05097,1,
0,Games,3485,57.24921,55817608847,0.40639,0.20205,57.03571,0.21350,143,1,0.43993,0.13725,1,0.60469,0.99805,0,,0.36286,0.76526,16.11679,1.06468,1,0.70583,0.76232,13.86581,1.05929,1,
0,Games,3498,57.46295,55818275220,0.42282,0.35227,57.26599,0.19696,144,1,0.39290,0.81794,1,0.60469,0.99805,0,,0.36072,0.78353,14.93157,1.09973,1,0.70505,0.77984,13.08665,1.11911,1,
0,Games,3528,57.95557,55819810768,0.41984,0.83169,57.52856,0.42700,145,1,0.43004,0.78727,1,0.60469,0.99805,0,,0.36261,0.78115,15.04319,1.06370,1,0.70837,0.77932,12.25812,1.06370,1,
0,Games,3565,58.56372,55821706479,0.43092,0.78885,57.97223,0.59149,146,1,0.39237,0.39033,1,0.60469,0.99805,0,,0.36465,0.77445,14.68721,1.08220,1,0.70840,0.77429,12.63238,1.08759,1,
0,Games,3612,59.33569,55824112914,0.38717,0.15795,58.62946,0.70624,147,1,0.37309,0.15059,1,0.60469,0.99805,0,,0.36139,0.76691,16.34802,1.07212,1,0.70495,0.76405,13.42160,1.07848,1,
0,Games,3625,59.54950,55824779307,0.38175,0.29383,59.35205,0.19745,148,1,0.38618,0.81954,1,0.60469,0.99805,0,,0.36226,0.78474,16.43432,1.10188,1,0.70593,0.78203,12.55198,1.10824,1,
0,Games,3683,60.50208,55827748722,0.39358,0.86251,59.61505,0.88702,149,1,0.32644,0.85561,1,0.60469,0.99805,0,,0.35729,0.78532,15.15874,1.04559,1,0.70263,0.78060,12.11876,1.05733,1,
0,Games,3702,60.81409,55828721279,0.35596,0.85096,60.51843,0.29565,150,1,0.47134,0.81782,1,0.60469,0.99805,0,,0.36077,0.78581,15.74025,1.08279,1,0.70600,0.78193,12.76698,1.08279,1,
0,Games,3722,61.14270,55829745715,0.42481,0.88167,60.83081,0.31189,151,1,0.32809,0.76648,1,0.60469,0.99805,0,,0.35664,0.78513,16.02989,1.08279,1,0.70151,0.77873,13.12033,1.08279,1,
0,Games,3738,61.40570,55830565491,0.28121,0.60753,61.20856,0.19714,152,1,0.29640,0.22986,1,0.60469,0.99805,0,,0.35596,0.77076,16.00142,1.08279,1,0.69818,0.76471,13.96424,1.08279,1,
0,Games,3761,61.78467,55831746795,0.27857,0.31205,61.47119,0.31348,153,1,0.31280,0.67117,1,0.60469,0.99805,0,,0.35532,0.78399,15.44450,1.09013,1,0.69821,0.77670,13.58266,1.09013,1,
0,Games,3790,62.25995,55833228398,0.35077,0.81361,61.84906,0.41089,154,1,0.36866,0.82359,1,0.60469,0.99805,0,,0.35644,0.78736,15.73626,1.07006,1,0.70202,0.78072,12.96965,1.07006,1,
0,Games,3805,62.50604,55833995516,0.35088,0.77228,62.27618,0.22986,155,1,0.34787,0.64361,1,0.60469,0.99805,0,,0.35509,0.78469,15.60852,1.06370,1,0.69925,0.77738,13.50980,1.07006,1,
0,Games,3832,62.94977,55835378826,0.31213,0.66289,62.57233,0.37744,156,1,0.34208,0.63517,1,0.60469,0.99805,0,,0.35367,0.78547,16.41318,1.10188,1,0.69791,0.77693,13.72863,1.10188,1,
0,Games,3852,63.27826,55836402820,0.30620,0.61226,62.96631,0.31195,157,1,0.38492,0.82149,1,0.60469,0.99805,0,,0.35245,0.78815,16.14612,1.05097,1,0.69667,0.78017,13.67703,1.05097,1,
0,Games,3869,63.55756,55837273346,0.34018,0.68180,63.34393,0.21362,158,1,0.30395,0.50509,1,0.60469,0.99805,0,,0.35253,0.77981,15.99440,1.08915,1,0.69612,0.77202,13.05523,1.08915,1,
0,Games,3875,63.65601,55837580293,0.32890,0.65545,63.57391,0.08209,159,1,0.32707,0.66357,0,0.60469,0.99805,0,,0.35207,0.78201,12.09215,1.05097,0,0.69667,0.77601,10.24446,1.05097,0,
0,Games,3916,64.32965,55839680127,0.38292,0.84015,63.91901,0.41064,160,1,0.39774,0.87274,1,0.60469,0.99805,0,,0.34238,0.75260,16.18208,1.10188,1,0.68821,0.73014,13.69815,1.09552,1,
0,Games,3929,64.54333,55840346215,0.37636,0.64284,64.34589,0.19745,161,1,0.36697,0.26265,1,0.60469,0.99805,0,,0.33478,0.72682,15.66121,1.08406,1,0.67831,0.69889,13.68539,1.07642,1,
0,Games,3946,64.82251,55841216540,0.37012,0.37374,64.60889,0.21362,162,1,0.42313,0.89023,1,0.60469,0.99805,0,,0.32759,0.75050,16.03464,1.01866,1,0.67212,0.71784,11.94139,1.01866,1,
0,Games,3971,65.23419,55842499877,0.39586,0.84671,64.88812,0.34607,163,1,0.42703,0.77815,1,0.60469,0.99805,0,,0.33473,0.76063,15.88308,1.07936,1,0.68104,0.73359,13.08272,1.07936,1,
0,Games,3991,65.56165,55843520565,0.46690,0.83276,65.24951,0.31213,164,1,0.59563,0.73093,1,0.60469,0.99805,0,,0.34635,0.76155,15.64129,1.04754,1,0.69095,0.74031,13.27398,1.04118,1,
0,Games,4026,66.13678,55845313357,0.58676,0.71068,65.62738,0.50940,165,1,0.51402,0.70827,1,0.60469,0.99805,0,,0.35373,0.76495,15.63428,1.05097,1,0.69822,0.74887,13.38514,1.05097,1,
0,Games,4040,66.36676,55846030227,0.42954,0.76072,66.15302,0.21375,166,1,0.38929,0.76724,1,0.60469,0.99805,0,,0.34728,0.76849,15.85559,1.09552,1,0.69186,0.75025,13.39878,1.08915,1,
0,Games,4071,66.87585,55847617270,0.38606,0.76973,66.38300,0.49286,167,1,0.39474,0.72675,1,0.60469,0.99805,0,,0.34774,0.77117,15.65817,1.19224,1,0.69208,0.75297,13.52021,1.18461,1,
0,Games,4088,67.15527,55848488153,0.38758,0.69967,66.89221,0.26306,168,1,0.34673,0.45896,1,0.60469,0.99805,0,,0.34405,0.76664,15.07677,1.11461,1,0.68660,0.74691,13.62488,1.12861,1,
0,Games,4107,67.46729,55849460764,0.35154,0.43768,67.22076,0.24652,169,1,0.32462,0.54937,1,0.60469,0.99805,0,,0.34059,0.77489,15.84728,1.05097,1,0.68432,0.75282,13.89951,1.05097,1,
0,Games,4124,67.74652,55850331272,0.35637,0.66685,67.53302,0.21350,170,1,0.43912,0.81518,1,0.60469,0.99805,0,,0.34531,0.78356,16.10768,1.07006,1,0.68944,0.76320,13.57391,1.07006,1,
0,Games,4152,68.20648,55851765078,0.39934,0.75864,67.76306,0.44342,171,1,0.36476,0.68133,1,0.60469,0.99805,0,,0.34882,0.77918,15.37978,1.23806,1,0.69275,0.76242,12.74715,1.23806,1,
0,Games,4170,68.50238,55852687370,0.36757,0.65553,68.22272,0.27966,172,1,0.36052,0.61785,1,0.60469,0.99805,0,,0.34629,0.77798,14.92527,1.05097,1,0.69066,0.76076,12.90995,1.05097,1,
0,Games,4184,68.73212,55853403566,0.45919,0.64305,68.51874,0.21338,173,1,0.53574,0.71513,1,0.60469,0.99805,0,,0.34885,0.78150,15.87646,1.03482,1,0.69263,0.76322,12.84303,1.03482,1,
0,Games,4206,69.09351,55854530141,0.56305,0.71222,68.74866,0.34485,174,1,0.62215,0.75792,1,0.60469,0.99805,0,,0.34629,0.78333,15.78359,1.08915,1,0.69020,0.76290,13.44966,1.08915,1,
0,Games,4224,69.38916,55855451650,0.56826,0.71179,69.10986,0.27930,175,1,0.31754,0.47095,1,0.60469,0.99805,0,,0.34051,0.77709,15.06399,1.14770,1,0.68330,0.75675,13.30893,1.14770,1,
0,Games,4248,69.78363,55856681290,0.32427,0.54426,69.45496,0.32867,176,1,0.44391,0.70671,1,0.60469,0.99805,0,,0.34316,0.78203,14.99184,1.10824,1,0.68663,0.76181,12.40792,1.10188,1,
0,Games,4268,70.11224,55857705709,0.36241,0.64827,69.84937,0.26288,177,1,0.34502,0.53551,1,0.60469,0.99805,0,,0.34199,0.78001,15.18766,1.17951,1,0.68599,0.76095,11.63145,1.18588,1,
0,Games,4291,70.48993,55858883129,0.36347,0.59393,70.12872,0.36121,178,1,0.32783,0.41345,1,0.60469,0.99805,0,,0.34465,0.77605,14.15194,1.06663,1,0.68775,0.75931,12.81632,1.06027,1,
0,Games,4307,70.75299,55859703023,0.33958,0.26778,70.55573,0.19727,179,1,0.36032,0.18519,1,0.60469,0.99805,0,,0.34760,0.77273,15.09024,1.06370,1,0.68974,0.75740,13.64004,1.06370,1,
0,Games,4332,71.16345,55860982604,0.33938,0.21365,70.76904,0.39441,180,1,0.43009,0.53038,1,0.60469,0.99805,0,,0.34905,0.78588,16.06169,1.07838,1,0.69101,0.76852,12.47181,1.07838,1,
0,Games,4359,71.60706,55862365454,0.49141,0.69628,71.22955,0.37750,181,1,0.53402,0.77603,1,0.60469,0.99805,0,,0.35370,0.79007,15.52699,1.05733,1,0.69768,0.77603,13.26284,1.06370,1,
0,Games,4374,71.85345,55863133467,0.52784,0.66931,71.62317,0.23029,182,1,0.51054,0.32512,1,0.60469,0.99805,0,,0.35593,0.77640,16.19402,1.08758,1,0.69790,0.76469,14.08646,1.06820,1,
0,Games,4390,72.11639,55863953112,0.43243,0.21945,71.91925,0.19714,183,1,0.41957,0.11510,1,0.60469,0.99805,0,,0.35173,0.77119,16.46769,1.07006,1,0.69374,0.75854,13.88243,1.07006,1,
0,Games,4405,72.36273,55864720924,0.42841,0.21170,72.13257,0.23016,184,1,0.66547,0.63030,1,0.60469,0.99805,0,,0.35758,0.78134,17.16318,1.05097,1,0.69816,0.76709,13.48865,1.05097,1,
0,Games,4435,72.85547,55866256932,0.57661,0.67413,72.42834,0.42712,185,1,0.58709,0.76985,1,0.60469,0.99805,0,,0.35049,0.78343,14.17747,1.12479,1,0.69483,0.76859,11.23445,1.11842,1,
0,Games,4481,73.61121,55868612686,0.59721,0.65352,73.26605,0.34515,186,1,0.54020,0.77072,1,0.60469,0.99805,0,,0.35627,0.78318,16.20199,1.06370,1,0.69983,0.76915,13.07899,1.05733,1,
0,Games,4512,74.12073,55870200955,0.58256,0.67067,73.62744,0.49329,187,1,0.51120,0.63070,1,0.60469,0.99805,0,,0.35244,0.78209,14.96710,1.10824,1,0.69612,0.76786,12.79414,1.10824,1,
0,Games,4527,74.36676,55870968060,0.44722,0.60658,74.13684,0.22992,188,1,0.38128,0.56400,1,0.60469,0.99805,0,,0.35353,0.77894,15.11035,1.08915,1,0.69763,0.76713,13.10659,1.08915,1,
0,Games,4545,74.66241,55871889653,0.37383,0.55750,74.38318,0.27924,189,1,0.34688,0.50389,1,0.60469,0.99805,0,,0.36082,0.77571,15.01172,1.07006,1,0.70439,0.76882,13.70003,1.07006,1,
0,Games,4561,74.92560,55872710063,0.39907,0.53392,74.67896,0.24664,190,1,0.52186,0.63926,1,0.60469,0.99805,0,,0.36789,0.78084,16.04046,1.08279,1,0.71191,0.77542,12.98269,1.08279,1,
0,Games,4583,75.28668,55873835486,0.52025,0.61573,74.99121,0.29547,191,1,0.49675,0.63324,1,0.60469,0.99805,0,,0.36514,0.78375,16.99194,1.07642,1,0.71014,0.77791,13.43905,1.08279,1,
0,Games,4603,75.61542,55874860328,0.53249,0.28875,75.35242,0.26300,192,1,0.60662,0.46921,1,0.60469,0.99805,0,,0.37180,0.77796,16.61168,1.06370,1,0.71514,0.77594,13.83687,1.05733,1,
0,Games,4626,75.99316,55876037880,0.58267,0.52973,75.68091,0.31226,193,1,0.54485,0.63624,1,0.60469,0.99805,0,,0.37351,0.77986,17.33697,1.03482,1,0.71860,0.78070,14.11214,1.03482,1,
0,Games,4647,76.33820,55877113304,0.54824,0.57767,76.00952,0.32867,194,1,0.52792,0.40061,1,0.60469,0.99805,0,,0.37293,0.77311,15.55581,1.05097,1,0.71665,0.77432,13.05488,1.05097,1,
0,Games,4665,76.63489,55878038287,0.57325,0.30291,76.40381,0.23108,195,1,0.55954,0.17877,1,0.60469,0.99805,0,,0.37286,0.76860,15.83098,1.07642,1,0.71611,0.76915,12.67826,1.08279,1,
0,Games,4679,76.86377,55878751711,0.54863,0.38297,76.65045,0.21332,196,1,0.51551,0.70753,1,0.60469,0.99805,0,,0.36845,0.78138,15.23474,1.04558,1,0.71256,0.77985,12.70451,1.04558,1,
0,Games,4703,77.25806,55879980778,0.51468,0.72012,76.92957,0.32849,197,1,0.43413,0.61515,1,0.60469,0.99805,0,,0.36890,0.77838,16.54688,1.08377,1,0.71330,0.77622,12.83875,1.08915,1,
0,Games,4720,77.53729,55880851307,0.47877,0.64883,77.32367,0.21362,198,1,0.46619,0.64916,1,0.60469,0.99805,0,,0.36914,0.77785,16.22012,1.04020,1,0.71341,0.77569,12.46891,1.04558,1,
0,Games,4757,78.14502,55882745592,0.45203,0.62422,77.55432,0.59070,199,1,0.46269,0.66545,0,0.60469,0.99805,0,,0.36790,0.77962,15.13082,1.07300,0,0.71353,0.77759,12.43833,1.07936,0,
0,Games,4804,78.91711,55885152475,0.47409,0.71811,78.45728,0.45984,200,1,0.46001,0.59478,1,0.60469,0.99805,0,,0.37162,0.78109,15.20343,1.08279,1,0.71741,0.78047,12.71426,1.08279,1,
0,Games,4852,79.70563,55887610395,0.49519,0.65844,78.93365,0.77197,201,1,0.43523,0.59917,1,0.60469,0.99805,0,,0.37133,0.78302,15.14467,1.06370,1,0.71715,0.78353,12.43355,1.05733,1,
0,Games,4876,80.10004,55888839768,0.45755,0.68809,79.72217,0.37787,202,1,0.46229,0.70978,1,0.60469,0.99805,0,,0.37048,0.78301,15.31434,1.06663,1,0.71679,0.78357,13.27531,1.06663,1,
0,Games,4899,80.47760,55890016844,0.46696,0.67142,80.11804,0.35956,203,1,0.47749,0.45156,1,0.60469,0.99805,0,,0.37324,0.77425,15.06192,1.07006,1,0.71847,0.77680,13.40050,1.07006,1,
0,Games,4932,81.02008,55891707778,0.46738,0.46469,80.54480,0.47528,204,1,0.47480,0.67313,1,0.60469,0.99805,0,,0.37028,0.78317,16.18066,1.05097,1,0.71551,0.78292,13.37344,1.05097,1,
0,Games,4964,81.54547,55893345630,0.48295,0.70802,81.08551,0.45996,205,1,0.45205,0.62123,1,0.60469,0.99805,0,,0.36898,0.78121,16.06691,1.05195,1,0.71482,0.77988,13.39759,1.05733,1,
0,Games,4987,81.92334,55894523538,0.45881,0.64562,81.56189,0.36145,206,1,0.45704,0.66269,1,0.60469,0.99805,0,,0.36768,0.78039,15.84071,1.00789,1,0.71313,0.77846,12.31732,1.01328,1,
0,Games,5002,82.17017,55895292893,0.44709,0.57880,81.93994,0.23022,207,1,0.45944,0.39207,1,0.60469,0.99805,0,,0.36905,0.77403,15.51752,1.07006,1,0.71355,0.77397,14.62134,1.07006,1,
0,Games,5025,82.54791,55896470374,0.45072,0.48003,82.18628,0.36163,208,1,0.44969,0.55980,1,0.60469,0.99805,0,,0.36920,0.77849,15.91545,1.08915,1,0.71470,0.77775,13.19808,1.08915,1,
0,Games,5056,83.05713,55898057805,0.43718,0.51360,82.56396,0.49316,209,1,0.42703,0.38696,1,0.60469,0.99805,0,,0.36774,0.77739,16.14394,1.11842,1,0.71303,0.77584,13.25425,1.12479,1,
0,Games,5070,83.28699,55898774230,0.50699,0.51888,83.07324,0.21375,210,1,0.54525,0.60854,1,0.60469,0.99805,0,,0.37220,0.78001,16.15443,1.05097,1,0.71735,0.77901,13.79725,1.05097,1,
0,Games,5092,83.64862,55899901483,0.56043,0.56646,83.30322,0.34540,211,1,0.48918,0.56468,1,0.60469,0.99805,0,,0.37101,0.78000,16.27808,1.07006,1,0.71586,0.77841,13.14656,1.07006,1,
0,Games,5117,84.05896,55901180691,0.51607,0.56546,83.66473,0.39423,212,1,0.50263,0.50874,1,0.60469,0.99805,0,,0.37026,0.77839,15.67292,1.05733,1,0.71539,0.77720,13.16821,1.05733,1,
0,Games,5153,84.65070,55903025232,0.50518,0.48698,84.07532,0.57538,213,1,0.46500,0.56839,1,0.60469,0.99805,0,,0.36925,0.77803,15.80399,1.08279,1,0.71456,0.77684,13.14210,1.07642,1,
0,Games,5185,85.17719,55904666504,0.47312,0.51440,84.66699,0.51019,214,1,0.45392,0.50085,1,0.60469,0.99805,0,,0.36712,0.77744,14.75556,1.08279,1,0.71257,0.77509,12.99309,1.08915,1,
0,Games,5209,85.57019,55905891523,0.41207,0.45892,85.24176,0.32843,215,1,0.39167,0.41021,1,0.60469,0.99805,0,,0.36555,0.77514,14.33171,1.07006,1,0.71055,0.77326,13.43683,1.07006,1,
0,Games,5224,85.81659,55906659490,0.38479,0.33665,85.58716,0.22943,216,1,0.39153,0.23447,1,0.60469,0.99805,0,,0.36822,0.77153,15.77796,1.05097,1,0.71252,0.77028,13.44009,1.05097,1,
0,Games,5239,86.06415,55907431318,0.36288,0.33116,85.83313,0.23102,217,1,0.30220,0.44178,1,0.60469,0.99805,0,,0.36369,0.77764,14.41250,1.06663,1,0.70792,0.77486,13.11887,1.06027,1,
0,Games,5259,86.39343,55908457799,0.33286,0.39132,86.07947,0.31396,218,1,0.37695,0.26298,1,0.60469,0.99805,0,,0.36775,0.77060,16.05945,1.06370,1,0.71123,0.76885,14.12308,1.06370,1,
0,Games,5278,86.70380,55909425194,0.40820,0.20940,86.45721,0.24658,219,1,0.39931,0.30055,1,0.60469,0.99805,0,,0.36464,0.77252,14.90893,1.01866,1,0.70869,0.77026,13.16918,1.01866,1,
0,Games,5303,87.11432,55910704804,0.34330,0.29354,86.76959,0.34473,220,1,0.39407,0.42277,1,0.60469,0.99805,0,,0.36587,0.77746,14.22332,1.07740,1,0.71015,0.77564,13.47516,1.08915,1,
0,Games,5327,87.50897,55911935128,0.41391,0.46231,87.18030,0.32867,221,1,0.46843,0.52634,1,0.60469,0.99805,0,,0.36497,0.78042,15.34116,1.04558,1,0.70936,0.77698,12.91632,1.05097,1,
0,Games,5341,87.73871,55912651221,0.54956,0.54368,87.52527,0.21344,222,1,0.64168,0.59234,1,0.60469,0.99805,0,,0.37121,0.78238,15.35483,1.05929,1,0.71519,0.78003,12.96386,1.05390,1,
0,Games,5362,88.08380,55913727020,0.59098,0.53100,87.75507,0.32874,223,1,0.53061,0.52650,1,0.60469,0.99805,0,,0.37367,0.78063,15.08544,1.05097,1,0.71719,0.77926,12.55557,1.05097,1,
0,Games,5376,88.31354,55914443125,0.54088,0.37859,88.10004,0.21350,224,1,0.50630,0.20056,1,0.60469,0.99805,0,,0.37719,0.77168,15.24615,1.03775,1,0.71948,0.77430,13.17104,1.04411,1,
0,Games,5394,88.60944,55915365459,0.55546,0.18003,88.37927,0.23016,225,1,0.60898,0.24049,1,0.60469,0.99805,0,,0.37666,0.77267,15.23372,1.07642,1,0.71992,0.77490,12.48427,1.07642,1,
0,Games,5411,88.88855,55916235533,0.57852,0.28866,88.62592,0.26263,226,1,0.55479,0.42744,1,0.60469,0.99805,0,,0.37961,0.77188,15.04220,1.07104,1,0.72302,0.77773,13.22874,1.06467,1,
0,Games,5433,89.24994,55917361979,0.51549,0.48396,88.95428,0.29565,227,1,0.47991,0.52220,1,0.60469,0.99805,0,,0.38107,0.77582,16.88635,1.05097,1,0.72487,0.78322,13.30583,1.05097,1,
0,Games,5454,89.59491,55918437401,0.48791,0.51124,89.26630,0.32861,228,1,0.58534,0.48208,1,0.60469,0.99805,0,,0.38441,0.77325,16.51777,1.08915,1,0.72786,0.78245,12.82155,1.09551,1,
0,Games,5485,90.10443,55920025651,0.57699,0.46141,89.61139,0.49304,229,1,0.59252,0.50190,1,0.60469,0.99805,0,,0.38312,0.77279,15.19193,1.11460,1,0.72681,0.78088,12.80870,1.10824,1,
0,Games,5500,90.35095,55920794080,0.53027,0.49285,90.12054,0.23041,230,1,0.44688,0.49428,1,0.60469,0.99805,0,,0.38223,0.77047,14.79356,1.04020,1,0.72566,0.78009,12.73855,1.04558,1,
0,Games,5507,90.46576,55921152107,0.45791,0.50515,90.36719,0.09857,231,1,0.44433,0.49281,0,0.60469,0.99805,0,,0.38316,0.76980,13.19722,1.06761,0,0.72755,0.78098,12.28416,1.07397,0,
0,Games,5558,91.30341,55923763156,0.46723,0.48645,90.72839,0.57501,232,1,0.48904,0.45466,1,0.60469,0.99805,0,,0.38579,0.76952,14.80409,1.10667,1,0.72993,0.78016,11.48307,1.11206,1,
0,Games,5588,91.79614,55925299072,0.49855,0.45492,91.31976,0.47638,233,1,0.43280,0.47033,1,0.60469,0.99805,0,,0.38136,0.77091,13.94446,1.02943,1,0.72461,0.77848,11.82345,1.02943,1,
0,Games,5608,92.12476,55926323510,0.45705,0.47898,91.81262,0.31213,234,1,0.51308,0.40853,1,0.60469,0.99805,0,,0.38190,0.77091,13.84190,1.08278,1,0.72607,0.77840,12.41636,1.08278,1,
0,Games,5626,92.42065,55927245849,0.41974,0.41692,92.14148,0.27917,235,1,0.44181,0.37307,1,0.60469,0.99805,0,,0.37842,0.77087,14.21237,1.10569,1,0.72248,0.77743,12.89522,1.11206,1,
0,Games,5643,92.69965,55928115480,0.44776,0.42755,92.43689,0.26276,236,1,0.44399,0.46430,1,0.60469,0.99805,0,,0.37969,0.77285,14.17913,1.05831,1,0.72398,0.77939,12.80786,1.05292,1,
0,Games,5671,93.15991,55929550208,0.49374,0.44761,92.71600,0.44391,237,1,0.45263,0.37783,1,0.60469,0.99805,0,,0.37753,0.77402,14.93014,1.06369,1,0.72133,0.77949,12.80541,1.05733,1,
0,Games,5752,94.49054,55933698063,0.44089,0.41648,93.17627,1.31427,238,1,0.43824,0.38270,1,0.60469,0.99805,0,,0.36985,0.77584,15.41178,1.08278,1,0.71387,0.77716,13.59269,1.07642,1,
0,Games,5907,97.03662,55941634756,0.45717,0.39624,94.50677,2.52985,239,1,0.42696,0.38249,1,0.60469,0.99805,0,,0.36604,0.77736,15.69174,1.08278,1,0.71023,0.77413,13.73274,1.08278,1,
0,Games,5925,97.33221,55942556249,0.50446,0.38011,97.05298,0.27924,240,1,0.53967,0.37616,1,0.60469,0.99805,0,,0.36659,0.77763,16.04539,1.07299,1,0.71051,0.77452,13.05184,1.06663,1,
0,Games,5956,97.84198,55944145260,0.55582,0.37724,97.34888,0.49310,241,1,0.54628,0.36537,1,0.60469,0.99805,0,,0.36592,0.77863,14.89413,1.06369,1,0.70986,0.77571,12.21223,1.06369,1,
0,Games,5999,98.54810,55946346415,0.56222,0.38566,97.85809,0.69000,242,1,0.56656,0.37871,1,0.60469,0.99805,0,,0.36710,0.78154,16.21857,1.09551,1,0.71114,0.77772,13.03066,1.09551,1,
0,Games,6038,99.18860,55948342964,0.55308,0.37415,98.56433,0.62427,243,1,0.45454,0.32743,1,0.60469,0.99805,0,,0.36167,0.77949,16.38343,1.05733,1,0.70495,0.77422,14.02269,1.05097,1,
0,Games,6071,99.73083,55950033256,0.45684,0.31689,99.20508,0.52576,244,1,0.57284,0.26417,1,0.60469,0.99805,0,,0.36207,0.77981,15.71035,1.08915,1,0.70528,0.77422,13.21353,1.08915,1,
0,Games,6113,100.42053,55952183305,0.54255,0.34652,99.74707,0.67346,245,1,0.53051,0.39988,1,0.60469,0.99805,0,,0.36176,0.77886,16.43517,1.01327,1,0.70516,0.77265,14.03100,1.01327,1,
0,Games,6129,100.68347,55953002765,0.51976,0.34618,100.43866,0.24481,246,1,0.48125,0.28134,1,0.60469,0.99805,0,,0.35220,0.78022,16.77514,1.07299,1,0.69532,0.76896,14.46297,1.08474,1,
0,Games,6160,101.19269,55954590169,0.47519,0.30088,100.69983,0.49286,247,1,0.33147,0.34331,1,0.60469,0.99805,0,,0.34970,0.78101,16.94724,1.09551,1,0.69246,0.76835,13.33321,1.10188,1,
0,Games,6252,102.70392,55959300967,0.34147,0.35198,101.25842,1.44550,248,1,0.33500,0.25557,1,0.60469,0.99805,0,,0.35186,0.77783,16.09145,1.10285,1,0.69623,0.76150,14.46930,1.09111,1,
0,Games,6305,103.57477,55962015684,0.37242,0.33120,102.72040,0.85437,249,1,0.44354,0.33008,1,0.60469,0.99805,0,,0.34618,0.78765,16.68645,1.02502,1,0.69040,0.76504,14.79510,1.02502,1,
0,Games,6334,104.05133,55963501161,0.46627,0.31599,103.59119,0.46014,250,1,0.51254,0.27247,1,0.60469,0.99805,0,,0.35477,0.78285,17.02157,1.05292,1,0.69800,0.76412,14.59071,1.04754,1,
0,Games,6365,104.56055,55965088487,0.53126,0.25029,104.06757,0.49298,251,1,0.55469,0.21163,1,0.60469,0.99805,0,,0.35824,0.77882,16.82981,1.09013,1,0.70175,0.76392,15.05134,1.09551,1,
0,Games,6387,104.92206,55966215423,0.52615,0.23157,104.57666,0.34540,252,1,0.51057,0.18002,1,0.60469,0.99805,0,,0.36529,0.77387,16.84726,1.10569,1,0.70878,0.76445,14.81182,1.10569,1,
0,Games,6400,105.13544,55966880569,0.55677,0.18245,104.93835,0.19708,253,1,0.79650,-0.28616,0,0.60469,0.99805,0,,0.37212,0.76921,11.30294,1.05096,0,0.70723,0.75991,13.94062,1.05096,0,
0,Games,6446,105.89087,55969235474,0.47291,0.23846,105.34888,0.54199,254,1,0.45392,0.21359,1,0.60469,0.99805,0,,0.36007,0.77418,16.26770,1.02943,1,0.70421,0.76230,13.76434,1.02943,1,
0,Games,6483,106.49878,55971130381,0.46589,0.18563,105.90741,0.59137,255,1,0.45602,0.21919,1,0.60469,0.99805,0,,0.36521,0.77351,16.15081,1.07006,1,0.70975,0.76552,14.71724,1.07006,1,
0,Games,6508,106.90948,55972410708,0.44815,0.21770,106.51538,0.39410,256,1,0.48205,0.24229,1,0.60469,0.99805,0,,0.37120,0.76907,17.31818,1.03481,1,0.71674,0.76473,15.74292,1.03481,1,
0,Games,6555,107.68152,55974817227,0.44019,0.25002,106.92639,0.75513,257,1,0.45786,0.23230,1,0.60469,0.99805,0,,0.36773,0.77196,17.15380,1.01425,1,0.71264,0.76571,15.53271,1.02061,1,
0,Games,6583,108.14166,55976251624,0.44887,0.18938,107.69788,0.44379,258,1,0.42851,0.18946,1,0.60469,0.99805,0,,0.35976,0.77470,17.07260,1.05096,1,0.70466,0.76469,15.59114,1.05096,1,
0,Games,6618,108.71661,55978043900,0.43678,0.18621,108.15802,0.55859,259,1,0.45652,0.21970,1,0.60469,0.99805,0,,0.35422,0.77543,17.47827,1.07006,1,0.69824,0.76172,15.39972,1.07006,1,
0,Games,6635,108.99573,55978913952,0.41402,0.22777,108.73303,0.26270,260,1,0.37031,0.23559,1,0.60469,0.99805,0,,0.34989,0.77495,16.95385,1.03579,1,0.69364,0.75920,15.55823,1.04754,1,
0,Games,6673,109.61987,55980859560,0.37428,0.20160,109.01239,0.60748,261,1,0.37055,0.26170,1,0.60469,0.99805,0,,0.34878,0.77505,16.91144,1.01866,1,0.69217,0.75737,15.59814,1.01866,1,
0,Games,6691,109.91589,55981782233,0.35323,0.26572,109.63647,0.27942,262,1,0.28679,0.33630,1,0.60469,0.99805,0,,0.34266,0.78126,16.76729,1.05096,1,0.68579,0.76050,15.65340,1.05096,1,
0,Games,6722,110.42487,55983368819,0.28662,0.34579,109.93213,0.49274,263,1,0.26239,0.39511,1,0.60469,0.99805,0,,0.34184,0.78350,16.93919,1.09551,1,0.68535,0.76240,15.50432,1.09551,1,
0,Games,6744,110.78638,55984495762,0.31104,0.44461,110.44189,0.34448,264,1,0.29964,0.50079,1,0.60469,0.99805,0,,0.34408,0.78307,16.64296,1.08278,1,0.68772,0.76373,15.26076,1.08278,1,
0,Games,6775,111.29559,55986083117,0.29297,0.46309,110.80261,0.49298,265,1,0.31019,0.53137,1,0.60469,0.99805,0,,0.34422,0.78517,15.83315,1.02404,1,0.68752,0.76558,14.78585,1.02943,1,
0,Games,6789,111.52557,55986800039,0.33505,0.39263,111.31195,0.21362,266,1,0.36462,0.31176,1,0.60469,0.99805,0,,0.34320,0.78073,16.76970,1.04313,1,0.68500,0.75994,15.99508,1.04852,1,
0,Games,6816,111.96906,55988182494,0.34808,0.23742,111.59137,0.37769,267,1,0.30510,0.39058,1,0.60469,0.99805,0,,0.33783,0.78540,16.85932,1.04754,1,0.67932,0.76197,15.06977,1.04754,1,
0,Games,6846,112.46198,55989718997,0.34027,0.51685,112.03497,0.42700,268,1,0.41966,0.56275,1,0.60469,0.99805,0,,0.33524,0.79067,17.13307,1.10481,1,0.67803,0.76367,13.99418,1.09845,1,
0,Games,6865,112.77405,55990691857,0.38626,0.57604,112.47833,0.29572,269,1,0.29236,0.64388,1,0.60469,0.99805,0,,0.34057,0.79033,15.86234,1.13369,1,0.68368,0.76805,13.28284,1.12606,1,
0,Games,6906,113.44769,55992791730,0.30725,0.68780,112.79047,0.65723,270,1,0.28416,0.71361,1,0.60469,0.99805,0,,0.34312,0.79076,14.91312,1.09551,1,0.68596,0.76947,12.32734,1.10187,1,
0,Games,6939,113.98969,55994481240,0.32365,0.72796,113.46411,0.52557,271,1,0.31134,0.50614,1,0.60469,0.99805,0,,0.34209,0.78626,15.17999,1.08915,1,0.68439,0.76430,13.35457,1.08915,1,
0,Games,6955,114.25244,55995300218,0.31598,0.43011,114.05530,0.19714,272,1,0.28271,0.21626,1,0.60469,0.99805,0,,0.34038,0.77864,15.59147,1.07838,1,0.68104,0.75718,14.67262,1.07299,1,
0,Games,6974,114.56470,55996273635,0.31140,0.23066,114.31818,0.24652,273,1,0.50336,0.42759,1,0.60469,0.99805,0,,0.34584,0.78781,15.98677,1.11460,1,0.68685,0.76585,14.21526,1.12096,1,
0,Games,7010,115.15594,55998116650,0.59173,0.57845,114.63019,0.52576,274,1,0.49959,0.64312,1,0.60469,0.99805,0,,0.34237,0.79199,16.14775,1.11343,1,0.68469,0.76863,13.63355,1.11979,1,
0,Games,7032,115.51740,55999243438,0.33596,0.70773,115.22168,0.29572,275,1,0.44022,1.05014,1,0.60469,0.99805,0,,0.33728,0.79243,8.35406,1.07642,1,0.68046,0.76766,13.81958,1.08278,0,
0,Games,7081,116.32257,56001753225,0.32654,0.69713,115.82971,0.49286,276,1,0.30146,0.61228,1,0.60469,0.99805,0,,0.34103,0.78891,15.89880,1.11460,1,0.68389,0.76517,12.73185,1.12097,1,
0,Games,7096,116.56891,56002521232,0.33887,0.74042,116.33881,0.23010,277,1,0.32687,0.76337,1,0.60469,0.99805,0,,0.34227,0.79180,15.67943,1.11460,1,0.68539,0.76950,13.53575,1.10824,1,
0,Games,7110,116.79889,56003238173,0.41677,0.68555,116.58533,0.21356,278,1,0.44761,0.65110,1,0.60469,0.99805,0,,0.34510,0.78714,14.97268,1.07006,1,0.68780,0.76537,12.42232,1.06369,1,
0,Games,7143,117.34088,56004927657,0.52355,0.57814,116.86456,0.47632,279,1,0.51257,0.55103,1,0.60469,0.99805,0,,0.34469,0.78785,14.77323,1.07006,1,0.68791,0.76584,12.35769,1.07006,1,
0,Games,7162,117.65314,56005901053,0.86099,0.37411,117.40698,0.24615,280,1,0.92303,0.33828,1,0.60469,0.99805,0,,0.35939,0.78518,15.76714,1.05586,1,0.70023,0.76487,13.61161,1.06761,1,
0,Games,7176,117.88306,56006617623,0.93130,0.49652,117.66943,0.21362,281,1,0.91368,0.58956,1,0.60469,0.99805,0,,0.36313,0.78914,15.57731,1.09208,1,0.70417,0.77115,13.82127,1.08572,1,
0,Games,7190,118.11292,56007334164,0.81894,0.58476,117.89929,0.21362,282,1,0.52233,0.56507,1,0.60469,0.99805,0,,0.35281,0.78885,15.60541,1.05488,1,0.69402,0.76957,13.44171,1.05488,1,
0,Games,7210,118.44183,56008359418,0.51635,0.52620,118.17969,0.26215,283,1,0.53269,0.44594,1,0.60469,0.99805,0,,0.34837,0.78820,15.42087,1.15024,1,0.69057,0.76623,12.48173,1.15024,1,
0,Games,7235,118.85217,56009638561,0.44026,0.63712,118.50726,0.34491,284,1,0.27394,0.72095,1,0.60469,0.99805,0,,0.35005,0.79027,15.33796,1.09551,1,0.69263,0.77225,12.83109,1.08915,1,
0,Games,7257,119.21350,56010764981,0.35336,0.69463,118.91803,0.29547,285,1,0.45534,0.50037,1,0.60469,0.99805,0,,0.35260,0.78270,14.28746,1.07006,1,0.69436,0.76550,11.69318,1.07006,1,
0,Games,7277,119.54211,56011789395,0.48516,0.46943,119.27936,0.26276,286,1,0.59648,0.49132,1,0.60469,0.99805,0,,0.35620,0.78250,14.94742,1.09551,1,0.69861,0.76533,12.39188,1.10187,1,
0,Games,7300,119.92017,56012967790,0.53988,0.49319,119.55975,0.36041,287,1,0.47955,0.40649,1,0.60469,0.99805,0,,0.35241,0.78180,14.96003,1.09551,1,0.69467,0.76317,12.44873,1.10187,1,
0,Games,7309,120.06787,56013428291,0.47198,0.42656,119.93652,0.13135,288,1,0.47253,0.27768,0,0.60469,0.99805,0,,0.35238,0.78072,10.28090,1.04020,0,0.69434,0.75746,6.80768,1.04020,0,
0,Games,7351,120.75769,56015578598,0.38089,0.66769,120.37988,0.37781,289,1,0.28473,0.77955,1,0.60469,0.99805,0,,0.34696,0.79089,15.83134,1.07006,1,0.69010,0.77091,12.96173,1.07006,1,
0,Games,7374,121.13562,56016756640,0.30154,0.71848,120.77435,0.36127,290,1,0.35440,0.59283,1,0.60469,0.99805,0,,0.35047,0.78795,15.16431,1.08915,1,0.69288,0.76969,11.30864,1.08915,1,
0,Games,7390,121.39856,56017576169,0.37869,0.63328,121.15198,0.24658,291,1,0.41591,0.53062,1,0.60469,0.99805,0,,0.34853,0.79023,14.98769,1.06281,1,0.69150,0.77041,11.65282,1.07681,1,
0,Games,7403,121.61200,56018241604,0.37041,0.42858,121.41473,0.19727,292,1,0.35430,0.37193,1,0.60469,0.99805,0,,0.34768,0.78309,15.32283,1.06124,1,0.68957,0.76355,12.60164,1.07299,1,
0,Games,7418,121.85895,56019011321,0.36169,0.40424,121.62836,0.23059,293,1,0.40028,0.58608,1,0.60469,0.99805,0,,0.34915,0.78859,15.67443,1.08278,1,0.69181,0.76872,12.67648,1.07642,1,
0,Games,7453,122.43353,56020802534,0.39062,0.55565,121.92426,0.50928,294,1,0.42006,0.50174,1,0.60469,0.99805,0,,0.34732,0.78670,16.16695,1.11460,1,0.69051,0.76661,12.87218,1.12097,1,
0,Games,7486,122.97565,56022492470,0.32114,0.72357,122.49933,0.47632,295,1,0.60747,0.64341,1,0.60469,0.99805,0,,0.35159,0.78983,16.71365,1.05096,1,0.69334,0.76896,13.26672,1.05096,1,
0,Games,7516,123.46820,56024027830,0.57768,0.57718,123.04150,0.42670,296,1,0.49767,0.71216,1,0.60469,0.99805,0,,0.34889,0.78768,16.46101,1.08278,1,0.69125,0.76509,13.83321,1.07642,1,
0,Games,7555,124.10901,56026025232,0.29846,0.96652,123.53400,0.57501,297,1,0.33403,1.02951,1,0.54141,0.99902,0,,0.29690,0.79426,17.65022,1.09551,1,0.63783,0.70623,14.85891,1.09551,1,
0,Games,7605,124.93030,56028585517,0.30523,0.98530,124.12549,0.80481,298,1,0.29924,0.89609,1,0.31172,0.99902,0,,0.29515,0.81404,19.23230,1.07642,1,0.63796,0.72619,16.38726,1.07642,1,
0,Games,7641,125.52173,56030428997,0.46243,0.04837,125.04553,0.47620,299,1,0.52897,0.01774,1,0.55234,0.02051,0,,0.31505,0.77413,17.37544,1.07838,1,0.65466,0.70320,15.25968,1.07838,1,
0,Games,7660,125.83374,56031401580,0.51644,0.02164,125.53821,0.29553,300,1,0.54006,0.00558,1,0.51875,0.05859,0,,0.32732,0.77209,17.21706,1.06027,1,0.66769,0.70567,14.94074,1.06027,1,